기준년도,학교명,졸업자,취업률
2010,가야대학교,43,64.1
2010,가야대학교 _제2캠퍼스,521,53.7
2010,가천대학교,1846,53.9
2010,가천의과학대학교,751,61.5
2010,가톨릭관동대학교,1613,41.5
2010,가톨릭꽃동네대학교,155,57.3
2010,가톨릭대학교,1502,48.1
2010,가톨릭대학교 _제2캠퍼스,182,67.2
2010,가톨릭대학교 _제3캠퍼스,46,5.9
2010,감리교신학대학교,196,8.4
2010,강남대학교,1549,48.0
2010,강서대학교,291,46.9
2010,강원대학교,2847,54.9
2010,강원대학교 _제2캠퍼스,932,54.6
2010,건국대학교,2950,61.2
2010,건국대학교(글로컬) _분교,1705,47.9
2010,건동대학교,57,74.0
2010,건양대학교,1382,69.5
2010,건양대학교 _제2캠퍼스,293,87.9
2010,경기대학교,2487,51.1
2010,경기대학교 _제2캠퍼스,464,56.0
2010,경남대학교,2967,44.5
2010,경동대학교,481,55.1
2010,경북대학교,4061,52.8
2010,경북대학교 _제2캠퍼스,1191,57.2
2010,경북외국어대학교,129,52.1
2010,경상국립대학교,3051,48.1
2010,경성대학교,2631,49.7
2010,경운대학교(산업대),998,63.0
2010,경인교육대학교,520,60.3
2010,경인교육대학교 _제2캠퍼스,462,66.4
2010,경일대학교,837,53.6
2010,경희대학교,2792,56.6
2010,경희대학교 _분교,2760,57.9
2010,계명대학교,4643,46.2
2010,고려대학교,4013,64.6
2010,고려대학교(세종) _분교,1235,48.7
2010,고신대학교,721,49.9
2010,공주교육대학교,546,60.2
2010,광신대학교,107,24.4
2010,광운대학교,1582,58.7
2010,광주가톨릭대학교,31,58.3
2010,광주교육대학교,516,60.7
2010,광주대학교,907,58.9
2010,광주대학교(산업대),454,41.0
2010,광주여자대학교,648,61.1
2010,국립강릉원주대학교,1460,47.1
2010,국립경국대학교,1489,51.2
2010,국립공주대학교,3234,49.2
2010,국립군산대학교,1649,48.0
2010,국립금오공과대학교,1224,68.5
2010,국립목포대학교,1593,48.5
2010,국립목포해양대학교,635,63.7
2010,국립부경대학교,3613,56.7
2010,국립순천대학교,1639,45.0
2010,국립창원대학교,1727,57.3
2010,국립한국교통대학교,2278,61.9
2010,국립한국해양대학교,1362,69.8
2010,국민대학교,2889,51.1
2010,극동대학교,637,41.8
2010,금강대학교,37,42.4
2010,나사렛대학교,1089,51.5
2010,남부대학교,442,55.7
2010,남서울대학교(산업대),1944,53.1
2010,단국대학교,2241,49.6
2010,단국대학교(천안) _분교,2617,48.8
2010,대구가톨릭대학교,2435,57.9
2010,대구가톨릭대학교 _제2캠퍼스,19,0.0
2010,대구가톨릭대학교 _제3캠퍼스,46,100.0
2010,대구교육대학교,615,44.4
2010,대구대학교,3949,58.2
2010,대구대학교 _제2캠퍼스,20,78.9
2010,대구예술대학교,212,22.0
2010,대구외국어대학교,41,34.3
2010,대구한의대학교,1287,54.7
2010,대신대학교,154,29.2
2010,대전가톨릭대학교,13,0.0
2010,대전대학교,1866,50.3
2010,대전신학교,65,12.7
2010,대진대학교,1458,42.2
2010,덕성여자대학교,1242,45.8
2010,동국대학교,2425,45.9
2010,동국대학교(WISE) _분교,2009,54.3
2010,동덕여자대학교,1549,42.4
2010,동명대학교,510,56.6
2010,동명정보대학교,850,48.7
2010,동서대학교,2077,57.0
2010,동신대학교,1317,62.5
2010,동아대학교,4299,49.8
2010,동양대학교,680,54.2
2010,동의대학교,3198,55.2
2010,루터대학교,33,33.3
2010,명신대학교,223,48.8
2010,명지대학교,1369,52.5
2010,명지대학교 _제2캠퍼스,1284,52.2
2010,목원대학교,1837,35.8
2010,목포가톨릭대학교,148,69.0
2010,배재대학교,1793,41.2
2010,백석대학교,2517,43.7
2010,부산가톨릭대학교,932,56.6
2010,부산교육대학교,591,44.8
2010,부산대학교,4344,51.5
2010,부산외국어대학교,1554,40.8
2010,부산장신대학교,77,45.9
2010,삼육대학교,875,50.1
2010,상명대학교,1426,39.8
2010,상명대학교(천안) _분교,1143,40.7
2010,상주대학교,34,61.8
2010,상지대학교,1567,49.6
2010,서강대학교,1638,63.7
2010,서경대학교,1296,44.6
2010,서남대학교,395,66.9
2010,서남대학교 _제2캠퍼스,84,47.0
2010,서울과학기술대학교(산업대),3056,69.4
2010,서울교육대학교,551,51.6
2010,서울기독대학교,124,38.4
2010,서울대학교,3683,54.2
2010,서울시립대학교,1595,61.1
2010,서울신학대학교,533,41.4
2010,서울여자대학교,1546,49.2
2010,서울장신대학교,115,17.6
2010,서울한영대학교,170,35.6
2010,서원대학교,1382,34.1
2010,선교청대학교,19,38.5
2010,선문대학교,1531,49.7
2010,성결대학교,1152,45.8
2010,성공회대학교,444,45.4
2010,성균관대학교,4101,65.2
2010,성신여자대학교,2153,43.1
2010,세명대학교,1732,51.6
2010,세종대학교,2305,44.1
2010,세한대학교,798,47.4
2010,수도침례신학교,5,25.0
2010,수원가톨릭대학교,33,0.0
2010,수원대학교,2337,43.9
2010,숙명여자대학교,2019,57.9
2010,순천향대학교,2227,50.7
2010,숭실대학교,2336,61.5
2010,신경주대학교,873,50.1
2010,신라대학교,1876,49.0
2010,아신대학교,227,16.3
2010,아주대학교,1803,64.3
2010,안양대학교,996,49.9
2010,안양대학교 _제2캠퍼스,89,58.0
2010,연세대학교,4001,64.0
2010,연세대학교(미래) _분교,1760,57.5
2010,영남대학교,5211,53.2
2010,영남신학대학교,122,32.2
2010,영산대학교,246,77.2
2010,영산대학교 _제2캠퍼스,167,61.6
2010,영산대학교(산업대),387,42.2
2010,영산대학교(산업대) _제2캠퍼스,470,40.7
2010,영산선학대학교,10,50.0
2010,예수대학교,137,69.2
2010,예원예술대학교,157,52.2
2010,용인대학교,1494,43.3
2010,우석대학교,1625,52.2
2010,우송대학교,1439,56.9
2010,울산과학기술원,0,0.0
2010,울산대학교,2771,61.1
2010,원광대학교,3591,44.8
2010,위덕대학교,572,57.9
2010,유원대학교,450,52.9
2010,을지대학교,244,75.0
2010,을지대학교 _제2캠퍼스,193,88.6
2010,이화여자대학교,3529,53.0
2010,인제대학교,2024,58.0
2010,인제대학교 _제2캠퍼스,253,87.7
2010,인천가톨릭대학교,68,16.0
2010,인천대학교,1415,54.5
2010,인하대학교,4011,58.7
2010,장로회신학대학교,152,7.4
2010,전남대학교,3632,46.6
2010,전남대학교 _제2캠퍼스,752,44.6
2010,전북대학교,3597,52.2
2010,전주교육대학교,429,61.3
2010,전주대학교,2110,60.0
2010,제주교육대학교,165,44.7
2010,제주대학교,2043,48.9
2010,조선대학교,4610,43.6
2010,중부대학교,1298,46.3
2010,중앙대학교,2787,57.8
2010,중앙대학교(안성) _분교,2109,38.3
2010,중앙승가대학교,69,4.1
2010,진주교육대학교,547,46.8
2010,진주산업대학교(산업대),1397,67.7
2010,차의과학대학교,131,67.2
2010,청운대학교,1159,60.6
2010,청주교육대학교,463,47.6
2010,청주대학교,2834,45.9
2010,초당대학교(산업대),1168,64.0
2010,총신대학교,333,36.1
2010,추계예술대학교,265,17.5
2010,춘천교육대학교,551,47.8
2010,충남대학교,4020,50.3
2010,충북대학교,3168,48.8
2010,칼빈대학교,92,33.3
2010,탐라대학교,127,56.1
2010,평택대학교,768,43.3
2010,포항공과대학교,327,67.0
2010,한경대학교(산업대),1396,69.8
2010,한국과학기술원,738,53.3
2010,한국교원대학교,512,40.3
2010,한국국제대학교,638,53.9
2010,한국기술교육대학교,662,81.1
2010,한국산업기술대학교(산업대),1134,73.1
2010,한국성서대학교,212,54.9
2010,한국외국어대학교,1614,56.9
2010,한국외국어대학교(용인) _분교,1342,49.7
2010,한국체육대학교,515,52.8
2010,한국침례신학대학교,315,31.8
2010,한국항공대학교,915,65.1
2010,한남대학교,2323,44.2
2010,한동대학교,627,57.7
2010,한라대학교,429,59.6
2010,한려대학교(산업대),321,69.9
2010,한림대학교,1487,57.1
2010,한민학교,201,38.7
2010,한밭대학교(산업대),2269,70.6
2010,한북대학교,27,52.0
2010,한서대학교,1496,53.5
2010,한성대학교,1392,47.6
2010,한세대학교,493,51.5
2010,한신대학교,1010,41.7
2010,한양대학교,3564,60.8
2010,한양대학교(ERICA) _분교,1968,52.6
2010,한일장신대학교,312,33.3
2010,한중대학교,364,66.3
2010,협성대학교,906,42.0
2010,호남대학교,1443,49.8
2010,호남신학대학교,173,16.1
2010,호서대학교,2350,51.1
2010,호원대학교,1482,58.5
2010,홍익대학교,2250,54.4
2010,홍익대학교(세종) _분교,1222,45.1
2010,화성의과학대학교,5,0.0
2011,가야대학교 _제2캠퍼스,568,59.9
2011,가천대학교,2441,50.6
2011,가천의과학대학교,904,57.6
2011,가톨릭관동대학교,1591,48.4
2011,가톨릭꽃동네대학교,113,65.2
2011,가톨릭대학교,1498,50.4
2011,가톨릭대학교 _제2캠퍼스,190,85.5
2011,가톨릭대학교 _제3캠퍼스,62,0.0
2011,감리교신학대학교,194,0.0
2011,강남대학교,1609,52.0
2011,강서대학교,259,44.2
2011,강원대학교,3187,51.3
2011,강원대학교 _제2캠퍼스,1043,52.4
2011,건국대학교,3007,60.7
2011,건국대학교(글로컬) _분교,1624,49.7
2011,건동대학교,104,49.3
2011,건양대학교,1531,70.1
2011,건양대학교 _제2캠퍼스,370,88.3
2011,경기대학교,2570,50.3
2011,경기대학교 _제2캠퍼스,459,43.0
2011,경남대학교,2991,47.5
2011,경동대학교,499,60.3
2011,경북대학교,4360,59.0
2011,경북대학교 _제2캠퍼스,798,52.2
2011,경북외국어대학교,62,47.3
2011,경상국립대학교,3147,55.1
2011,경성대학교,2859,47.4
2011,경운대학교(산업대),972,63.4
2011,경인교육대학교,472,61.2
2011,경인교육대학교 _제2캠퍼스,438,60.7
2011,경일대학교,859,60.9
2011,경희대학교,2749,54.1
2011,경희대학교 _분교,2709,54.8
2011,계명대학교,4897,54.5
2011,고려대학교,4275,64.9
2011,고려대학교(세종) _분교,1492,46.1
2011,고신대학교,758,58.6
2011,공주교육대학교,503,62.6
2011,광신대학교,114,55.3
2011,광운대학교,1751,63.3
2011,광주가톨릭대학교,34,0.0
2011,광주교육대학교,475,56.3
2011,광주대학교,1038,61.5
2011,광주대학교(산업대),189,51.6
2011,광주여자대학교,890,63.7
2011,국립강릉원주대학교,1358,52.0
2011,국립강릉원주대학교 _제2캠퍼스,416,60.0
2011,국립경국대학교,1489,52.1
2011,국립공주대학교,3143,51.7
2011,국립군산대학교,1557,48.1
2011,국립금오공과대학교,1480,67.9
2011,국립목포대학교,1482,51.5
2011,국립목포해양대학교,596,77.1
2011,국립부경대학교,3696,57.4
2011,국립순천대학교,1600,50.6
2011,국립창원대학교,1707,57.8
2011,국립한국해양대학교,1503,71.7
2011,국민대학교,3086,52.4
2011,극동대학교,715,49.1
2011,금강대학교,53,48.6
2011,김천대학교,0,0.0
2011,나사렛대학교,1028,62.1
2011,남부대학교,483,61.1
2011,남서울대학교(산업대),2064,55.3
2011,단국대학교,2379,50.3
2011,단국대학교(천안) _분교,2611,49.2
2011,대구가톨릭대학교,2502,59.7
2011,대구교육대학교,560,54.3
2011,대구대학교,4045,56.4
2011,대구예술대학교,198,46.5
2011,대구외국어대학교,61,54.7
2011,대구한의대학교,1390,58.5
2011,대신대학교,135,38.2
2011,대전가톨릭대학교,29,0.0
2011,대전대학교,1894,50.3
2011,대전신학교,65,0.0
2011,대진대학교,1589,45.8
2011,덕성여자대학교,1166,48.9
2011,동국대학교,2944,53.3
2011,동국대학교(WISE) _분교,1884,63.1
2011,동덕여자대학교,1582,44.5
2011,동명대학교,667,59.0
2011,동명정보대학교,644,56.9
2011,동서대학교,2169,61.9
2011,동신대학교,1414,65.7
2011,동아대학교,4397,51.2
2011,동양대학교,678,60.0
2011,동의대학교,3533,52.9
2011,루터대학교,95,52.1
2011,명신대학교,198,53.3
2011,명지대학교,1516,55.2
2011,명지대학교 _제2캠퍼스,1404,51.5
2011,목원대학교,1831,40.1
2011,목포가톨릭대학교,153,85.0
2011,배재대학교,1915,43.7
2011,백석대학교,2627,49.3
2011,부산가톨릭대학교,926,59.2
2011,부산교육대학교,570,47.8
2011,부산대학교,4491,54.6
2011,부산외국어대학교,1835,46.4
2011,부산장신대학교,72,61.8
2011,삼육대학교,1044,50.4
2011,상명대학교,1393,44.2
2011,상명대학교(천안) _분교,1309,45.0
2011,상주대학교,10,50.0
2011,상지대학교,1643,51.5
2011,서강대학교,1737,70.2
2011,서경대학교,1349,51.4
2011,서남대학교,314,70.5
2011,서남대학교 _제2캠퍼스,123,47.5
2011,서울과학기술대학교(산업대),3162,73.5
2011,서울교육대학교,551,45.2
2011,서울기독대학교,145,50.9
2011,서울대학교,3745,59.8
2011,서울시립대학교,1622,62.9
2011,서울신학대학교,523,50.9
2011,서울여자대학교,1738,49.4
2011,서울장신대학교,103,31.8
2011,서울한영대학교,173,48.3
2011,서원대학교,1367,48.1
2011,선교청대학교,27,31.8
2011,선문대학교,1605,50.1
2011,성결대학교,1106,47.2
2011,성공회대학교,492,42.6
2011,성균관대학교,4261,68.7
2011,성신여자대학교,2238,44.9
2011,세명대학교,1640,54.6
2011,세종대학교,2431,48.9
2011,세한대학교,956,52.5
2011,수도침례신학교,1,0.0
2011,수원가톨릭대학교,41,0.0
2011,수원대학교,2591,44.8
2011,숙명여자대학교,2062,55.7
2011,순천향대학교,2484,54.8
2011,숭실대학교,2546,61.1
2011,신경주대학교,918,52.5
2011,신라대학교,1957,55.6
2011,아신대학교,250,0.0
2011,아주대학교,2005,68.4
2011,안양대학교,1080,48.2
2011,안양대학교 _제2캠퍼스,83,42.3
2011,연세대학교,4212,65.5
2011,연세대학교(미래) _분교,1705,64.4
2011,영남대학교,5245,51.1
2011,영남신학대학교,128,45.5
2011,영산대학교,336,63.1
2011,영산대학교 _제2캠퍼스,293,53.6
2011,영산대학교(산업대),286,46.3
2011,영산대학교(산업대) _제2캠퍼스,312,50.7
2011,영산선학대학교,9,0.0
2011,예수대학교,133,70.8
2011,예원예술대학교,297,59.7
2011,용인대학교,1372,46.0
2011,우석대학교,1722,52.0
2011,우송대학교,22,100.0
2011,우송대학교(산업대),1560,64.5
2011,울산과학기술원,0,0.0
2011,울산대학교,2930,56.8
2011,원광대학교,3713,45.2
2011,위덕대학교,501,63.1
2011,유원대학교,558,63.2
2011,을지대학교,214,82.3
2011,을지대학교 _제2캠퍼스,1011,73.1
2011,이화여자대학교,3324,51.4
2011,인제대학교,2017,56.9
2011,인제대학교 _제2캠퍼스,240,85.3
2011,인천가톨릭대학교,27,0.0
2011,인천가톨릭대학교 _제2캠퍼스,48,47.1
2011,인천대학교,1460,54.8
2011,인하대학교,3932,64.6
2011,장로회신학대학교,147,0.0
2011,전남대학교,3675,49.6
2011,전남대학교 _제2캠퍼스,701,50.0
2011,전북대학교,3904,52.3
2011,전주교육대학교,416,63.0
2011,전주대학교,2194,48.1
2011,제주교육대학교,143,47.8
2011,제주대학교,2000,50.9
2011,조선대학교,4770,51.5
2011,중부대학교,1446,53.4
2011,중앙대학교,2996,61.6
2011,중앙대학교(안성) _분교,2219,41.1
2011,중앙승가대학교,89,0.0
2011,진주교육대학교,486,56.5
2011,진주산업대학교(산업대),1449,67.4
2011,차의과학대학교,124,68.1
2011,청운대학교,1085,59.7
2011,청주교육대학교,421,58.4
2011,청주대학교,3041,46.6
2011,초당대학교(산업대),1025,62.6
2011,총신대학교,357,43.3
2011,추계예술대학교,301,19.2
2011,춘천교육대학교,539,47.9
2011,충남대학교,4138,51.3
2011,충북대학교,3350,49.3
2011,칼빈대학교,93,45.0
2011,탐라대학교,114,46.9
2011,평택대학교,809,45.3
2011,포항공과대학교,308,59.4
2011,한경대학교(산업대),1524,68.2
2011,한국과학기술원,771,45.7
2011,한국교원대학교,532,43.6
2011,한국교통대학교(산업대),2047,62.7
2011,한국국제대학교,672,57.1
2011,한국기술교육대학교,773,79.6
2011,한국산업기술대학교(산업대),1195,74.9
2011,한국성서대학교,206,60.5
2011,한국예술종합학교,415,26.5
2011,한국외국어대학교,1628,62.0
2011,한국외국어대학교(용인) _분교,1430,51.1
2011,한국전통문화대학교(각종),129,61.5
2011,한국체육대학교,534,46.5
2011,한국침례신학대학교,365,49.5
2011,한국항공대학교,1034,74.0
2011,한남대학교,2300,46.5
2011,한동대학교,772,57.6
2011,한라대학교,559,58.2
2011,한려대학교(산업대),259,77.7
2011,한림대학교,1572,54.2
2011,한민학교,222,47.7
2011,한밭대학교(산업대),2241,71.4
2011,한북대학교,101,63.9
2011,한서대학교,1573,55.8
2011,한성대학교,1454,49.4
2011,한세대학교,536,50.2
2011,한신대학교,1099,50.1
2011,한양대학교,3712,64.4
2011,한양대학교(ERICA) _분교,2119,55.7
2011,한일장신대학교,338,39.4
2011,한중대학교,310,73.3
2011,협성대학교,848,48.3
2011,호남대학교,1616,59.0
2011,호남신학대학교,156,42.6
2011,호서대학교,2528,54.3
2011,호원대학교,1315,60.5
2011,홍익대학교,2386,61.6
2011,홍익대학교(세종) _분교,1348,48.3
2011,화성의과학대학교,19,52.6
2012,가야대학교,1,0.0
2012,가야대학교 _제2캠퍼스,552,54.7
2012,가천대학교,2851,50.3
2012,가천의과학대학교,926,56.9
2012,가톨릭관동대학교,1469,64.0
2012,가톨릭꽃동네대학교,102,55.1
2012,가톨릭대학교,1436,52.9
2012,가톨릭대학교 _제2캠퍼스,173,88.3
2012,가톨릭대학교 _제3캠퍼스,57,0.0
2012,감리교신학대학교,201,0.0
2012,강남대학교,1801,53.8
2012,강서대학교,314,67.3
2012,강원대학교,3411,48.0
2012,강원대학교 _제2캠퍼스,1055,55.1
2012,건국대학교,3102,59.0
2012,건국대학교(글로컬) _분교,1660,50.2
2012,건양대학교,1486,72.7
2012,건양대학교 _제2캠퍼스,380,86.6
2012,경기대학교,2622,51.2
2012,경기대학교 _제2캠퍼스,417,52.2
2012,경남대학교,2840,59.5
2012,경동대학교,604,67.7
2012,경북대학교,4291,56.4
2012,경북대학교 _제2캠퍼스,994,52.6
2012,경상국립대학교,3257,46.2
2012,경성대학교,2957,61.7
2012,경운대학교(산업대),1019,64.0
2012,경인교육대학교,423,73.7
2012,경인교육대학교 _제2캠퍼스,405,64.2
2012,경일대학교,919,60.4
2012,경희대학교,5357,54.7
2012,계명대학교,5083,53.5
2012,고려대학교,4322,66.5
2012,고려대학교(세종) _분교,1423,47.6
2012,고신대학교,745,64.6
2012,공주교육대학교,502,69.8
2012,광신대학교,149,50.9
2012,광운대학교,1672,61.0
2012,광주가톨릭대학교,23,0.0
2012,광주교육대학교,457,69.0
2012,광주대학교,1116,67.7
2012,광주대학교(산업대),59,57.4
2012,광주여자대학교,956,61.6
2012,국립강릉원주대학교,1313,50.9
2012,국립강릉원주대학교 _제2캠퍼스,355,58.0
2012,국립경국대학교,1457,50.5
2012,국립공주대학교,3209,50.3
2012,국립군산대학교,1599,52.2
2012,국립금오공과대학교,1385,70.0
2012,국립목포대학교,1486,46.8
2012,국립목포해양대학교,467,81.8
2012,국립부경대학교,3674,53.3
2012,국립순천대학교,1490,46.6
2012,국립창원대학교,1770,56.8
2012,국립한국해양대학교,1479,69.8
2012,국민대학교,3161,49.3
2012,극동대학교,798,62.9
2012,금강대학교,67,54.9
2012,나사렛대학교,1165,55.7
2012,남부대학교,462,69.3
2012,남서울대학교(산업대),2382,54.2
2012,단국대학교,2375,50.4
2012,단국대학교(천안) _분교,2742,47.4
2012,대구가톨릭대학교,2709,56.7
2012,대구교육대학교,523,58.4
2012,대구대학교,4143,58.3
2012,대구예술대학교,205,36.0
2012,대구외국어대학교,80,64.1
2012,대구한의대학교,1455,59.1
2012,대신대학교,142,47.0
2012,대전가톨릭대학교,22,0.0
2012,대전대학교,1892,64.5
2012,대전신학교,83,0.0
2012,대진대학교,1749,50.6
2012,덕성여자대학교,1188,48.2
2012,동국대학교,2827,56.6
2012,동국대학교(WISE) _분교,1884,59.4
2012,동덕여자대학교,1597,55.9
2012,동명대학교,796,64.0
2012,동명정보대학교,421,57.5
2012,동서대학교,2288,59.2
2012,동신대학교,1330,65.4
2012,동아대학교,4487,46.7
2012,동양대학교,672,55.6
2012,동의대학교,3663,56.0
2012,루터대학교,97,61.5
2012,명지대학교,1646,54.1
2012,명지대학교 _제2캠퍼스,1518,45.5
2012,목원대학교,1852,54.7
2012,목포가톨릭대학교,149,73.4
2012,배재대학교,1992,43.1
2012,백석대학교,2681,51.5
2012,부산가톨릭대학교,1066,60.0
2012,부산대학교,4566,52.0
2012,부산외국어대학교,1851,58.9
2012,부산장신대학교,49,62.1
2012,삼육대학교,1109,60.6
2012,상명대학교,1478,62.4
2012,상명대학교(천안) _분교,1439,59.7
2012,상주대학교,13,53.8
2012,상지대학교,1667,58.2
2012,서강대학교,1793,68.7
2012,서경대학교,1374,54.7
2012,서남대학교,301,74.3
2012,서남대학교 _제2캠퍼스,75,62.2
2012,서울과학기술대학교(산업대),2977,72.1
2012,서울교육대학교,498,54.7
2012,서울기독대학교,120,50.6
2012,서울대학교,3466,61.0
2012,서울시립대학교,1846,63.8
2012,서울신학대학교,514,57.2
2012,서울여자대학교,1708,49.7
2012,서울장신대학교,131,34.3
2012,서울한영대학교,152,47.1
2012,서원대학교,1368,54.4
2012,선문대학교,1712,58.6
2012,성결대학교,1225,58.1
2012,성공회대학교,496,43.4
2012,성균관대학교,4283,68.9
2012,성신여자대학교,2250,47.7
2012,세명대학교,1693,55.6
2012,세종대학교,2572,47.1
2012,세한대학교,987,64.7
2012,수원가톨릭대학교,36,0.0
2012,수원대학교,2530,46.2
2012,숙명여자대학교,2230,55.4
2012,순천향대학교,2620,52.5
2012,숭실대학교,2551,59.3
2012,신경주대학교,781,54.8
2012,신라대학교,2085,61.2
2012,아신대학교,199,0.0
2012,아주대학교,2065,64.0
2012,안양대학교,1010,48.3
2012,안양대학교 _제2캠퍼스,118,60.0
2012,연세대학교,4245,65.2
2012,연세대학교(미래) _분교,1757,59.5
2012,영남대학교,5371,55.6
2012,영남신학대학교,139,50.0
2012,영산대학교,393,77.2
2012,영산대학교 _제2캠퍼스,385,69.5
2012,영산대학교(산업대),219,59.2
2012,영산대학교(산업대) _제2캠퍼스,191,71.8
2012,영산선학대학교,12,0.0
2012,예수대학교,124,67.8
2012,예원예술대학교,211,47.3
2012,용인대학교,1403,46.6
2012,우석대학교,1742,62.0
2012,우송대학교,32,82.8
2012,우송대학교(산업대),1656,69.2
2012,울산과학기술원,1,0.0
2012,울산대학교,2823,51.6
2012,원광대학교,3439,66.6
2012,위덕대학교,565,61.6
2012,유원대학교,514,80.8
2012,을지대학교,244,75.4
2012,을지대학교 _제2캠퍼스,1195,68.4
2012,이화여자대학교,3285,54.4
2012,인제대학교,1990,55.1
2012,인제대학교 _제2캠퍼스,264,83.9
2012,인천가톨릭대학교,21,0.0
2012,인천가톨릭대학교 _제2캠퍼스,66,52.7
2012,인천대학교,1475,54.2
2012,인하대학교,3981,65.4
2012,장로회신학대학교,176,0.0
2012,전남대학교,3889,47.3
2012,전남대학교 _제2캠퍼스,689,51.2
2012,전북대학교,3900,55.0
2012,전주교육대학교,392,74.3
2012,전주대학교,1777,54.8
2012,제주교육대학교,139,64.7
2012,제주대학교,2018,47.7
2012,조선대학교,4803,57.3
2012,중부대학교,1464,58.1
2012,중앙대학교,3011,62.9
2012,중앙대학교 _제2캠퍼스,2158,41.1
2012,중앙승가대학교,68,0.0
2012,진주교육대학교,470,59.0
2012,진주산업대학교(산업대),1338,67.6
2012,차의과학대학교,136,67.4
2012,청운대학교,1319,61.6
2012,청주교육대학교,416,68.3
2012,청주대학교,3009,47.8
2012,초당대학교(산업대),1015,64.3
2012,총신대학교,435,57.4
2012,추계예술대학교,299,16.4
2012,춘천교육대학교,456,67.0
2012,충남대학교,3999,54.1
2012,충북대학교,3478,55.1
2012,칼빈대학교,104,60.9
2012,탐라대학교,154,49.4
2012,평택대학교,824,57.2
2012,포항공과대학교,303,50.5
2012,한경대학교(산업대),1358,63.1
2012,한국과학기술원,828,37.1
2012,한국교원대학교,585,43.7
2012,한국교통대학교(산업대),1961,57.4
2012,한국국제대학교,617,75.7
2012,한국기술교육대학교,709,82.9
2012,한국산업기술대학교(산업대),1388,77.1
2012,한국성서대학교,197,62.5
2012,한국예술종합학교,465,18.6
2012,한국외국어대학교,1665,61.7
2012,한국외국어대학교(용인) _분교,1496,49.2
2012,한국전통문화대학교(각종),97,36.2
2012,한국체육대학교,558,53.9
2012,한국침례신학대학교,386,49.0
2012,한국항공대학교,953,74.9
2012,한남대학교,2519,55.8
2012,한동대학교,778,57.9
2012,한라대학교,586,58.6
2012,한려대학교(산업대),199,76.9
2012,한림대학교,1872,51.7
2012,한민학교,206,42.7
2012,한밭대학교(산업대),2213,69.9
2012,한북대학교,130,63.5
2012,한서대학교,1688,54.8
2012,한성대학교,1440,51.4
2012,한세대학교,517,61.4
2012,한신대학교,1160,56.9
2012,한양대학교,3757,62.7
2012,한양대학교(ERICA) _분교,2193,53.6
2012,한일장신대학교,325,38.9
2012,한중대학교,335,66.2
2012,협성대학교,902,60.0
2012,호남대학교,1527,57.5
2012,호남신학대학교,142,20.5
2012,호서대학교,2706,55.3
2012,호원대학교,1053,64.4
2012,홍익대학교,2328,57.9
2012,홍익대학교(세종) _분교,1461,48.8
2012,화성의과학대학교,37,54.5
2013,가야대학교 _제2캠퍼스,552,70.7
2013,가천대학교,3249,54.8
2013,가톨릭관동대학교,1455,60.3
2013,가톨릭꽃동네대학교,124,55.6
2013,가톨릭대학교,1439,49.9
2013,가톨릭대학교 _제2캠퍼스,120,85.3
2013,가톨릭대학교 _제3캠퍼스,39,0.0
2013,감리교신학대학교,220,0.0
2013,강남대학교,1697,53.3
2013,강서대학교,432,56.9
2013,강원대학교,2966,45.8
2013,강원대학교 _제2캠퍼스,1149,53.4
2013,건국대학교,3367,58.4
2013,건국대학교(글로컬) _분교,1658,46.9
2013,건양대학교,1316,69.0
2013,건양대학교 _제2캠퍼스,458,86.3
2013,경기대학교,2407,53.2
2013,경기대학교 _제2캠퍼스,479,54.6
2013,경남대학교,2863,55.0
2013,경동대학교,567,62.9
2013,경북대학교,5814,51.2
2013,경상국립대학교,3111,46.6
2013,경성대학교,2926,50.9
2013,경운대학교(산업대),1137,63.0
2013,경인교육대학교,406,75.4
2013,경인교육대학교 _제2캠퍼스,401,74.4
2013,경일대학교,814,67.0
2013,경희대학교,5506,52.5
2013,계명대학교,5050,52.2
2013,고려대학교,4043,69.1
2013,고려대학교(세종) _분교,1333,50.1
2013,고신대학교,796,60.6
2013,공주교육대학교,503,76.2
2013,광신대학교,166,65.8
2013,광운대학교,1664,62.6
2013,광주가톨릭대학교,23,0.0
2013,광주교육대학교,440,78.6
2013,광주대학교,1159,57.0
2013,광주대학교(산업대),46,51.1
2013,광주여자대학교,988,62.6
2013,국립강릉원주대학교,1245,49.5
2013,국립강릉원주대학교 _제2캠퍼스,413,52.4
2013,국립경국대학교,1335,49.5
2013,국립공주대학교,3253,50.3
2013,국립군산대학교,1565,49.6
2013,국립금오공과대학교,1238,70.1
2013,국립목포대학교,1564,45.3
2013,국립목포해양대학교,520,84.8
2013,국립부경대학교,3566,52.6
2013,국립순천대학교,1407,49.1
2013,국립창원대학교,1739,54.8
2013,국립한국해양대학교,1445,70.8
2013,국민대학교,3099,58.7
2013,극동대학교,829,55.6
2013,금강대학교,67,54.1
2013,나사렛대학교,1207,55.4
2013,남부대학교,699,63.5
2013,남서울대학교(산업대),2229,55.6
2013,단국대학교,2348,51.3
2013,단국대학교(천안) _분교,2548,49.5
2013,대구가톨릭대학교,2503,63.2
2013,대구교육대학교,531,68.4
2013,대구대학교,4018,53.2
2013,대구예술대학교,212,38.0
2013,대구외국어대학교,42,65.8
2013,대구한의대학교,1325,59.1
2013,대신대학교,124,42.9
2013,대전가톨릭대학교,42,0.0
2013,대전대학교,1980,64.2
2013,대전신학교,23,0.0
2013,대전신학대학교,22,0.0
2013,대진대학교,1777,53.4
2013,덕성여자대학교,1205,46.6
2013,동국대학교,2925,60.1
2013,동국대학교(WISE) _분교,1851,51.9
2013,동덕여자대학교,1538,50.4
2013,동명대학교,1080,66.5
2013,동명정보대학교,308,61.3
2013,동서대학교,2184,59.1
2013,동신대학교,1342,66.7
2013,동아대학교,4185,52.0
2013,동양대학교,696,60.8
2013,동의대학교,3339,55.0
2013,루터대학교,101,57.8
2013,명지대학교,1549,54.2
2013,명지대학교 _제2캠퍼스,1481,51.0
2013,목원대학교,1731,58.7
2013,목포가톨릭대학교,145,75.4
2013,배재대학교,1814,60.0
2013,백석대학교,2968,49.5
2013,부산가톨릭대학교,1006,62.8
2013,부산교육대학교,512,62.9
2013,부산대학교,4339,52.6
2013,부산외국어대학교,1619,53.6
2013,부산장신대학교,72,68.6
2013,삼육대학교,1134,58.4
2013,상명대학교,1407,54.0
2013,상명대학교(천안) _분교,1385,46.2
2013,상지대학교,1783,60.8
2013,서강대학교,1781,66.2
2013,서경대학교,1405,60.3
2013,서남대학교,282,68.6
2013,서남대학교 _제2캠퍼스,120,57.6
2013,서울과학기술대학교(산업대),3304,67.2
2013,서울교육대학교,528,68.4
2013,서울기독대학교,146,58.3
2013,서울대학교,3465,61.3
2013,서울시립대학교,1682,63.1
2013,서울신학대학교,518,57.0
2013,서울여자대학교,1688,45.5
2013,서울장신대학교,127,27.1
2013,서울한영대학교,167,55.4
2013,서원대학교,1449,43.2
2013,선문대학교,1806,59.5
2013,성결대학교,1168,53.9
2013,성공회대학교,511,47.1
2013,성균관대학교,4095,69.3
2013,성신여자대학교,2340,45.7
2013,세명대학교,1625,59.1
2013,세종대학교,2398,60.5
2013,세한대학교,708,65.8
2013,수원가톨릭대학교,45,0.0
2013,수원대학교,2296,44.5
2013,숙명여자대학교,2058,54.8
2013,순천향대학교,2519,54.0
2013,숭실대학교,2578,61.0
2013,신경주대학교,733,56.4
2013,신라대학교,2075,50.1
2013,아신대학교,163,0.0
2013,아주대학교,2168,61.6
2013,안양대학교,1005,54.8
2013,안양대학교 _제2캠퍼스,93,58.0
2013,연세대학교,4088,64.2
2013,연세대학교(미래) _분교,1720,59.0
2013,영남대학교,5113,51.5
2013,영남신학대학교,109,32.0
2013,영산대학교,413,68.0
2013,영산대학교 _제2캠퍼스,439,62.3
2013,영산대학교(산업대),107,46.7
2013,영산대학교(산업대) _제2캠퍼스,111,58.2
2013,영산선학대학교,15,0.0
2013,예수대학교,155,76.0
2013,예원예술대학교,198,31.7
2013,용인대학교,1273,47.0
2013,우석대학교,1693,54.6
2013,우송대학교,1424,72.9
2013,우송대학교(산업대),365,64.5
2013,울산과학기술원,175,65.0
2013,울산대학교,2909,54.2
2013,원광대학교,3451,58.3
2013,위덕대학교,536,65.4
2013,유원대학교,559,75.7
2013,을지대학교,204,76.5
2013,을지대학교 _제2캠퍼스,1240,69.4
2013,이화여자대학교,3151,50.0
2013,인제대학교,2013,54.2
2013,인제대학교 _제2캠퍼스,264,80.0
2013,인천가톨릭대학교,26,0.0
2013,인천가톨릭대학교 _제2캠퍼스,93,42.2
2013,인천대학교,1586,58.5
2013,인하대학교,3941,63.2
2013,장로회신학대학교,162,0.0
2013,전남대학교,3695,47.4
2013,전남대학교 _제2캠퍼스,667,47.9
2013,전북대학교,4021,49.7
2013,전주교육대학교,415,70.6
2013,전주대학교,2231,56.5
2013,제주대학교,1943,52.8
2013,조선대학교,4208,52.6
2013,중부대학교,1466,58.4
2013,중앙대학교,2949,60.0
2013,중앙대학교 _제2캠퍼스,2074,39.7
2013,중앙승가대학교,56,0.0
2013,중원대학교,90,55.9
2013,진주교육대학교,466,71.8
2013,진주산업대학교(산업대),1152,68.1
2013,차의과학대학교,116,65.1
2013,청운대학교,1280,69.1
2013,청주교육대학교,420,72.3
2013,청주대학교,3071,50.6
2013,초당대학교(산업대),890,66.9
2013,총신대학교,385,57.6
2013,추계예술대학교,305,19.2
2013,춘천교육대학교,433,76.6
2013,충남대학교,3757,49.2
2013,충북대학교,3079,53.0
2013,칼빈대학교,88,48.0
2013,탐라대학교,155,56.7
2013,평택대학교,821,50.9
2013,포항공과대학교,287,57.6
2013,한경대학교(산업대),1338,59.1
2013,한국과학기술원,838,49.4
2013,한국교원대학교,548,48.2
2013,한국교통대학교(산업대),1807,55.1
2013,한국국제대학교,663,68.2
2013,한국기술교육대학교,669,81.8
2013,한국산업기술대학교(산업대),1482,76.9
2013,한국성서대학교,244,63.9
2013,한국예술종합학교,434,20.0
2013,한국외국어대학교,1686,60.0
2013,한국외국어대학교(용인) _분교,1563,51.1
2013,한국전통문화대학교(각종),99,48.8
2013,한국체육대학교,547,50.5
2013,한국침례신학대학교,300,48.8
2013,한국항공대학교,1016,73.1
2013,한남대학교,2358,52.4
2013,한동대학교,752,53.7
2013,한라대학교,632,56.5
2013,한려대학교(산업대),196,61.1
2013,한림대학교,1695,56.6
2013,한밭대학교(산업대),2108,66.2
2013,한북대학교,147,59.3
2013,한서대학교,1719,56.9
2013,한성대학교,1617,49.2
2013,한세대학교,559,54.4
2013,한신대학교,1058,52.4
2013,한양대학교,3691,62.6
2013,한양대학교(ERICA) _분교,2211,54.1
2013,한일장신대학교,300,55.2
2013,한중대학교,391,68.2
2013,협성대학교,874,59.6
2013,호남대학교,1421,57.6
2013,호남신학대학교,142,33.3
2013,호서대학교,2853,58.5
2013,호원대학교,1215,77.7
2013,홍익대학교,2404,56.1
2013,홍익대학교(세종) _분교,1309,47.7
2013,화성의과학대학교,76,37.0
2014,가야대학교(김해),610,70.9
2014,가천대학교,3461,56.6
2014,가톨릭관동대학교,1762,59.1
2014,가톨릭꽃동네대학교,121,60.7
2014,가톨릭대학교,1583,47.0
2014,가톨릭대학교 _제2캠퍼스,166,71.1
2014,가톨릭대학교 _제3캠퍼스,62,0.0
2014,감리교신학대학교,189,0.0
2014,강남대학교,1654,51.8
2014,강서대학교,285,53.2
2014,강원대학교,2933,45.4
2014,강원대학교 _제2캠퍼스,1267,54.1
2014,건국대학교,3644,53.1
2014,건국대학교(글로컬) _분교,1681,47.1
2014,건양대학교,1239,70.6
2014,건양대학교 _제2캠퍼스,480,84.3
2014,경기대학교,2362,53.6
2014,경기대학교 _제2캠퍼스,540,47.5
2014,경남과학기술대학교,3,50.0
2014,경남대학교,2769,52.5
2014,경동대학교,592,65.0
2014,경북대학교,4995,49.7
2014,경상국립대학교,2987,46.8
2014,경성대학교,2611,56.5
2014,경운대학교(산업대),1131,63.6
2014,경인교육대학교,371,72.2
2014,경인교육대학교 _제2캠퍼스,387,77.4
2014,경일대학교,1072,65.0
2014,경희대학교,5433,50.6
2014,계명대학교,5032,52.1
2014,고려대학교,4071,69.3
2014,고려대학교(세종) _분교,1250,48.3
2014,고신대학교,791,59.4
2014,공주교육대학교,452,71.2
2014,광신대학교,108,53.8
2014,광운대학교,1845,55.3
2014,광주가톨릭대학교,15,0.0
2014,광주과학기술원,54,0.0
2014,광주교육대학교,433,65.5
2014,광주대학교,1214,57.5
2014,광주대학교(산업대),30,58.6
2014,광주여자대학교,970,62.0
2014,국립강릉원주대학교,1333,46.3
2014,국립강릉원주대학교 _제2캠퍼스,453,48.8
2014,국립경국대학교,1431,47.6
2014,국립공주대학교,3290,47.2
2014,국립군산대학교,1652,49.4
2014,국립금오공과대학교,1347,66.6
2014,국립목포대학교,1598,46.6
2014,국립목포해양대학교,590,80.8
2014,국립부경대학교,3834,52.3
2014,국립순천대학교,1462,47.4
2014,국립창원대학교,1662,54.0
2014,국립한국교통대학교,978,52.5
2014,국립한국해양대학교,1400,68.7
2014,국립한밭대학교,72,93.1
2014,국민대학교,3186,53.6
2014,극동대학교,982,54.6
2014,금강대학교,48,50.0
2014,김천대학교,492,65.9
2014,나사렛대학교,1201,58.4
2014,남부대학교,741,69.2
2014,남서울대학교(산업대),2426,54.5
2014,단국대학교,2412,52.1
2014,단국대학교(천안) _분교,2575,50.5
2014,대구가톨릭대학교,2462,61.0
2014,대구교육대학교,518,60.4
2014,대구대학교,4038,52.2
2014,대구예술대학교,210,32.1
2014,대구외국어대학교,74,51.4
2014,대구한의대학교,1214,68.0
2014,대신대학교,103,32.6
2014,대전가톨릭대학교,26,0.0
2014,대전대학교,2005,62.2
2014,대전신학교,19,0.0
2014,대전신학대학교,31,0.0
2014,대진대학교,1672,48.8
2014,덕성여자대학교,1421,45.5
2014,동국대학교,2852,61.3
2014,동국대학교(WISE) _분교,1822,51.8
2014,동덕여자대학교,1697,42.5
2014,동명대학교,1552,67.4
2014,동명정보대학교,148,55.9
2014,동서대학교,2174,57.9
2014,동신대학교,1451,64.2
2014,동아대학교,4611,53.5
2014,동양대학교,780,64.6
2014,동의대학교,3467,55.5
2014,루터대학교,116,51.0
2014,명지대학교,1484,49.2
2014,명지대학교 _제2캠퍼스,1575,44.2
2014,목원대학교,1848,55.7
2014,목포가톨릭대학교,139,72.8
2014,배재대학교,1972,57.1
2014,백석대학교,2999,51.9
2014,부산가톨릭대학교,929,62.2
2014,부산교육대학교,478,68.5
2014,부산대학교,4117,52.0
2014,부산외국어대학교,1624,52.7
2014,부산장신대학교,53,60.0
2014,삼육대학교,1225,53.3
2014,상명대학교,1445,58.4
2014,상명대학교(천안) _분교,1395,51.1
2014,상지대학교,1715,54.7
2014,서강대학교,1777,66.9
2014,서경대학교,1259,59.4
2014,서남대학교,275,68.4
2014,서남대학교 _제2캠퍼스,182,55.2
2014,서울과학기술대학교,124,88.6
2014,서울과학기술대학교(산업대),2381,61.0
2014,서울교육대학교,443,47.4
2014,서울기독대학교,177,43.8
2014,서울대학교,3524,61.0
2014,서울시립대학교,1708,59.4
2014,서울신학대학교,554,53.8
2014,서울여자대학교,1804,46.3
2014,서울장신대학교,133,44.1
2014,서울한영대학교,162,41.2
2014,서원대학교,1267,51.6
2014,선문대학교,1778,65.1
2014,성결대학교,1117,48.8
2014,성공회대학교,480,48.6
2014,성균관대학교,4053,66.5
2014,성신여자대학교,2359,46.7
2014,세명대학교,1751,56.7
2014,세종대학교,2384,57.4
2014,세한대학교,812,62.8
2014,수원가톨릭대학교,47,0.0
2014,수원대학교,2265,41.0
2014,숙명여자대학교,2047,48.3
2014,순복음총회신학교,77,28.6
2014,순천향대학교,2523,57.6
2014,숭실대학교,2980,56.2
2014,신경주대학교,722,53.7
2014,신라대학교,2115,56.7
2014,아신대학교,156,0.0
2014,아주대학교,2184,58.0
2014,안양대학교,942,55.3
2014,안양대학교 _제2캠퍼스,85,51.3
2014,연세대학교,4178,64.1
2014,연세대학교(미래) _분교,1582,58.5
2014,영남대학교,5131,50.8
2014,영남신학대학교,126,48.1
2014,영산대학교,459,68.2
2014,영산대학교 _제2캠퍼스,596,56.1
2014,영산대학교(산업대),46,60.0
2014,영산대학교(산업대) _제2캠퍼스,40,59.0
2014,영산선학대학교,6,0.0
2014,예수대학교,148,74.6
2014,예원예술대학교,221,28.9
2014,용인대학교,1331,44.0
2014,우석대학교,1308,63.8
2014,우송대학교,1711,69.4
2014,우송대학교(산업대),39,48.6
2014,울산과학기술원,286,65.5
2014,울산대학교,3115,53.1
2014,원광대학교,3453,54.2
2014,위덕대학교,614,71.3
2014,유원대학교,564,75.4
2014,을지대학교,245,72.6
2014,을지대학교 _제2캠퍼스,1147,70.8
2014,이화여자대학교,3175,47.5
2014,인제대학교,1999,52.6
2014,인제대학교 _제2캠퍼스,246,87.3
2014,인천가톨릭대학교,27,0.0
2014,인천가톨릭대학교 _제2캠퍼스,123,35.0
2014,인천대학교,3357,56.5
2014,인하대학교,3705,60.2
2014,장로회신학대학교,152,0.0
2014,전남대학교,3521,51.5
2014,전남대학교 _제2캠퍼스,635,50.9
2014,전북대학교,3821,47.1
2014,전주교육대학교,384,58.8
2014,전주대학교,2041,64.1
2014,제주대학교,2062,50.5
2014,조선대학교,4031,55.3
2014,중부대학교,1574,58.9
2014,중앙대학교,2751,55.5
2014,중앙대학교 _제2캠퍼스,1949,38.2
2014,중앙승가대학교,67,0.0
2014,중원대학교,111,63.5
2014,진주교육대학교,409,68.3
2014,진주산업대학교(산업대),1143,60.3
2014,차의과학대학교,139,59.5
2014,청운대학교,1093,65.5
2014,청주교육대학교,389,75.8
2014,청주대학교,3081,47.8
2014,초당대학교,123,91.9
2014,초당대학교(산업대),636,64.3
2014,총신대학교,432,62.7
2014,추계예술대학교,271,17.5
2014,춘천교육대학교,426,68.8
2014,충남대학교,3667,48.5
2014,충북대학교,3081,47.7
2014,칼빈대학교,103,77.4
2014,탐라대학교,122,59.3
2014,평택대학교,849,48.2
2014,포항공과대학교,294,55.9
2014,한경대학교(산업대),1231,55.3
2014,한국과학기술원,900,46.6
2014,한국교원대학교,537,48.3
2014,한국교통대학교(산업대),841,46.3
2014,한국국제대학교,843,61.4
2014,한국기술교육대학교,761,85.9
2014,한국산업기술대학교(산업대),1478,73.1
2014,한국성서대학교,241,61.8
2014,한국예술종합학교,419,21.4
2014,한국외국어대학교,1714,56.8
2014,한국외국어대학교(용인) _분교,1599,51.5
2014,한국전통문화대학교(일반),128,42.3
2014,한국체육대학교,571,45.9
2014,한국침례신학대학교,353,52.4
2014,한국항공대학교,926,67.8
2014,한남대학교,2372,52.6
2014,한동대학교,792,55.0
2014,한라대학교,762,55.7
2014,한려대학교(산업대),182,56.7
2014,한림대학교,1881,55.9
2014,한밭대학교(산업대),1744,60.5
2014,한북대학교,249,55.3
2014,한서대학교,1630,60.8
2014,한성대학교,1636,44.2
2014,한세대학교,537,59.3
2014,한신대학교,1042,50.7
2014,한양대학교,3772,58.7
2014,한양대학교(ERICA) _분교,2216,51.5
2014,한일장신대학교,274,40.3
2014,한중대학교,397,55.9
2014,협성대학교,993,52.9
2014,호남대학교,1546,60.9
2014,호남신학대학교,113,9.4
2014,호서대학교,2666,61.6
2014,호원대학교,1109,73.1
2014,홍익대학교,2289,54.5
2014,홍익대학교(세종) _분교,1349,45.0
2014,화성의과학대학교,141,53.3
2015,가야대학교(김해),604,75.2
2015,가천대학교,4171,67.9
2015,가톨릭관동대학교,1902,59.8
2015,가톨릭꽃동네대학교,115,69.4
2015,가톨릭대학교,1531,61.0
2015,가톨릭대학교 _제2캠퍼스,115,89.4
2015,가톨릭대학교 _제3캠퍼스,66,0.0
2015,감리교신학대학교,234,0.0
2015,강남대학교,1702,64.9
2015,강서대학교,279,61.2
2015,강원대학교,3263,57.0
2015,강원대학교 _제2캠퍼스,1473,64.4
2015,건국대학교,3749,62.9
2015,건국대학교(글로컬) _분교,2124,62.2
2015,건양대학교,1047,78.7
2015,건양대학교 _제2캠퍼스,693,86.5
2015,경기대학교,2473,65.1
2015,경기대학교 _제2캠퍼스,523,66.7
2015,경남과학기술대학교,491,76.8
2015,경남대학교,3078,60.2
2015,경동대학교,655,73.6
2015,경동대학교 _제3캠퍼스,58,91.4
2015,경북대학교,5180,57.7
2015,경상국립대학교,3280,55.1
2015,경성대학교,3024,64.6
2015,경운대학교(산업대),1088,68.2
2015,경인교육대학교 _제2캠퍼스,695,87.6
2015,경일대학교,1141,69.2
2015,경희대학교,5569,64.1
2015,계명대학교,5309,61.3
2015,고려대학교,4215,72.7
2015,고려대학교(세종) _분교,1357,64.9
2015,고신대학교,798,68.3
2015,공주교육대학교,458,85.9
2015,광신대학교,111,60.5
2015,광운대학교,2428,60.6
2015,광주가톨릭대학교,19,0.0
2015,광주과학기술원,68,16.7
2015,광주교육대학교,413,84.1
2015,광주대학교,1551,63.4
2015,광주여자대학교,977,69.6
2015,국립강릉원주대학교,1362,55.0
2015,국립강릉원주대학교 _제2캠퍼스,453,59.9
2015,국립경국대학교,1547,53.4
2015,국립공주대학교,3220,59.1
2015,국립군산대학교,1596,62.4
2015,국립금오공과대학교,1339,76.1
2015,국립목포대학교,1673,57.9
2015,국립목포해양대학교,605,86.1
2015,국립부경대학교,3731,60.0
2015,국립순천대학교,1579,56.6
2015,국립창원대학교,1870,63.9
2015,국립한국교통대학교,1308,65.3
2015,국립한국해양대학교,1547,76.2
2015,국립한밭대학교,32,93.5
2015,국민대학교,3329,63.8
2015,극동대학교,924,66.7
2015,금강대학교,66,49.1
2015,김천대학교,578,75.8
2015,나사렛대학교,1282,67.5
2015,남부대학교,706,72.8
2015,남서울대학교,6,100.0
2015,남서울대학교(산업대),2527,68.1
2015,단국대학교,2819,61.0
2015,단국대학교 _제2캠퍼스,2771,66.2
2015,대구가톨릭대학교,2630,66.0
2015,대구교육대학교,475,83.4
2015,대구대학교,4480,59.2
2015,대구예술대학교,289,50.0
2015,대구외국어대학교,76,67.6
2015,대구한의대학교,1332,71.4
2015,대신대학교,89,43.6
2015,대전가톨릭대학교,13,0.0
2015,대전대학교,2158,67.1
2015,대전신학교,9,0.0
2015,대전신학대학교,52,0.0
2015,대진대학교,1721,65.9
2015,덕성여자대학교,1634,61.9
2015,동국대학교,2922,67.6
2015,동국대학교(WISE) _분교,1898,63.2
2015,동덕여자대학교,1724,61.8
2015,동명대학교,1809,72.7
2015,동명정보대학교,50,80.0
2015,동서대학교,2311,69.3
2015,동신대학교,1351,71.4
2015,동아대학교,4946,62.6
2015,동양대학교,868,62.3
2015,동의대학교,4147,62.1
2015,루터대학교,118,51.5
2015,명지대학교,1695,65.0
2015,명지대학교 _제2캠퍼스,1668,60.5
2015,목원대학교,2041,59.8
2015,목포가톨릭대학교,144,81.9
2015,배재대학교,2190,59.7
2015,백석대학교,3022,65.7
2015,부산가톨릭대학교,1008,77.9
2015,부산교육대학교,435,83.3
2015,부산대학교,4505,58.6
2015,부산외국어대학교,1777,62.3
2015,부산장신대학교,71,68.3
2015,삼육대학교,1393,67.1
2015,상명대학교,1377,65.1
2015,상명대학교(천안) _분교,1519,68.7
2015,상지대학교,1789,65.0
2015,서강대학교,1881,73.4
2015,서경대학교,1377,66.9
2015,서남대학교,240,77.2
2015,서남대학교 _제2캠퍼스,158,62.1
2015,서울과학기술대학교,99,85.6
2015,서울과학기술대학교(산업대),2135,69.8
2015,서울교육대학교,409,78.5
2015,서울기독대학교,126,63.0
2015,서울대학교,3394,70.1
2015,서울시립대학교,1941,65.7
2015,서울신학대학교,497,62.3
2015,서울여자대학교,1853,60.9
2015,서울장신대학교,101,51.0
2015,서울한영대학교,166,65.1
2015,서원대학교,1420,61.8
2015,선문대학교,2016,69.9
2015,성결대학교,1129,64.0
2015,성공회대학교,512,61.9
2015,성균관대학교,4193,74.8
2015,성신여자대학교,2366,62.5
2015,세명대학교,1743,65.8
2015,세종대학교,2412,63.5
2015,세한대학교,731,69.0
2015,수원가톨릭대학교,36,0.0
2015,수원대학교,2642,59.9
2015,숙명여자대학교,2400,62.1
2015,순복음총회신학교,33,40.0
2015,순천향대학교,2694,66.9
2015,숭실대학교,2970,66.3
2015,신경주대학교,756,61.8
2015,신라대학교,2271,62.6
2015,신한대학교 _제2캠퍼스,29,79.3
2015,아신대학교,155,0.0
2015,아주대학교,2267,67.9
2015,안양대학교,1089,66.1
2015,안양대학교 _제2캠퍼스,125,61.0
2015,연세대학교,4298,70.2
2015,연세대학교(미래) _분교,1768,64.9
2015,영남대학교,5589,61.0
2015,영남신학대학교,115,51.9
2015,영산대학교,658,70.3
2015,영산대학교 _제2캠퍼스,719,67.3
2015,영산선학대학교,12,0.0
2015,예수대학교,158,80.6
2015,예원예술대학교,127,45.5
2015,예원예술대학교 _제2캠퍼스,93,37.0
2015,용인대학교,1497,62.0
2015,우석대학교,1833,62.8
2015,우송대학교,1864,70.9
2015,우송대학교(산업대),8,62.5
2015,울산과학기술원,320,63.2
2015,울산대학교,3124,65.1
2015,원광대학교,3607,62.4
2015,위덕대학교,644,68.3
2015,유원대학교,653,69.9
2015,을지대학교,207,88.6
2015,을지대학교 _제2캠퍼스,1164,80.5
2015,이화여자대학교,3322,64.0
2015,인제대학교,2207,63.3
2015,인제대학교 _제2캠퍼스,260,85.9
2015,인천가톨릭대학교,21,0.0
2015,인천가톨릭대학교 _제2캠퍼스,159,66.0
2015,인천대학교,2755,69.1
2015,인하대학교,3932,68.1
2015,장로회신학대학교,177,0.0
2015,전남대학교,3787,61.0
2015,전남대학교 _제2캠퍼스,660,62.7
2015,전북대학교,4134,55.8
2015,전주교육대학교,346,80.5
2015,전주대학교,2260,61.6
2015,제주대학교,2201,60.2
2015,조선대학교,4885,58.9
2015,중부대학교,1595,64.3
2015,중앙대학교,3070,69.4
2015,중앙대학교 _제2캠퍼스,1948,61.7
2015,중앙승가대학교,74,0.0
2015,중원대학교,238,72.2
2015,진주교육대학교,403,93.7
2015,진주산업대학교(산업대),649,64.7
2015,차의과학대학교,226,66.7
2015,청운대학교,1480,69.3
2015,청주교육대학교,343,92.9
2015,청주대학교,3006,61.0
2015,초당대학교,106,93.4
2015,초당대학교(산업대),766,73.4
2015,총신대학교,441,70.9
2015,추계예술대학교,299,38.3
2015,춘천교육대학교,392,86.6
2015,충남대학교,3904,58.2
2015,충북대학교,3320,59.0
2015,칼빈대학교,108,76.9
2015,탐라대학교,100,67.6
2015,평택대학교,897,61.9
2015,포항공과대학교,266,60.5
2015,한경대학교(산업대),1200,63.6
2015,한국공학대학교,1,0.0
2015,한국과학기술원,915,56.3
2015,한국교원대학교,598,51.9
2015,한국교통대학교(산업대),749,61.9
2015,한국국제대학교,835,65.5
2015,한국기술교육대학교,764,86.6
2015,한국산업기술대학교(산업대),1509,74.4
2015,한국성서대학교,300,73.4
2015,한국예술종합학교,431,53.1
2015,한국외국어대학교,3849,63.1
2015,한국전통문화대학교(일반),126,48.6
2015,한국체육대학교,555,65.4
2015,한국침례신학대학교,317,50.3
2015,한국항공대학교,936,71.2
2015,한남대학교,2884,62.6
2015,한동대학교,846,64.2
2015,한라대학교,760,68.0
2015,한려대학교,176,82.4
2015,한림대학교,1941,66.6
2015,한밭대학교(산업대),1814,66.7
2015,한북대학교,330,64.4
2015,한서대학교,1811,70.8
2015,한성대학교,1616,64.8
2015,한세대학교,592,75.3
2015,한신대학교,1128,62.2
2015,한양대학교,3556,68.7
2015,한양대학교(ERICA) _분교,2115,71.1
2015,한일장신대학교,210,55.3
2015,한중대학교,366,69.3
2015,협성대학교,1097,65.2
2015,호남대학교,1473,68.7
2015,호남신학대학교,137,39.7
2015,호서대학교,2848,67.9
2015,호원대학교,1038,77.7
2015,홍익대학교,2641,65.8
2015,홍익대학교(세종) _분교,1460,67.4
2015,화성의과학대학교,144,60.9
2016,가야대학교(김해),596,74.8
2016,가천대학교,4330,68.1
2016,가톨릭관동대학교,1990,59.4
2016,가톨릭꽃동네대학교,140,75.0
2016,가톨릭대학교,1670,59.4
2016,가톨릭대학교 _제2캠퍼스,107,86.0
2016,가톨릭대학교 _제3캠퍼스,39,0.0
2016,감리교신학대학교,219,0.0
2016,강남대학교,1723,64.0
2016,강서대학교,295,67.9
2016,강원대학교,3365,57.4
2016,강원대학교 _제2캠퍼스,1461,66.5
2016,건국대학교,3809,61.7
2016,건국대학교(글로컬) _분교,2081,64.2
2016,건양대학교,1127,76.2
2016,건양대학교 _제2캠퍼스,722,86.4
2016,경기대학교,2971,62.6
2016,경기대학교 _제2캠퍼스,476,61.2
2016,경남과학기술대학교,600,71.2
2016,경남대학교,3076,60.8
2016,경동대학교,818,77.6
2016,경동대학교 _제3캠퍼스,80,94.9
2016,경북대학교,5177,56.3
2016,경상국립대학교,3406,52.3
2016,경성대학교,3018,62.8
2016,경운대학교,585,82.6
2016,경운대학교(산업대),717,72.1
2016,경인교육대학교 _제2캠퍼스,616,87.4
2016,경일대학교,1265,68.9
2016,경희대학교,5439,64.3
2016,계명대학교,5478,59.3
2016,고려대학교,4393,73.8
2016,고려대학교(세종) _분교,1503,64.2
2016,고신대학교,788,67.9
2016,공주교육대학교,381,85.5
2016,광신대학교,101,58.7
2016,광운대학교,2073,63.9
2016,광주가톨릭대학교,18,0.0
2016,광주과학기술원,84,20.0
2016,광주교육대학교,350,87.2
2016,광주대학교,1651,61.7
2016,광주여자대학교,963,71.0
2016,국립강릉원주대학교,1284,58.2
2016,국립강릉원주대학교 _제2캠퍼스,492,63.5
2016,국립경국대학교,1512,53.0
2016,국립공주대학교,3343,59.7
2016,국립군산대학교,1727,63.1
2016,국립금오공과대학교,1466,66.9
2016,국립목포대학교,1539,61.4
2016,국립목포해양대학교,624,84.1
2016,국립부경대학교,4008,59.1
2016,국립순천대학교,1623,55.8
2016,국립창원대학교,1982,60.4
2016,국립한국교통대학교,1713,64.7
2016,국립한국해양대학교,1629,71.5
2016,국립한밭대학교,704,74.4
2016,국민대학교,3538,64.1
2016,극동대학교,952,68.6
2016,금강대학교,68,63.3
2016,김천대학교,765,75.5
2016,나사렛대학교,1284,66.3
2016,남부대학교,671,69.4
2016,남서울대학교,833,73.0
2016,남서울대학교(산업대),1483,66.8
2016,단국대학교,2845,62.4
2016,단국대학교 _제2캠퍼스,3149,64.0
2016,대구가톨릭대학교,3208,63.6
2016,대구교육대학교,395,89.6
2016,대구대학교,4557,57.5
2016,대구예술대학교,269,55.0
2016,대구외국어대학교,69,63.6
2016,대구한의대학교,1446,67.1
2016,대신대학교,77,40.0
2016,대전가톨릭대학교,16,0.0
2016,대전대학교,2095,66.2
2016,대전신학교,10,0.0
2016,대전신학대학교,36,0.0
2016,대진대학교,1770,64.8
2016,덕성여자대학교,1231,61.0
2016,동국대학교,3140,68.2
2016,동국대학교(WISE) _분교,1695,62.0
2016,동덕여자대학교,1928,64.8
2016,동명대학교,2136,68.3
2016,동서대학교,2376,68.5
2016,동신대학교,1602,67.6
2016,동아대학교,4770,59.4
2016,동양대학교,905,66.7
2016,동의대학교,3755,62.2
2016,루터대학교,91,66.7
2016,명지대학교,1645,63.3
2016,명지대학교 _제2캠퍼스,1781,59.8
2016,목원대학교,1931,64.1
2016,목포가톨릭대학교,124,82.9
2016,배재대학교,2112,63.2
2016,백석대학교,3165,65.5
2016,부산가톨릭대학교,1043,74.5
2016,부산교육대학교,392,78.4
2016,부산대학교,4636,56.7
2016,부산외국어대학교,1838,61.8
2016,부산장신대학교,61,52.2
2016,삼육대학교,1348,64.9
2016,상명대학교,1615,64.6
2016,상명대학교 _제2캠퍼스,1483,67.1
2016,상지대학교,1736,64.0
2016,서강대학교,2276,67.1
2016,서경대학교,1448,67.6
2016,서남대학교,210,80.9
2016,서울과학기술대학교,396,76.7
2016,서울과학기술대학교(산업대),1785,66.6
2016,서울교육대학교,372,76.4
2016,서울기독대학교,155,49.6
2016,서울대학교,3375,70.6
2016,서울시립대학교,2102,68.6
2016,서울신학대학교,597,59.5
2016,서울여자대학교,1825,63.9
2016,서울장신대학교,135,47.1
2016,서울한영대학교,169,60.2
2016,서원대학교,1331,59.0
2016,선문대학교,2240,67.5
2016,성결대학교,1256,64.1
2016,성공회대학교,478,64.0
2016,성균관대학교,4417,76.4
2016,성신여자대학교,2409,60.4
2016,세명대학교,2016,67.0
2016,세종대학교,2502,64.2
2016,세한대학교,643,65.1
2016,송원대학교,441,79.0
2016,수원가톨릭대학교,30,0.0
2016,수원대학교,2433,63.0
2016,숙명여자대학교,2528,64.4
2016,순복음총회신학교,35,33.3
2016,순천향대학교,2581,69.5
2016,숭실대학교,3149,69.0
2016,신경주대학교,658,59.4
2016,신라대학교,2216,62.7
2016,신한대학교 _제2캠퍼스,89,95.5
2016,아신대학교,160,0.0
2016,아주대학교,2453,67.9
2016,안양대학교,1235,68.0
2016,안양대학교 _제2캠퍼스,99,54.3
2016,연세대학교,4414,70.1
2016,연세대학교(미래) _분교,1818,66.9
2016,영남대학교,5385,59.0
2016,영남신학대학교,135,51.4
2016,영산대학교,660,67.1
2016,영산대학교 _제2캠퍼스,718,64.1
2016,영산대학교(산업대),8,62.5
2016,영산대학교(산업대) _제2캠퍼스,3,33.3
2016,영산선학대학교,19,0.0
2016,예수대학교,151,80.8
2016,예원예술대학교,113,50.0
2016,예원예술대학교 _제2캠퍼스,88,46.8
2016,용인대학교,1415,64.3
2016,우석대학교,1696,62.9
2016,우송대학교,2042,72.0
2016,우송대학교(산업대),1,100.0
2016,울산과학기술원,509,61.6
2016,울산대학교,3144,60.4
2016,원광대학교,3606,62.0
2016,위덕대학교,705,66.8
2016,유원대학교,731,70.6
2016,을지대학교,226,86.8
2016,을지대학교 _제2캠퍼스,1188,79.6
2016,이화여자대학교,3504,63.0
2016,인제대학교,2150,63.5
2016,인제대학교 _제2캠퍼스,249,89.4
2016,인천가톨릭대학교,21,0.0
2016,인천가톨릭대학교 _제2캠퍼스,160,69.4
2016,인천대학교,2980,67.7
2016,인하대학교,3830,68.3
2016,장로회신학대학교,160,0.0
2016,전남대학교,3682,58.6
2016,전남대학교 _제2캠퍼스,645,60.8
2016,전북대학교,4373,53.1
2016,전주교육대학교,308,64.1
2016,전주대학교,2402,59.6
2016,제주국제대학교,181,71.4
2016,제주대학교,2103,58.7
2016,조선대학교,4667,60.1
2016,중부대학교,1605,66.6
2016,중앙대학교,3495,70.2
2016,중앙대학교 _제2캠퍼스,1797,62.5
2016,중앙승가대학교,60,0.0
2016,중원대학교,442,69.4
2016,진주교육대학교,347,91.5
2016,진주산업대학교(산업대),593,57.8
2016,차의과학대학교,263,76.0
2016,청운대학교,1432,69.3
2016,청주교육대학교,318,94.0
2016,청주대학교,2685,62.9
2016,초당대학교,561,82.1
2016,초당대학교(산업대),253,71.0
2016,총신대학교,482,66.6
2016,추계예술대학교,288,44.7
2016,춘천교육대학교,354,86.0
2016,충남대학교,3976,58.3
2016,충북대학교,3519,58.0
2016,칼빈대학교,109,71.4
2016,탐라대학교,11,50.0
2016,평택대학교,995,61.7
2016,포항공과대학교,322,57.4
2016,한경국립대학교,237,67.6
2016,한경대학교(산업대),856,62.1
2016,한국공학대학교,333,83.1
2016,한국과학기술원,867,64.5
2016,한국교원대학교,564,56.3
2016,한국교통대학교(산업대),455,57.3
2016,한국국제대학교,788,67.4
2016,한국기술교육대학교,853,85.1
2016,한국산업기술대학교(산업대),1141,73.7
2016,한국성서대학교,289,70.2
2016,한국예술종합학교,460,56.6
2016,한국외국어대학교,4177,64.1
2016,한국전통문화대학교(일반),121,58.0
2016,한국체육대학교,553,67.3
2016,한국침례신학대학교,364,54.2
2016,한국항공대학교,933,72.7
2016,한남대학교,2589,63.2
2016,한동대학교,845,61.0
2016,한라대학교,889,65.9
2016,한려대학교,147,74.5
2016,한림대학교,2039,65.4
2016,한밭대학교(산업대),1152,59.8
2016,한북대학교,376,63.7
2016,한서대학교,1706,71.1
2016,한성대학교,1593,62.6
2016,한세대학교,592,74.0
2016,한신대학교,1140,62.0
2016,한양대학교,3696,72.7
2016,한양대학교(ERICA) _분교,2343,66.3
2016,한일장신대학교,200,59.1
2016,한중대학교,343,65.5
2016,협성대학교,1046,64.6
2016,호남대학교,1555,70.0
2016,호남신학대학교,116,48.8
2016,호서대학교,2983,69.3
2016,호원대학교,1107,75.0
2016,홍익대학교,2834,64.0
2016,홍익대학교 _제2캠퍼스,1618,67.0
2016,화성의과학대학교,172,61.3
2017,가야대학교(김해),603,75.6
2017,가천대학교,4269,65.1
2017,가톨릭관동대학교,2080,60.9
2017,가톨릭꽃동네대학교,109,61.5
2017,가톨릭대학교,1685,59.3
2017,가톨릭대학교 _제2캠퍼스,92,82.4
2017,가톨릭대학교 _제3캠퍼스,55,0.0
2017,감리교신학대학교,196,0.0
2017,강남대학교,1633,61.7
2017,강서대학교,308,62.0
2017,강원대학교,3386,55.5
2017,강원대학교 _제2캠퍼스,1351,67.1
2017,건국대학교,3676,60.9
2017,건국대학교(글로컬) _분교,1954,62.5
2017,건양대학교,972,72.6
2017,건양대학교 _제2캠퍼스,800,84.7
2017,경기대학교,2772,62.7
2017,경기대학교 _제2캠퍼스,440,60.3
2017,경남과학기술대학교,892,66.4
2017,경남대학교,2895,55.4
2017,경동대학교,814,72.7
2017,경동대학교 _제3캠퍼스,427,89.7
2017,경동대학교 _제4캠퍼스,10,100.0
2017,경북대학교,5321,55.2
2017,경상국립대학교,3407,48.8
2017,경성대학교,2992,58.6
2017,경운대학교,662,76.9
2017,경운대학교(산업대),516,66.1
2017,경인교육대학교 _제2캠퍼스,646,73.2
2017,경일대학교,1442,65.5
2017,경희대학교,5693,63.8
2017,계명대학교,5397,57.7
2017,고려대학교,4483,68.1
2017,고려대학교(세종) _분교,1840,62.7
2017,고신대학교,808,65.6
2017,공주교육대학교,380,77.7
2017,광신대학교,102,57.8
2017,광운대학교,2020,60.6
2017,광주가톨릭대학교,17,0.0
2017,광주과학기술원,73,40.0
2017,광주교육대학교,353,81.6
2017,광주대학교,1682,62.0
2017,광주여자대학교,941,67.2
2017,국립강릉원주대학교,1290,56.7
2017,국립강릉원주대학교 _제2캠퍼스,474,62.4
2017,국립경국대학교,1545,49.6
2017,국립공주대학교,3316,56.5
2017,국립군산대학교,1763,63.0
2017,국립금오공과대학교,1526,63.1
2017,국립목포대학교,1537,59.2
2017,국립목포해양대학교,578,82.3
2017,국립부경대학교,3823,54.4
2017,국립순천대학교,1714,53.6
2017,국립창원대학교,2452,56.3
2017,국립한국교통대학교,1998,64.3
2017,국립한국해양대학교,1660,68.8
2017,국립한밭대학교,969,65.6
2017,국민대학교,3405,64.7
2017,극동대학교,901,67.2
2017,금강대학교,85,61.2
2017,김천대학교,891,73.4
2017,나사렛대학교,1247,65.6
2017,남부대학교,691,68.5
2017,남서울대학교,1294,69.5
2017,남서울대학교(산업대),1047,64.9
2017,단국대학교,2773,62.9
2017,단국대학교 _제2캠퍼스,3084,64.3
2017,대구가톨릭대학교,3277,59.8
2017,대구교육대학교,433,82.1
2017,대구대학교,4612,53.9
2017,대구예술대학교,282,55.7
2017,대구외국어대학교,58,57.9
2017,대구한의대학교,1697,68.5
2017,대신대학교,83,51.7
2017,대전가톨릭대학교,14,0.0
2017,대전대학교,2070,66.8
2017,대전신학대학교,56,0.0
2017,대진대학교,1669,64.8
2017,덕성여자대학교,1306,59.1
2017,동국대학교,3114,67.3
2017,동국대학교(WISE) _분교,1768,61.9
2017,동덕여자대학교,1814,62.5
2017,동명대학교,1893,67.9
2017,동서대학교,2364,66.9
2017,동신대학교,1579,70.9
2017,동아대학교,4645,57.1
2017,동양대학교,842,60.2
2017,동의대학교,3505,61.7
2017,루터대학교,106,71.6
2017,명지대학교,1576,64.9
2017,명지대학교 _제2캠퍼스,1744,58.8
2017,목원대학교,1880,58.4
2017,목포가톨릭대학교,148,81.6
2017,배재대학교,2002,61.4
2017,백석대학교,3013,65.3
2017,부산가톨릭대학교,1017,73.3
2017,부산교육대학교,390,74.4
2017,부산대학교,4525,57.3
2017,부산외국어대학교,2036,58.6
2017,부산장신대학교,66,48.8
2017,삼육대학교,1396,63.8
2017,상명대학교,1609,62.6
2017,상명대학교 _제2캠퍼스,1477,65.7
2017,상지대학교,1739,62.1
2017,서강대학교,1799,67.3
2017,서경대학교,1469,66.2
2017,서남대학교,237,81.0
2017,서남대학교 _제2캠퍼스,188,60.3
2017,서울과학기술대학교,889,65.2
2017,서울과학기술대학교(산업대),1746,66.0
2017,서울교육대학교,388,48.4
2017,서울기독대학교,126,47.0
2017,서울대학교,3273,68.3
2017,서울시립대학교,1991,64.2
2017,서울신학대학교,488,62.2
2017,서울여자대학교,1824,58.8
2017,서울장신대학교,127,59.7
2017,서울한영대학교,175,57.0
2017,서원대학교,1491,54.0
2017,선문대학교,2061,69.5
2017,성결대학교,1214,60.0
2017,성공회대학교,513,64.1
2017,성균관대학교,4227,75.1
2017,성신여자대학교,2432,62.1
2017,세명대학교,1897,66.4
2017,세종대학교,2596,64.9
2017,세한대학교,702,62.9
2017,송원대학교,429,72.0
2017,수원가톨릭대학교,43,0.0
2017,수원대학교,2280,63.0
2017,숙명여자대학교,2635,63.0
2017,순복음총회신학교,51,37.5
2017,순천향대학교,2476,68.0
2017,숭실대학교,3034,66.5
2017,신경주대학교,588,58.0
2017,신라대학교,2168,62.7
2017,신한대학교 _제2캠퍼스,108,89.6
2017,아신대학교,181,0.0
2017,아주대학교,2441,68.3
2017,안양대학교,983,62.4
2017,안양대학교 _제2캠퍼스,97,57.1
2017,연세대학교,4229,68.7
2017,연세대학교(미래) _분교,1807,64.6
2017,영남대학교,5350,54.8
2017,영남신학대학교,98,61.9
2017,영산대학교,627,67.5
2017,영산대학교 _제2캠퍼스,831,60.0
2017,영산선학대학교,8,0.0
2017,예수대학교,153,78.1
2017,예원예술대학교,90,53.2
2017,예원예술대학교 _제2캠퍼스,109,59.4
2017,용인대학교,1394,64.6
2017,우석대학교,1632,61.9
2017,우송대학교,2157,70.7
2017,울산과학기술원,636,64.5
2017,울산대학교,3221,55.2
2017,원광대학교,3562,58.7
2017,위덕대학교,620,65.5
2017,유원대학교,787,69.6
2017,을지대학교,198,88.5
2017,을지대학교 _제2캠퍼스,1044,77.1
2017,이화여자대학교,3429,62.7
2017,인제대학교,2204,62.1
2017,인제대학교 _제2캠퍼스,249,86.7
2017,인천가톨릭대학교,16,0.0
2017,인천가톨릭대학교 _제2캠퍼스,204,65.1
2017,인천대학교,2999,66.0
2017,인하대학교,3981,66.8
2017,장로회신학대학교,134,0.0
2017,전남대학교,3840,57.5
2017,전남대학교 _제2캠퍼스,625,56.3
2017,전북대학교,4227,53.8
2017,전주교육대학교,294,56.1
2017,전주대학교,2510,56.2
2017,제주국제대학교,304,78.7
2017,제주대학교,2018,61.1
2017,조선대학교,4470,56.8
2017,중부대학교,1608,66.4
2017,중앙대학교,3577,67.8
2017,중앙대학교 _제2캠퍼스,1786,60.9
2017,중앙승가대학교,56,9.5
2017,중원대학교,478,70.7
2017,진주교육대학교,325,78.5
2017,진주산업대학교(산업대),357,57.8
2017,차의과학대학교,291,81.4
2017,창신대학교,280,74.1
2017,청운대학교,1511,70.2
2017,청주교육대학교,313,75.1
2017,청주대학교,3021,62.1
2017,초당대학교,590,77.8
2017,초당대학교(산업대),181,69.3
2017,총신대학교,493,64.9
2017,추계예술대학교,255,46.6
2017,춘천교육대학교,335,77.9
2017,충남대학교,4158,56.7
2017,충북대학교,3397,57.4
2017,칼빈대학교,97,81.5
2017,평택대학교,886,59.5
2017,포항공과대학교,297,56.6
2017,한경국립대학교,536,64.0
2017,한경대학교(산업대),739,64.1
2017,한국공학대학교,664,74.0
2017,한국과학기술원,793,55.3
2017,한국교원대학교,560,49.8
2017,한국국제대학교,839,65.5
2017,한국기술교육대학교,912,80.2
2017,한국산업기술대학교(산업대),1038,72.6
2017,한국성서대학교,217,76.8
2017,한국예술종합학교,526,57.0
2017,한국외국어대학교,3844,60.1
2017,한국전통문화대학교,145,62.5
2017,한국체육대학교,539,66.2
2017,한국침례신학대학교,353,47.2
2017,한국항공대학교,1010,68.4
2017,한남대학교,2719,61.0
2017,한동대학교,842,62.8
2017,한라대학교,830,63.2
2017,한려대학교,170,69.1
2017,한림대학교,1856,63.2
2017,한밭대학교(산업대),872,59.6
2017,한북대학교,390,63.4
2017,한서대학교,1723,67.1
2017,한성대학교,1490,62.6
2017,한세대학교,587,69.4
2017,한신대학교,1139,59.7
2017,한양대학교,3673,69.6
2017,한양대학교(ERICA) _분교,2463,66.3
2017,한일장신대학교,193,56.7
2017,한중대학교,317,65.7
2017,협성대학교,1016,63.1
2017,호남대학교,1799,69.2
2017,호남신학대학교,122,31.6
2017,호서대학교,2966,69.5
2017,호원대학교,1263,73.5
2017,홍익대학교,2737,64.2
2017,홍익대학교 _제2캠퍼스,1507,64.6
2017,화성의과학대학교,182,62.9
2018,가야대학교(김해),555,76.1
2018,가천대학교,3877,66.5
2018,가톨릭관동대학교,1734,64.4
2018,가톨릭꽃동네대학교,115,64.5
2018,가톨릭대학교,1591,58.4
2018,가톨릭대학교 _제2캠퍼스,76,87.5
2018,가톨릭대학교 _제3캠퍼스,43,0.0
2018,감리교신학대학교,178,0.0
2018,강남대학교,1597,62.1
2018,강서대학교,265,68.2
2018,강원대학교,3168,57.5
2018,강원대학교 _제2캠퍼스,1352,66.0
2018,건국대학교,3399,64.5
2018,건국대학교(글로컬) _분교,1905,62.6
2018,건양대학교,931,71.1
2018,건양대학교 _제2캠퍼스,850,83.9
2018,경기대학교,2754,64.0
2018,경기대학교 _제2캠퍼스,487,61.2
2018,경남과학기술대학교,1146,64.5
2018,경남대학교,2714,59.1
2018,경동대학교,868,77.6
2018,경동대학교 _제3캠퍼스,483,89.3
2018,경동대학교 _제4캠퍼스,203,84.0
2018,경북대학교,5182,56.8
2018,경상국립대학교,3273,52.6
2018,경성대학교,2854,61.3
2018,경운대학교,951,75.9
2018,경운대학교(산업대),186,61.3
2018,경인교육대학교 _제2캠퍼스,622,60.0
2018,경일대학교,1461,64.5
2018,경희대학교,5462,68.3
2018,계명대학교,5010,57.2
2018,고려대학교,4427,70.3
2018,고려대학교(세종) _분교,1624,63.0
2018,고신대학교,831,71.5
2018,공주교육대학교,381,68.4
2018,광신대학교,109,62.5
2018,광운대학교,1822,64.9
2018,광주가톨릭대학교,21,0.0
2018,광주과학기술원,110,24.2
2018,광주교육대학교,348,78.5
2018,광주대학교,1678,68.1
2018,광주여자대학교,984,66.6
2018,국립강릉원주대학교,1299,57.3
2018,국립강릉원주대학교 _제2캠퍼스,433,70.5
2018,국립경국대학교,1320,55.4
2018,국립공주대학교,3295,59.1
2018,국립군산대학교,1687,64.1
2018,국립금오공과대학교,1481,64.4
2018,국립목포대학교,1501,62.1
2018,국립목포해양대학교,565,80.6
2018,국립부경대학교,3694,55.9
2018,국립순천대학교,1546,53.2
2018,국립창원대학교,2080,58.0
2018,국립한국교통대학교,1958,63.7
2018,국립한국해양대학교,1505,68.4
2018,국립한밭대학교,1365,64.8
2018,국민대학교,3132,67.0
2018,극동대학교,841,66.9
2018,금강대학교,102,52.2
2018,김천대학교,879,70.8
2018,나사렛대학교,1252,63.3
2018,남부대학교,764,72.5
2018,남서울대학교,1850,68.3
2018,남서울대학교(산업대),502,71.7
2018,단국대학교,2388,64.5
2018,단국대학교 _제2캠퍼스,2804,65.2
2018,대구가톨릭대학교,2861,61.6
2018,대구경북과학기술원,96,60.0
2018,대구교육대학교,407,76.1
2018,대구대학교,4278,56.5
2018,대구예술대학교,283,49.2
2018,대구한의대학교,1372,70.6
2018,대신대학교,74,43.2
2018,대전가톨릭대학교,25,0.0
2018,대전대학교,1842,67.6
2018,대전신학대학교,52,0.0
2018,대진대학교,1694,66.0
2018,덕성여자대학교,1145,62.0
2018,동국대학교,2993,67.4
2018,동국대학교(WISE) _분교,1668,61.4
2018,동덕여자대학교,1610,62.4
2018,동명대학교,1697,71.8
2018,동서대학교,2279,65.0
2018,동신대학교,1554,70.4
2018,동아대학교,4415,57.7
2018,동양대학교,886,62.4
2018,동의대학교,3509,62.9
2018,루터대학교,94,62.3
2018,명지대학교,1514,69.6
2018,명지대학교 _제2캠퍼스,1617,63.0
2018,목원대학교,1847,60.1
2018,목포가톨릭대학교,165,80.6
2018,배재대학교,1900,62.9
2018,백석대학교,2898,66.3
2018,부산가톨릭대학교,904,78.0
2018,부산교육대학교,380,70.3
2018,부산대학교,4379,59.6
2018,부산외국어대학교,1899,58.1
2018,부산장신대학교,59,47.4
2018,삼육대학교,1202,67.2
2018,상명대학교,1742,64.3
2018,상명대학교 _제2캠퍼스,1449,64.4
2018,상지대학교,1595,64.2
2018,서강대학교,1642,70.4
2018,서경대학교,1405,70.2
2018,서울과학기술대학교,1339,66.7
2018,서울과학기술대학교(산업대),1449,68.0
2018,서울교육대학교,365,48.1
2018,서울기독대학교,114,59.1
2018,서울대학교,3166,70.1
2018,서울시립대학교,1920,68.5
2018,서울신학대학교,490,63.5
2018,서울여자대학교,1576,58.8
2018,서울장신대학교,113,53.8
2018,서울한영대학교,173,54.8
2018,서원대학교,1682,53.8
2018,선문대학교,1977,69.8
2018,성결대학교,1095,65.3
2018,성공회대학교,478,64.3
2018,성균관대학교,4114,77.0
2018,성신여자대학교,2286,59.6
2018,세명대학교,1794,66.8
2018,세종대학교,2588,64.2
2018,세한대학교,659,68.0
2018,송원대학교,504,68.9
2018,수원가톨릭대학교,39,0.0
2018,수원대학교,2463,61.8
2018,숙명여자대학교,2353,64.4
2018,순복음총회신학교,51,41.7
2018,순천향대학교,2493,68.7
2018,숭실대학교,2707,69.7
2018,신경주대학교,381,61.4
2018,신라대학교,2017,63.7
2018,신한대학교,273,70.3
2018,신한대학교 _제2캠퍼스,1173,76.5
2018,아신대학교,167,0.0
2018,아주대학교,2189,71.6
2018,안양대학교,1045,65.2
2018,안양대학교 _제2캠퍼스,98,58.2
2018,연세대학교,4156,70.1
2018,연세대학교(미래) _분교,1736,66.7
2018,영남대학교,5008,55.0
2018,영남신학대학교,91,54.2
2018,영산대학교,587,68.3
2018,영산대학교 _제2캠퍼스,748,62.1
2018,영산선학대학교,11,0.0
2018,예수대학교,144,74.5
2018,예원예술대학교,80,48.6
2018,예원예술대학교 _제2캠퍼스,106,47.5
2018,용인대학교,1446,66.7
2018,우석대학교,1589,64.0
2018,우송대학교,2101,71.8
2018,울산과학기술원,704,72.6
2018,울산대학교,2966,56.4
2018,원광대학교,3268,63.9
2018,위덕대학교,681,64.2
2018,유원대학교,824,68.2
2018,을지대학교,190,85.2
2018,을지대학교 _제2캠퍼스,1028,74.7
2018,이화여자대학교,3293,62.1
2018,인제대학교,2011,61.4
2018,인제대학교 _제2캠퍼스,248,88.6
2018,인천가톨릭대학교,14,0.0
2018,인천가톨릭대학교 _제2캠퍼스,183,66.9
2018,인천대학교,2855,67.2
2018,인하대학교,3657,71.4
2018,장로회신학대학교,177,0.0
2018,전남대학교,3767,60.8
2018,전남대학교 _제2캠퍼스,591,56.8
2018,전북대학교,4121,54.7
2018,전주교육대학교,296,71.2
2018,전주대학교,2437,61.5
2018,제주국제대학교,253,66.8
2018,제주대학교,1970,59.5
2018,조선대학교,4401,57.9
2018,중부대학교,1627,63.2
2018,중앙대학교,3574,69.7
2018,중앙대학교 _제2캠퍼스,1648,59.3
2018,중앙승가대학교,55,22.0
2018,중원대학교,568,69.6
2018,진주교육대학교,344,73.0
2018,차의과학대학교,392,74.2
2018,창신대학교,315,74.8
2018,청운대학교,1575,70.1
2018,청주교육대학교,300,78.0
2018,청주대학교,2846,64.2
2018,초당대학교,649,78.8
2018,초당대학교(산업대),67,60.6
2018,총신대학교,521,61.5
2018,추계예술대학교,350,49.8
2018,춘천교육대학교,349,73.1
2018,충남대학교,3976,61.3
2018,충북대학교,3310,57.5
2018,칼빈대학교,108,75.8
2018,평택대학교,872,61.7
2018,포항공과대학교,325,63.5
2018,한경국립대학교,740,66.9
2018,한경대학교(산업대),434,67.5
2018,한국공학대학교,1106,72.4
2018,한국과학기술원,740,59.6
2018,한국교원대학교,573,55.1
2018,한국국제대학교,817,67.4
2018,한국기술교육대학교,931,81.3
2018,한국산업기술대학교(산업대),663,73.3
2018,한국성서대학교,242,72.9
2018,한국예술종합학교,474,56.6
2018,한국외국어대학교,3516,63.7
2018,한국전통문화대학교,122,54.2
2018,한국체육대학교,497,70.8
2018,한국침례신학대학교,385,55.8
2018,한국항공대학교,977,71.2
2018,한남대학교,2496,62.7
2018,한동대학교,877,68.4
2018,한라대학교,820,68.6
2018,한려대학교,116,74.8
2018,한림대학교,1907,62.6
2018,한밭대학교(산업대),442,67.2
2018,한북대학교,13,83.3
2018,한서대학교,1638,69.0
2018,한성대학교,1452,64.7
2018,한세대학교,582,70.3
2018,한신대학교,1051,62.4
2018,한양대학교,3511,73.4
2018,한양대학교(ERICA) _분교,2075,69.1
2018,한일장신대학교,195,63.2
2018,협성대학교,965,64.1
2018,호남대학교,1782,66.1
2018,호남신학대학교,112,51.1
2018,호서대학교,2825,67.8
2018,호원대학교,1324,73.7
2018,홍익대학교,2573,68.2
2018,홍익대학교 _제2캠퍼스,1367,66.6
2018,화성의과학대학교,163,62.4
2019,가야대학교(김해),610,77.0
2019,가천대학교,3863,67.2
2019,가톨릭관동대학교,1863,56.3
2019,가톨릭꽃동네대학교,112,75.0
2019,가톨릭대학교,1616,61.3
2019,가톨릭대학교 _제2캠퍼스,88,88.2
2019,가톨릭대학교 _제3캠퍼스,41,0.0
2019,감리교신학대학교,187,0.0
2019,강남대학교,1574,60.0
2019,강서대학교,288,67.0
2019,강원대학교,3044,55.5
2019,강원대학교 _제2캠퍼스,1344,65.4
2019,건국대학교,3274,65.8
2019,건국대학교(글로컬) _분교,1755,63.1
2019,건양대학교,906,68.4
2019,건양대학교 _제2캠퍼스,898,80.9
2019,경기대학교,2693,60.7
2019,경기대학교 _제2캠퍼스,497,63.4
2019,경남과학기술대학교,1085,59.1
2019,경남대학교,2963,56.6
2019,경동대학교,759,77.4
2019,경동대학교 _제3캠퍼스,564,87.6
2019,경동대학교 _제4캠퍼스,267,78.8
2019,경북대학교,5198,57.8
2019,경상국립대학교,3197,50.2
2019,경성대학교,2834,58.5
2019,경운대학교,1027,65.9
2019,경인교육대학교 _제2캠퍼스,649,55.4
2019,경일대학교,1255,62.6
2019,경희대학교,5812,67.4
2019,계명대학교,4859,55.3
2019,고려대학교,4345,73.3
2019,고려대학교(세종) _분교,1479,63.5
2019,고신대학교,806,72.9
2019,공주교육대학교,375,66.7
2019,광신대학교,125,61.0
2019,광운대학교,1905,60.6
2019,광주가톨릭대학교,20,0.0
2019,광주과학기술원,134,36.4
2019,광주교육대학교,346,69.6
2019,광주대학교,1573,64.5
2019,광주여자대학교,892,66.1
2019,국립강릉원주대학교,1339,55.7
2019,국립강릉원주대학교 _제2캠퍼스,429,64.3
2019,국립경국대학교,1433,53.0
2019,국립공주대학교,3093,58.2
2019,국립군산대학교,1620,60.8
2019,국립금오공과대학교,1490,60.8
2019,국립목포대학교,1423,61.5
2019,국립목포해양대학교,552,82.0
2019,국립부경대학교,3805,53.0
2019,국립순천대학교,1611,57.7
2019,국립창원대학교,1791,53.9
2019,국립한국교통대학교,2048,62.5
2019,국립한국해양대학교,1543,69.9
2019,국립한밭대학교,1942,57.3
2019,국민대학교,3108,67.0
2019,극동대학교,845,65.6
2019,금강대학교,102,47.1
2019,김천대학교,873,72.3
2019,나사렛대학교,1231,62.9
2019,남부대학교,776,72.4
2019,남서울대학교,2251,67.1
2019,단국대학교,2707,62.9
2019,단국대학교 _제2캠퍼스,2813,65.2
2019,대구가톨릭대학교,2905,57.4
2019,대구경북과학기술원,131,41.2
2019,대구교육대학교,411,76.3
2019,대구대학교,4116,51.7
2019,대구예술대학교,268,51.8
2019,대구한의대학교,1710,65.3
2019,대신대학교,100,61.2
2019,대전가톨릭대학교,12,0.0
2019,대전대학교,1902,65.7
2019,대전신학대학교,37,0.0
2019,대진대학교,1644,66.2
2019,덕성여자대학교,1218,58.9
2019,동국대학교,3027,69.0
2019,동국대학교(WISE) _분교,1681,60.1
2019,동덕여자대학교,1621,66.6
2019,동명대학교,1716,67.7
2019,동서대학교,2234,62.5
2019,동신대학교,1527,66.9
2019,동아대학교,4351,54.7
2019,동양대학교,780,65.6
2019,동의대학교,3493,59.1
2019,루터대학교,78,70.1
2019,명지대학교,1615,64.0
2019,명지대학교 _제2캠퍼스,1566,59.8
2019,목원대학교,1782,60.2
2019,목포가톨릭대학교,143,89.4
2019,배재대학교,1798,65.2
2019,백석대학교,2900,67.0
2019,부산가톨릭대학교,1013,74.0
2019,부산교육대학교,395,66.4
2019,부산대학교,4569,58.6
2019,부산외국어대학교,1958,57.4
2019,부산장신대학교,68,45.5
2019,삼육대학교,1324,64.5
2019,상명대학교,1589,62.1
2019,상명대학교 _제2캠퍼스,1380,64.1
2019,상지대학교,1429,64.2
2019,서강대학교,1502,73.7
2019,서경대학교,1337,69.0
2019,서울과학기술대학교,2039,66.2
2019,서울교육대학교,370,48.1
2019,서울기독대학교,87,50.0
2019,서울대학교,3313,70.9
2019,서울시립대학교,1951,70.0
2019,서울신학대학교,460,60.9
2019,서울여자대학교,1645,59.6
2019,서울장신대학교,105,51.0
2019,서울한영대학교,163,58.7
2019,서원대학교,1472,56.9
2019,선문대학교,2113,69.0
2019,성결대학교,1004,62.1
2019,성공회대학교,450,56.4
2019,성균관대학교,3925,78.6
2019,성신여자대학교,2050,56.5
2019,세명대학교,1724,65.5
2019,세종대학교,2584,63.6
2019,세한대학교,745,68.7
2019,송원대학교,587,71.4
2019,수원가톨릭대학교,21,0.0
2019,수원대학교,2168,61.9
2019,숙명여자대학교,2376,62.5
2019,순복음총회신학교,56,40.0
2019,순천향대학교,2425,68.1
2019,숭실대학교,2838,68.6
2019,신경주대학교,355,57.4
2019,신라대학교,2061,59.3
2019,신한대학교,321,68.1
2019,신한대학교 _제2캠퍼스,1315,71.6
2019,아신대학교,146,0.0
2019,아주대학교,2184,70.4
2019,안양대학교,970,62.5
2019,안양대학교 _제2캠퍼스,94,55.7
2019,연세대학교,3921,72.5
2019,연세대학교(미래) _분교,1607,67.2
2019,영남대학교,5075,54.0
2019,영남신학대학교,94,78.9
2019,영산대학교,541,74.1
2019,영산대학교 _제2캠퍼스,715,63.1
2019,영산선학대학교,15,0.0
2019,예수대학교,144,72.9
2019,예원예술대학교,100,52.8
2019,예원예술대학교 _제2캠퍼스,103,45.8
2019,용인대학교,1375,67.2
2019,우석대학교,1424,64.6
2019,우송대학교,2034,68.3
2019,울산과학기술원,729,71.8
2019,울산대학교,2794,56.5
2019,원광대학교,3279,61.2
2019,위덕대학교,561,62.3
2019,유원대학교,830,68.4
2019,을지대학교,179,90.3
2019,을지대학교 _제2캠퍼스,1086,77.5
2019,이화여자대학교,3086,63.4
2019,인제대학교,1970,61.3
2019,인제대학교 _제2캠퍼스,238,90.2
2019,인천가톨릭대학교,22,0.0
2019,인천가톨릭대학교 _제2캠퍼스,159,61.1
2019,인천대학교,2814,64.9
2019,인하대학교,3703,70.0
2019,장로회신학대학교,163,0.0
2019,전남대학교,3886,60.1
2019,전남대학교 _제2캠퍼스,634,53.7
2019,전북대학교,3890,57.3
2019,전주교육대학교,292,60.5
2019,전주대학교,2458,60.6
2019,제주국제대학교,242,75.7
2019,제주대학교,2080,57.4
2019,조선대학교,4392,53.5
2019,중부대학교,1709,63.1
2019,중앙대학교,3574,72.4
2019,중앙대학교 _제2캠퍼스,1554,65.0
2019,중앙승가대학교,44,22.2
2019,중원대학교,745,62.3
2019,진주교육대학교,336,70.3
2019,차의과학대학교,471,70.9
2019,창신대학교,342,70.0
2019,청운대학교,1487,68.5
2019,청주교육대학교,304,67.9
2019,청주대학교,2655,64.2
2019,초당대학교,722,74.8
2019,총신대학교,450,66.7
2019,추계예술대학교,258,48.0
2019,춘천교육대학교,346,61.3
2019,충남대학교,3922,61.1
2019,충북대학교,3231,57.0
2019,칼빈대학교,95,87.8
2019,평택대학교,957,60.2
2019,포항공과대학교,318,74.1
2019,한경국립대학교,1282,66.8
2019,한국공학대학교,1736,70.5
2019,한국과학기술원,796,67.7
2019,한국교원대학교,579,51.1
2019,한국국제대학교,703,64.6
2019,한국기술교육대학교,901,84.7
2019,한국산업기술대학교(산업대),0,0.0
2019,한국성서대학교,246,71.6
2019,한국예술종합학교,469,56.9
2019,한국외국어대학교,3569,65.2
2019,한국전통문화대학교,130,53.5
2019,한국체육대학교,573,67.1
2019,한국침례신학대학교,363,53.1
2019,한국항공대학교,919,65.7
2019,한남대학교,2305,61.1
2019,한동대학교,826,69.9
2019,한라대학교,823,67.6
2019,한려대학교,147,74.3
2019,한림대학교,1647,63.6
2019,한서대학교,1658,70.6
2019,한성대학교,1287,63.8
2019,한세대학교,594,68.3
2019,한신대학교,1059,63.0
2019,한양대학교,3574,73.8
2019,한양대학교(ERICA) _분교,2054,67.3
2019,한일장신대학교,215,62.1
2019,협성대학교,880,60.5
2019,호남대학교,1810,65.5
2019,호남신학대학교,116,48.8
2019,호서대학교,2713,66.8
2019,호원대학교,1340,74.0
2019,홍익대학교,2702,65.3
2019,홍익대학교 _제2캠퍼스,1405,63.6
2019,화성의과학대학교,166,60.0
2020,가야대학교(김해),630,71.4
2020,가천대학교,4322,64.3
2020,가톨릭관동대학교,1721,56.6
2020,가톨릭꽃동네대학교,105,76.5
2020,가톨릭대학교,1596,57.9
2020,가톨릭대학교 _제2캠퍼스,88,90.5
2020,가톨릭대학교 _제3캠퍼스,10,0.0
2020,감리교신학대학교,211,0.0
2020,강남대학교,1720,57.3
2020,강서대학교,278,57.9
2020,강원대학교,3167,58.8
2020,강원대학교 _제2캠퍼스,1342,61.6
2020,건국대학교,3447,66.6
2020,건국대학교(글로컬) _분교,1655,59.4
2020,건양대학교,926,66.7
2020,건양대학교 _제2캠퍼스,852,83.5
2020,경기대학교,2666,59.4
2020,경기대학교 _제2캠퍼스,516,57.3
2020,경남과학기술대학교,1107,56.6
2020,경남대학교,2671,55.0
2020,경동대학교,689,69.8
2020,경동대학교 _제3캠퍼스,859,81.8
2020,경동대학교 _제4캠퍼스,301,77.9
2020,경북대학교,5044,53.6
2020,경상국립대학교,3303,48.0
2020,경성대학교,2819,52.6
2020,경운대학교,1007,66.9
2020,경인교육대학교 _제2캠퍼스,613,57.2
2020,경일대학교,1295,59.8
2020,경희대학교,6005,66.3
2020,계명대학교,4766,52.3
2020,고려대학교,4572,71.6
2020,고려대학교(세종) _분교,1458,59.0
2020,고신대학교,746,69.7
2020,공주교육대학교,363,55.8
2020,광신대학교,119,58.6
2020,광운대학교,1818,61.6
2020,광주가톨릭대학교,9,0.0
2020,광주과학기술원,149,30.0
2020,광주교육대학교,332,68.2
2020,광주대학교,1549,64.2
2020,광주여자대학교,817,63.4
2020,국립강릉원주대학교,1231,51.7
2020,국립강릉원주대학교 _제2캠퍼스,494,59.2
2020,국립경국대학교,1367,50.5
2020,국립공주대학교,3160,56.7
2020,국립군산대학교,1548,59.4
2020,국립금오공과대학교,1688,59.4
2020,국립목포대학교,1442,56.1
2020,국립목포해양대학교,598,84.2
2020,국립부경대학교,3941,49.1
2020,국립순천대학교,1657,58.0
2020,국립창원대학교,1895,52.2
2020,국립한국교통대학교,1940,62.1
2020,국립한국해양대학교,1530,68.1
2020,국립한밭대학교,1926,58.9
2020,국민대학교,3520,66.0
2020,극동대학교,717,65.0
2020,금강대학교,113,58.6
2020,김천대학교,821,69.7
2020,나사렛대학교,1213,61.7
2020,남부대학교,787,69.5
2020,남서울대학교,2131,64.7
2020,단국대학교,2654,60.1
2020,단국대학교 _제2캠퍼스,2643,61.6
2020,대구가톨릭대학교,2680,57.9
2020,대구경북과학기술원,154,69.2
2020,대구교육대학교,402,75.5
2020,대구대학교,3988,52.7
2020,대구예술대학교,220,47.3
2020,대구한의대학교,1445,62.2
2020,대신대학교,95,42.1
2020,대전가톨릭대학교,14,0.0
2020,대전대학교,1966,64.1
2020,대전신학대학교,28,0.0
2020,대진대학교,1587,61.8
2020,덕성여자대학교,1229,58.0
2020,동국대학교,3081,65.4
2020,동국대학교(WISE) _분교,1666,58.1
2020,동덕여자대학교,1521,60.6
2020,동명대학교,1689,61.8
2020,동서대학교,2108,57.8
2020,동신대학교,1538,65.2
2020,동아대학교,4374,52.7
2020,동양대학교,827,62.3
2020,동의대학교,3464,56.6
2020,루터대학교,86,50.7
2020,명지대학교,1540,65.0
2020,명지대학교 _제2캠퍼스,1593,60.1
2020,목원대학교,1754,55.9
2020,목포가톨릭대학교,122,79.2
2020,배재대학교,1772,60.0
2020,백석대학교,2782,61.4
2020,부산가톨릭대학교,904,71.0
2020,부산교육대학교,374,70.9
2020,부산대학교,4665,54.8
2020,부산외국어대학교,1851,50.5
2020,부산장신대학교,56,58.1
2020,삼육대학교,1276,66.2
2020,상명대학교,1495,60.6
2020,상명대학교 _제2캠퍼스,1388,61.7
2020,상지대학교,1429,61.4
2020,서강대학교,1567,73.8
2020,서경대학교,1461,67.0
2020,서울과학기술대학교,2278,63.8
2020,서울교육대학교,379,42.4
2020,서울기독대학교,102,51.9
2020,서울대학교,3204,71.1
2020,서울시립대학교,1937,67.9
2020,서울신학대학교,529,57.0
2020,서울여자대학교,1384,60.6
2020,서울장신대학교,125,55.6
2020,서울한영대학교,141,56.4
2020,서원대학교,1460,56.0
2020,선문대학교,1987,64.3
2020,성결대학교,1132,60.2
2020,성공회대학교,452,59.8
2020,성균관대학교,4047,76.0
2020,성신여자대학교,1982,54.6
2020,세명대학교,1680,62.4
2020,세종대학교,2614,61.6
2020,세한대학교,727,67.1
2020,송원대학교,579,67.3
2020,수원가톨릭대학교,37,0.0
2020,수원대학교,2124,58.0
2020,숙명여자대학교,2371,63.0
2020,순복음총회신학교,39,68.2
2020,순천향대학교,2371,65.2
2020,숭실대학교,2999,64.9
2020,신경주대학교,270,68.9
2020,신라대학교,2033,56.4
2020,신한대학교,314,64.0
2020,신한대학교 _제2캠퍼스,1324,68.1
2020,아신대학교,183,0.0
2020,아주대학교,2212,68.3
2020,안양대학교,1017,60.3
2020,안양대학교 _제2캠퍼스,70,55.6
2020,연세대학교,3939,70.0
2020,연세대학교(미래) _분교,1601,64.9
2020,영남대학교,5114,50.0
2020,영남신학대학교,71,40.0
2020,영산대학교,593,69.6
2020,영산대학교 _제2캠퍼스,745,64.4
2020,영산선학대학교,13,0.0
2020,예수대학교,158,78.0
2020,예원예술대학교,116,60.7
2020,예원예술대학교 _제2캠퍼스,102,49.0
2020,용인대학교,1437,64.2
2020,우석대학교,1410,60.0
2020,우송대학교,2168,66.7
2020,울산과학기술원,606,67.8
2020,울산대학교,2792,51.9
2020,원광대학교,3190,59.3
2020,위덕대학교,630,64.0
2020,유원대학교,790,64.5
2020,을지대학교,167,83.0
2020,을지대학교 _제2캠퍼스,995,76.3
2020,이화여자대학교,3384,62.3
2020,인제대학교,2167,60.1
2020,인제대학교 _제2캠퍼스,2,100.0
2020,인천가톨릭대학교,11,0.0
2020,인천가톨릭대학교 _제2캠퍼스,172,66.9
2020,인천대학교,2845,61.7
2020,인하대학교,3941,66.0
2020,장로회신학대학교,141,0.0
2020,전남대학교,3843,56.3
2020,전남대학교 _제2캠퍼스,562,49.8
2020,전북대학교,4030,54.3
2020,전주교육대학교,278,57.7
2020,전주대학교,2458,59.7
2020,제주국제대학교,296,68.3
2020,제주대학교,2143,55.1
2020,조선대학교,4356,53.7
2020,중부대학교,1593,62.9
2020,중앙대학교,3807,71.3
2020,중앙대학교 _제2캠퍼스,1263,59.6
2020,중앙승가대학교,39,0.0
2020,중원대학교,770,64.5
2020,진주교육대학교,334,65.0
2020,차의과학대학교,522,67.2
2020,창신대학교,445,71.4
2020,청운대학교,1548,67.8
2020,청주교육대학교,298,63.1
2020,청주대학교,2382,62.7
2020,초당대학교,731,71.6
2020,총신대학교,410,64.3
2020,추계예술대학교,305,46.2
2020,춘천교육대학교,344,60.7
2020,충남대학교,3936,58.4
2020,충북대학교,3288,55.7
2020,칼빈대학교,92,80.4
2020,평택대학교,882,58.1
2020,포항공과대학교,307,75.6
2020,한경국립대학교,1204,63.9
2020,한국공학대학교,1711,66.8
2020,한국과학기술원,723,67.7
2020,한국교원대학교,601,50.2
2020,한국국제대학교,662,65.2
2020,한국기술교육대학교,922,75.9
2020,한국성서대학교,230,74.0
2020,한국예술종합학교,511,54.0
2020,한국외국어대학교,3605,62.5
2020,한국전통문화대학교,118,58.9
2020,한국체육대학교,591,68.4
2020,한국침례신학대학교,353,48.7
2020,한국항공대학교,946,62.4
2020,한남대학교,2428,61.2
2020,한동대학교,844,64.6
2020,한라대학교,737,59.4
2020,한려대학교,125,73.9
2020,한림대학교,1899,59.0
2020,한북대학교,1,100.0
2020,한서대학교,1454,64.4
2020,한성대학교,1443,62.5
2020,한세대학교,562,66.8
2020,한신대학교,1002,58.9
2020,한양대학교,3637,73.5
2020,한양대학교(ERICA) _분교,2140,62.8
2020,한일장신대학교,208,68.6
2020,협성대학교,977,58.4
2020,호남대학교,1799,65.1
2020,호남신학대학교,113,42.9
2020,호서대학교,2576,64.3
2020,호원대학교,1208,73.9
2020,홍익대학교,2689,64.8
2020,홍익대학교 _제2캠퍼스,1351,62.1
2020,화성의과학대학교,137,62.8
2021,가야대학교(김해),546,74.6
2021,가천대학교,4178,67.4
2021,가톨릭관동대학교,1673,60.8
2021,가톨릭꽃동네대학교,117,73.7
2021,가톨릭대학교,1478,60.2
2021,가톨릭대학교 _제2캠퍼스,174,90.1
2021,가톨릭대학교 _제3캠퍼스,44,0.0
2021,감리교신학대학교,185,0.0
2021,강남대학교,1567,60.8
2021,강서대학교,288,64.1
2021,강원대학교,3426,62.8
2021,강원대학교 _제2캠퍼스,1504,65.9
2021,건국대학교,3585,69.1
2021,건국대학교(글로컬) _분교,1538,65.9
2021,건양대학교,947,68.1
2021,건양대학교 _제2캠퍼스,868,80.0
2021,경기대학교,2580,61.7
2021,경기대학교 _제2캠퍼스,452,69.5
2021,경남과학기술대학교,974,57.3
2021,경남대학교,2107,62.4
2021,경동대학교,522,70.5
2021,경동대학교 _제3캠퍼스,957,82.9
2021,경동대학교 _제4캠퍼스,300,74.9
2021,경북대학교,5230,57.9
2021,경상국립대학교,3340,49.2
2021,경성대학교,2768,56.5
2021,경운대학교,912,70.8
2021,경인교육대학교 _제2캠퍼스,685,58.7
2021,경일대학교,1263,64.8
2021,경희대학교,6093,68.9
2021,계명대학교,4755,55.5
2021,고려대학교,4828,70.1
2021,고려대학교(세종) _분교,1315,66.6
2021,고신대학교,830,71.8
2021,공주교육대학교,341,57.5
2021,광신대학교,138,56.4
2021,광운대학교,1737,65.0
2021,광주가톨릭대학교,19,0.0
2021,광주과학기술원,148,61.4
2021,광주교육대학교,335,68.9
2021,광주대학교,1547,66.2
2021,광주여자대학교,796,66.4
2021,국립강릉원주대학교,1267,55.9
2021,국립강릉원주대학교 _제2캠퍼스,520,58.8
2021,국립경국대학교,1379,54.7
2021,국립공주대학교,3074,59.0
2021,국립군산대학교,1543,55.5
2021,국립금오공과대학교,1431,61.5
2021,국립목포대학교,1551,57.9
2021,국립목포해양대학교,502,85.4
2021,국립부경대학교,4243,50.6
2021,국립순천대학교,1590,58.0
2021,국립창원대학교,1779,57.0
2021,국립한국교통대학교,2004,62.8
2021,국립한국해양대학교,1402,73.1
2021,국립한밭대학교,2062,60.9
2021,국민대학교,3622,68.9
2021,극동대학교,786,69.1
2021,금강대학교,104,66.7
2021,김천대학교,706,71.4
2021,나사렛대학교,1169,64.8
2021,남부대학교,695,71.5
2021,남서울대학교,2272,67.2
2021,단국대학교,2850,62.8
2021,단국대학교 _제2캠퍼스,2808,66.3
2021,대구가톨릭대학교,2617,61.0
2021,대구경북과학기술원,124,39.3
2021,대구교육대학교,417,66.6
2021,대구대학교,4016,58.2
2021,대구예술대학교,207,51.3
2021,대구한의대학교,1461,66.0
2021,대신대학교,101,48.9
2021,대전가톨릭대학교,12,0.0
2021,대전대학교,1876,63.5
2021,대전신학대학교,26,0.0
2021,대진대학교,1691,64.5
2021,덕성여자대학교,1427,59.8
2021,동국대학교,3493,68.8
2021,동국대학교(WISE) _분교,1684,61.9
2021,동덕여자대학교,1577,67.9
2021,동명대학교,1686,66.2
2021,동서대학교,2271,64.1
2021,동신대학교,1412,68.4
2021,동아대학교,4268,56.1
2021,동양대학교,772,60.9
2021,동의대학교,3325,60.4
2021,루터대학교,87,56.8
2021,명지대학교,1523,67.4
2021,명지대학교 _제2캠퍼스,1818,64.2
2021,목원대학교,1601,58.5
2021,목포가톨릭대학교,119,77.3
2021,배재대학교,1750,63.1
2021,백석대학교,2898,63.5
2021,부산가톨릭대학교,932,66.9
2021,부산교육대학교,387,68.0
2021,부산대학교,4688,55.6
2021,부산외국어대학교,1630,59.0
2021,부산장신대학교,56,45.2
2021,삼육대학교,1368,67.0
2021,상명대학교,1408,62.9
2021,상명대학교 _제2캠퍼스,1324,68.7
2021,상지대학교,1312,65.8
2021,서강대학교,1818,71.9
2021,서경대학교,1288,71.2
2021,서울과학기술대학교,2361,67.2
2021,서울교육대학교,377,58.1
2021,서울기독대학교,94,61.3
2021,서울대학교,3324,71.1
2021,서울시립대학교,1862,69.2
2021,서울신학대학교,452,65.7
2021,서울여자대학교,1563,65.4
2021,서울장신대학교,133,54.8
2021,서울한영대학교,138,70.4
2021,서원대학교,1519,57.5
2021,선문대학교,1960,70.1
2021,성결대학교,1100,65.3
2021,성공회대학교,441,58.6
2021,성균관대학교,4261,78.5
2021,성신여자대학교,2022,61.0
2021,세명대학교,1624,64.6
2021,세종대학교,2779,67.8
2021,세한대학교,788,63.6
2021,송원대학교,600,66.5
2021,수원가톨릭대학교,27,0.0
2021,수원대학교,1978,63.5
2021,숙명여자대학교,2225,66.9
2021,순복음총회신학교,36,52.4
2021,순천향대학교,2532,67.7
2021,숭실대학교,3028,68.7
2021,신경주대학교,240,66.7
2021,신라대학교,1954,58.8
2021,신한대학교,317,76.6
2021,신한대학교 _제2캠퍼스,1098,69.6
2021,아신대학교,152,0.0
2021,아주대학교,2190,72.4
2021,안양대학교,928,62.9
2021,안양대학교 _제2캠퍼스,55,54.7
2021,연세대학교,4133,71.4
2021,연세대학교(미래) _분교,1654,69.4
2021,영남대학교,4889,52.1
2021,영남신학대학교,95,57.1
2021,영산대학교,548,67.9
2021,영산대학교 _제2캠퍼스,763,66.0
2021,영산선학대학교,4,0.0
2021,예수대학교,150,79.5
2021,예원예술대학교,110,61.7
2021,예원예술대학교 _제2캠퍼스,62,50.8
2021,용인대학교,1441,68.2
2021,우석대학교,1473,65.5
2021,우송대학교,2154,69.1
2021,울산과학기술원,597,70.6
2021,울산대학교,2629,55.6
2021,원광대학교,2703,64.7
2021,위덕대학교,642,67.0
2021,유원대학교,801,67.6
2021,을지대학교,163,87.3
2021,을지대학교 _제2캠퍼스,1030,77.6
2021,이화여자대학교,3364,64.9
2021,인제대학교,2150,66.1
2021,인천가톨릭대학교,8,0.0
2021,인천가톨릭대학교 _제2캠퍼스,138,73.1
2021,인천대학교,2967,67.0
2021,인하대학교,3962,69.8
2021,장로회신학대학교,173,0.0
2021,전남대학교,3984,59.5
2021,전남대학교 _제2캠퍼스,547,57.0
2021,전북대학교,4084,59.1
2021,전주교육대학교,305,56.8
2021,전주대학교,2385,58.0
2021,제주국제대학교,251,66.8
2021,제주대학교,2064,56.6
2021,조선대학교,4599,56.8
2021,중부대학교,1707,67.8
2021,중앙대학교,5184,70.3
2021,중앙대학교 _제2캠퍼스,1674,69.1
2021,중앙승가대학교,39,0.0
2021,중원대학교,769,69.3
2021,진주교육대학교,328,66.9
2021,차의과학대학교,543,69.9
2021,창신대학교,436,67.8
2021,청운대학교,1431,72.7
2021,청주교육대학교,303,65.0
2021,청주대학교,2508,66.0
2021,초당대학교,677,73.4
2021,총신대학교,399,63.8
2021,추계예술대학교,250,53.2
2021,춘천교육대학교,340,61.3
2021,충남대학교,3718,62.1
2021,충북대학교,3240,57.8
2021,칼빈대학교,97,75.0
2021,평택대학교,757,62.4
2021,포항공과대학교,316,73.3
2021,한경국립대학교,1207,67.9
2021,한국공학대학교,1557,70.6
2021,한국과학기술원,707,68.9
2021,한국교원대학교,589,55.3
2021,한국국제대학교,528,65.9
2021,한국기술교육대학교,863,77.3
2021,한국성서대학교,256,78.2
2021,한국예술종합학교,513,62.0
2021,한국외국어대학교,3757,63.9
2021,한국전통문화대학교,126,60.6
2021,한국체육대학교,611,72.4
2021,한국침례신학대학교,329,60.9
2021,한국항공대학교,855,67.1
2021,한남대학교,2390,63.7
2021,한동대학교,821,63.0
2021,한라대학교,804,64.0
2021,한려대학교,110,67.3
2021,한림대학교,1741,62.5
2021,한서대학교,1370,67.6
2021,한성대학교,1447,68.0
2021,한세대학교,545,71.4
2021,한신대학교,987,60.9
2021,한양대학교,3724,71.4
2021,한양대학교(ERICA) _분교,2147,69.5
2021,한일장신대학교,199,71.7
2021,협성대학교,929,64.7
2021,호남대학교,1703,68.3
2021,호남신학대학교,123,58.7
2021,호서대학교,2805,65.7
2021,호원대학교,1273,72.6
2021,홍익대학교,3037,67.7
2021,홍익대학교 _제2캠퍼스,1516,66.9
2021,화성의과학대학교,118,67.5
2022,가야대학교(김해),554,70.7
2022,가천대학교,4437,69.7
2022,가톨릭관동대학교,1685,64.3
2022,가톨릭꽃동네대학교,123,79.8
2022,가톨릭대학교,1626,66.0
2022,가톨릭대학교 _제2캠퍼스,179,91.5
2022,가톨릭대학교 _제3캠퍼스,39,0.0
2022,감리교신학대학교,187,0.0
2022,강남대학교,1611,63.8
2022,강서대학교,318,70.0
2022,강원대학교,4277,62.0
2022,강원대학교 _제2캠퍼스,1600,68.3
2022,건국대학교,3863,70.5
2022,건국대학교(글로컬) _분교,1667,66.6
2022,건양대학교,864,70.0
2022,건양대학교 _제2캠퍼스,849,85.6
2022,경기대학교,2760,66.2
2022,경기대학교 _제2캠퍼스,434,67.1
2022,경남과학기술대학교,1154,58.8
2022,경남대학교,2601,65.6
2022,경동대학교,230,75.3
2022,경동대학교 _제3캠퍼스,995,83.8
2022,경동대학교 _제4캠퍼스,606,74.8
2022,경북대학교,5295,60.8
2022,경상국립대학교,3270,53.7
2022,경성대학교,2995,57.0
2022,경운대학교,1025,72.0
2022,경인교육대학교 _제2캠퍼스,682,64.4
2022,경일대학교,1300,66.0
2022,경희대학교,6514,70.7
2022,계명대학교,5107,59.7
2022,고려대학교,4905,70.9
2022,고려대학교(세종) _분교,1496,67.4
2022,고신대학교,779,70.9
2022,공주교육대학교,371,61.6
2022,광신대학교,122,58.5
2022,광운대학교,1802,68.2
2022,광주가톨릭대학교,16,0.0
2022,광주과학기술원,167,57.4
2022,광주교육대학교,338,63.0
2022,광주대학교,1536,64.4
2022,광주여자대학교,871,66.7
2022,국립강릉원주대학교,1222,57.4
2022,국립강릉원주대학교 _제2캠퍼스,486,65.1
2022,국립경국대학교,1313,58.2
2022,국립공주대학교,2995,62.1
2022,국립군산대학교,1551,61.6
2022,국립금오공과대학교,1439,66.2
2022,국립목포대학교,1484,63.8
2022,국립목포해양대학교,611,81.6
2022,국립부경대학교,3870,57.5
2022,국립순천대학교,1560,59.0
2022,국립창원대학교,1820,60.1
2022,국립한국교통대학교,2037,66.8
2022,국립한국해양대학교,1538,75.8
2022,국립한밭대학교,2101,64.4
2022,국민대학교,3930,70.5
2022,극동대학교,772,70.9
2022,금강대학교,93,52.1
2022,김천대학교,767,73.1
2022,나사렛대학교,1142,68.3
2022,남부대학교,695,74.0
2022,남서울대학교,2211,67.9
2022,단국대학교,3033,65.3
2022,단국대학교 _제2캠퍼스,2827,67.5
2022,대구가톨릭대학교,2810,62.7
2022,대구경북과학기술원,133,64.6
2022,대구교육대학교,396,67.8
2022,대구대학교,4033,59.3
2022,대구예술대학교,197,53.0
2022,대구한의대학교,1535,66.4
2022,대신대학교,105,56.3
2022,대전가톨릭대학교,8,0.0
2022,대전대학교,1863,67.1
2022,대전신학대학교,24,0.0
2022,대진대학교,1529,67.9
2022,덕성여자대학교,1487,61.6
2022,동국대학교,3297,69.7
2022,동국대학교(WISE) _분교,1675,64.4
2022,동덕여자대학교,1666,68.0
2022,동명대학교,1727,65.4
2022,동서대학교,2184,66.5
2022,동신대학교,1477,68.8
2022,동아대학교,4264,59.1
2022,동양대학교,786,64.1
2022,동의대학교,3362,62.1
2022,루터대학교,80,74.6
2022,명지대학교,1526,72.2
2022,명지대학교 _제2캠퍼스,2119,67.2
2022,목원대학교,1628,62.2
2022,목포가톨릭대학교,122,81.0
2022,배재대학교,1608,63.4
2022,백석대학교,2809,67.6
2022,부산가톨릭대학교,924,74.1
2022,부산교육대학교,378,58.9
2022,부산대학교,4832,61.1
2022,부산외국어대학교,1775,60.1
2022,부산장신대학교,64,75.0
2022,삼육대학교,1297,69.0
2022,상명대학교,1535,64.5
2022,상명대학교 _제2캠퍼스,1334,67.6
2022,상지대학교,1276,69.9
2022,서강대학교,1969,73.9
2022,서경대학교,1383,72.6
2022,서울과학기술대학교,2481,71.5
2022,서울교육대학교,395,59.6
2022,서울기독대학교,79,55.6
2022,서울대학교,3330,70.3
2022,서울시립대학교,2064,70.4
2022,서울신학대학교,517,65.3
2022,서울여자대학교,1685,67.2
2022,서울장신대학교,112,73.1
2022,서울한영대학교,145,66.9
2022,서원대학교,1399,60.3
2022,선문대학교,1861,74.3
2022,성결대학교,1249,66.6
2022,성공회대학교,460,60.3
2022,성균관대학교,4664,76.5
2022,성신여자대학교,2346,62.0
2022,세명대학교,1698,68.7
2022,세종대학교,2853,67.9
2022,세한대학교,876,68.5
2022,송원대학교,665,69.3
2022,수원가톨릭대학교,29,0.0
2022,수원대학교,1925,67.4
2022,숙명여자대학교,2588,66.1
2022,순복음총회신학교,32,69.2
2022,순천향대학교,2553,70.5
2022,숭실대학교,3346,71.0
2022,신경주대학교,197,71.1
2022,신라대학교,2111,60.3
2022,신한대학교,318,72.9
2022,신한대학교 _제2캠퍼스,1169,69.4
2022,아신대학교,146,0.0
2022,아주대학교,2517,75.4
2022,안양대학교,1014,66.0
2022,안양대학교 _제2캠퍼스,46,75.0
2022,연세대학교,4351,70.9
2022,연세대학교(미래) _분교,1781,71.7
2022,영남대학교,5009,55.9
2022,영남신학대학교,108,57.1
2022,영산대학교,571,70.5
2022,영산대학교 _제2캠퍼스,843,67.9
2022,영산선학대학교,6,0.0
2022,예수대학교,132,75.2
2022,예원예술대학교,177,56.0
2022,예원예술대학교 _제2캠퍼스,85,69.6
2022,용인대학교,1347,67.5
2022,우석대학교,1488,66.2
2022,우송대학교,2234,70.2
2022,우송대학교(산업대),1,0.0
2022,울산과학기술원,561,71.2
2022,울산대학교,2962,60.8
2022,원광대학교,3674,63.0
2022,위덕대학교,598,67.4
2022,유원대학교,804,71.9
2022,을지대학교,49,97.9
2022,을지대학교 _제2캠퍼스,1035,77.2
2022,을지대학교 _제3캠퍼스,116,88.5
2022,이화여자대학교,3935,67.9
2022,인제대학교,2107,66.7
2022,인천가톨릭대학교,22,0.0
2022,인천가톨릭대학교 _제2캠퍼스,149,72.9
2022,인천대학교,3039,70.6
2022,인하대학교,4164,72.2
2022,장로회신학대학교,178,0.0
2022,전남대학교,3895,59.5
2022,전남대학교 _제2캠퍼스,499,55.7
2022,전북대학교,4231,62.3
2022,전주교육대학교,308,53.4
2022,전주대학교,2449,60.0
2022,제주국제대학교,258,70.6
2022,제주대학교,2102,59.8
2022,조선대학교,4489,59.8
2022,중부대학교,1665,70.9
2022,중앙대학교,4879,72.4
2022,중앙대학교 _제2캠퍼스,1147,70.1
2022,중앙승가대학교,34,0.0
2022,중원대학교,730,72.7
2022,진주교육대학교,340,56.6
2022,차의과학대학교,552,74.9
2022,창신대학교,464,71.8
2022,청운대학교,1410,70.5
2022,청주교육대학교,298,56.2
2022,청주대학교,2497,66.5
2022,초당대학교,688,71.0
2022,총신대학교,452,64.4
2022,추계예술대학교,298,58.1
2022,춘천교육대학교,316,63.5
2022,충남대학교,3872,65.2
2022,충북대학교,3146,60.9
2022,칼빈대학교,146,77.8
2022,평택대학교,767,65.1
2022,포항공과대학교,317,83.8
2022,한경국립대학교,1128,67.3
2022,한국공학대학교,1655,73.6
2022,한국과학기술원,688,67.4
2022,한국교원대학교,609,52.1
2022,한국국제대학교,425,68.0
2022,한국기술교육대학교,916,80.3
2022,한국성서대학교,214,72.2
2022,한국예술종합학교,477,65.4
2022,한국외국어대학교,4043,65.3
2022,한국전통문화대학교,146,64.3
2022,한국체육대학교,601,77.2
2022,한국침례신학대학교,296,55.2
2022,한국항공대학교,902,72.5
2022,한남대학교,2362,66.8
2022,한동대학교,838,67.1
2022,한라대학교,781,65.3
2022,한려대학교,3,33.3
2022,한림대학교,1863,64.7
2022,한서대학교,1450,70.4
2022,한성대학교,1480,69.0
2022,한세대학교,591,74.7
2022,한신대학교,1080,64.7
2022,한양대학교,3851,72.5
2022,한양대학교(ERICA) _분교,2294,71.3
2022,한일장신대학교,173,62.9
2022,협성대학교,979,62.2
2022,호남대학교,1768,67.5
2022,호남신학대학교,96,46.4
2022,호서대학교,2908,68.0
2022,호원대학교,1315,75.6
2022,홍익대학교,3065,68.5
2022,홍익대학교 _제2캠퍼스,1439,68.0
2022,화성의과학대학교,116,71.6
2023,가야대학교(김해),523,76.2
2023,가천대학교,3846,69.6
2023,가톨릭관동대학교,1768,64.6
2023,가톨릭꽃동네대학교,92,74.4
2023,가톨릭대학교,1501,63.3
2023,가톨릭대학교 _제2캠퍼스,178,88.1
2023,가톨릭대학교 _제3캠퍼스,39,0.0
2023,감리교신학대학교,159,0.0
2023,강남대학교,1532,62.2
2023,강서대학교,251,63.7
2023,강원대학교,2930,57.6
2023,강원대학교 _제2캠퍼스,1244,64.3
2023,건국대학교,3412,69.2
2023,건국대학교(글로컬) _분교,1610,67.8
2023,건양대학교,660,70.3
2023,건양대학교 _제2캠퍼스,815,80.2
2023,건양사이버대학교,1079,71.6
2023,경기대학교,2690,62.8
2023,경기대학교 _제2캠퍼스,437,64.9
2023,경남과학기술대학교,1046,57.0
2023,경남대학교,2707,61.2
2023,경동대학교,141,85.2
2023,경동대학교 _제3캠퍼스,920,82.8
2023,경동대학교 _제4캠퍼스,606,74.8
2023,경북대학교,4738,60.1
2023,경상국립대학교,3026,52.1
2023,경성대학교,2698,56.6
2023,경운대학교,972,76.4
2023,경인교육대학교 _제2캠퍼스,618,62.0
2023,경일대학교,1469,65.0
2023,경희대학교,6247,68.1
2023,경희사이버대학교,2971,76.4
2023,계명대학교,4829,56.3
2023,고려대학교,4391,70.4
2023,고려대학교(세종) _분교,1450,63.6
2023,고려사이버대학교,2748,77.1
2023,고신대학교,743,72.6
2023,공주교육대학교,344,57.9
2023,광신대학교,110,64.3
2023,광운대학교,1913,65.3
2023,광주가톨릭대학교,16,0.0
2023,광주과학기술원,139,58.8
2023,광주교육대학교,316,60.3
2023,광주대학교,1463,64.4
2023,광주여자대학교,938,61.3
2023,국립강릉원주대학교,1181,62.0
2023,국립강릉원주대학교 _제2캠퍼스,456,62.6
2023,국립경국대학교,1287,56.1
2023,국립공주대학교,2879,59.1
2023,국립군산대학교,1451,60.2
2023,국립금오공과대학교,1250,67.6
2023,국립목포대학교,1433,65.8
2023,국립목포해양대학교,510,86.2
2023,국립부경대학교,3451,56.6
2023,국립순천대학교,1407,59.9
2023,국립창원대학교,1719,57.6
2023,국립한국교통대학교,1874,65.0
2023,국립한국해양대학교,1419,73.4
2023,국립한밭대학교,1891,63.1
2023,국민대학교,3518,68.0
2023,국제사이버대학교,838,76.8
2023,극동대학교,834,66.3
2023,글로벌사이버대학교,555,75.8
2023,금강대학교,79,45.3
2023,김천대학교,621,71.5
2023,나사렛대학교,1101,63.2
2023,남부대학교,772,71.5
2023,남서울대학교,2168,64.7
2023,단국대학교,2786,62.5
2023,단국대학교 _제2캠퍼스,2582,64.7
2023,대구가톨릭대학교,2448,60.5
2023,대구경북과학기술원,163,54.1
2023,대구교육대학교,376,62.8
2023,대구대학교,3857,54.0
2023,대구사이버대학교,1109,79.5
2023,대구예술대학교,199,48.9
2023,대구한의대학교,1477,65.9
2023,대신대학교,98,44.7
2023,대전가톨릭대학교,5,0.0
2023,대전대학교,1899,64.6
2023,대전신학대학교,16,0.0
2023,대진대학교,1556,67.6
2023,덕성여자대학교,1411,60.3
2023,동국대학교,3488,67.0
2023,동국대학교(WISE) _분교,1634,62.4
2023,동덕여자대학교,1564,65.1
2023,동명대학교,1637,61.2
2023,동서대학교,2173,61.9
2023,동신대학교,1542,69.2
2023,동아대학교,4178,60.0
2023,동양대학교,733,66.7
2023,동의대학교,3406,61.3
2023,디지털서울문화예술대학교,811,71.5
2023,루터대학교,78,63.2
2023,명지대학교,1571,70.1
2023,명지대학교 _제2캠퍼스,1992,65.6
2023,목원대학교,1469,60.1
2023,목포가톨릭대학교,116,78.4
2023,배재대학교,1592,60.3
2023,백석대학교,2817,66.9
2023,부산가톨릭대학교,945,70.9
2023,부산교육대학교,369,56.4
2023,부산대학교,4278,59.8
2023,부산디지털대학교,718,68.6
2023,부산외국어대학교,1546,58.8
2023,부산장신대학교,50,57.1
2023,사이버한국외국어대학교,1387,67.1
2023,삼육대학교,1286,69.1
2023,상명대학교,1462,62.7
2023,상명대학교 _제2캠퍼스,1369,63.1
2023,상지대학교,1242,65.2
2023,서강대학교,1886,71.3
2023,서경대학교,1362,73.4
2023,서울과학기술대학교,2163,67.2
2023,서울교육대학교,354,64.5
2023,서울기독대학교,95,58.9
2023,서울대학교,3113,71.3
2023,서울디지털대학교,3097,79.5
2023,서울사이버대학교,4157,80.3
2023,서울시립대학교,1951,67.2
2023,서울신학대학교,496,64.7
2023,서울여자대학교,1516,63.7
2023,서울장신대학교,110,56.5
2023,서울한영대학교,143,56.8
2023,서원대학교,1483,60.1
2023,선문대학교,1928,70.7
2023,성결대학교,1118,66.4
2023,성공회대학교,382,58.5
2023,성균관대학교,4122,73.8
2023,성신여자대학교,1979,60.9
2023,세명대학교,1609,64.8
2023,세종대학교,2698,65.3
2023,세종사이버대학교,2907,76.4
2023,세한대학교,760,66.4
2023,송원대학교,670,70.7
2023,수원가톨릭대학교,27,0.0
2023,수원대학교,1785,62.9
2023,숙명여자대학교,2180,64.6
2023,순복음총회신학교,31,45.5
2023,순천향대학교,2575,65.9
2023,숭실대학교,3087,70.9
2023,숭실사이버대학교,2134,77.1
2023,신경주대학교,196,61.2
2023,신라대학교,1778,59.4
2023,신한대학교,324,68.3
2023,신한대학교 _제2캠퍼스,1283,68.5
2023,아신대학교,125,0.0
2023,아주대학교,2286,70.4
2023,안양대학교,958,65.5
2023,안양대학교 _제2캠퍼스,50,51.0
2023,연세대학교,4030,71.6
2023,연세대학교(미래) _분교,1732,69.4
2023,영남대학교,4857,54.0
2023,영남신학대학교,104,52.2
2023,영산대학교(양산) _제2캠퍼스,577,70.6
2023,영산대학교(해운대),762,65.2
2023,영산선학대학교,7,0.0
2023,예수대학교,146,72.9
2023,예원예술대학교,196,62.7
2023,예원예술대학교 _제2캠퍼스,74,62.9
2023,용인대학교,1339,69.7
2023,우석대학교,1504,69.9
2023,우송대학교,1942,68.7
2023,울산과학기술원,498,66.7
2023,울산대학교,2805,57.9
2023,원광대학교,3132,62.6
2023,원광디지털대학교,1355,70.0
2023,위덕대학교,601,63.3
2023,유원대학교,799,66.0
2023,을지대학교,51,100.0
2023,을지대학교 _제2캠퍼스,838,79.0
2023,을지대학교 _제3캠퍼스,105,82.7
2023,이화여자대학교,3403,66.0
2023,인제대학교,1960,65.7
2023,인천가톨릭대학교,12,0.0
2023,인천가톨릭대학교 _제2캠퍼스,167,67.5
2023,인천대학교,2826,65.0
2023,인하대학교,3911,71.5
2023,장로회신학대학교,169,0.0
2023,전남대학교,3672,58.3
2023,전남대학교 _제2캠퍼스,532,60.0
2023,전북대학교,4070,62.8
2023,전주교육대학교,273,56.6
2023,전주대학교,2390,61.3
2023,정석대학,26,100.0
2023,제주국제대학교,162,71.3
2023,제주대학교,1911,64.5
2023,조선대학교,4167,57.8
2023,중부대학교,1644,64.6
2023,중앙대학교,4144,71.5
2023,중앙대학교 _제2캠퍼스,1075,64.9
2023,중앙승가대학교,40,0.0
2023,중원대학교,785,70.5
2023,진주교육대학교,323,58.6
2023,차의과학대학교,460,74.4
2023,창신대학교,425,69.2
2023,청운대학교,1453,69.2
2023,청주교육대학교,281,49.4
2023,청주대학교,2556,64.5
2023,초당대학교,711,72.3
2023,총신대학교,401,60.7
2023,추계예술대학교,262,62.1
2023,춘천교육대학교,321,62.2
2023,충남대학교,3474,64.1
2023,충북대학교,2987,59.7
2023,칼빈대학교,84,72.7
2023,평택대학교,847,59.8
2023,포항공과대학교,256,75.8
2023,한경국립대학교,1117,67.7
2023,한국공학대학교,1504,66.6
2023,한국과학기술원,709,70.3
2023,한국교원대학교,574,59.3
2023,한국기술교육대학교,868,80.1
2023,한국방송통신대학교,27027,74.3
2023,한국성서대학교,213,67.4
2023,한국열린사이버대학교,1664,74.9
2023,한국예술종합학교,496,61.4
2023,한국외국어대학교,3889,65.2
2023,한국전통문화대학교,134,63.0
2023,한국체육대학교,547,78.6
2023,한국침례신학대학교,269,53.9
2023,한국항공대학교,888,70.4
2023,한남대학교,2234,64.3
2023,한동대학교,771,67.6
2023,한라대학교,760,64.2
2023,한림대학교,1669,64.1
2023,한서대학교,1410,69.6
2023,한성대학교,1548,66.8
2023,한세대학교,536,73.5
2023,한신대학교,1067,59.8
2023,한양대학교,3559,71.8
2023,한양대학교(ERICA) _분교,2223,67.3
2023,한양사이버대학교,4077,81.2
2023,한일장신대학교,244,69.9
2023,협성대학교,931,61.8
2023,호남대학교,1892,65.3
2023,호남신학대학교,120,49.2
2023,호서대학교,2709,65.7
2023,호원대학교,1317,75.0
2023,홍익대학교,2888,65.5
2023,홍익대학교 _제2캠퍼스,1313,63.7
2023,화성의과학대학교,119,71.1
2023,화신사이버대학교,473,69.3
