기준년도,학교명_정규화,계열,총재적학생,총탈락자수,중도탈락률(%)
2010,가천대학교,공학계열,5331.0,149.68800000000002,2.8078784468204843
2010,가천대학교,예체능계열,575.0,8.959,1.558086956521739
2010,가천대학교,의학계열,129.0,0.0,0.0
2010,가천대학교,인문사회계열,4462.0,105.34,2.3608247422680413
2010,가천대학교,자연과학계열,2009.0,62.866,3.1292185166749626
2010,가톨릭관동대학교,공학계열,1909.0,157.703,8.261026715557884
2010,가톨릭관동대학교,예체능계열,601.0,68.077,11.32728785357737
2010,가톨릭관동대학교,의학계열,253.0,1.012,0.4
2010,가톨릭관동대학교,인문사회계열,6789.0,424.225,6.248711150390338
2010,가톨릭관동대학교,자연과학계열,174.0,9.918000000000001,5.700000000000001
2010,가톨릭꽃동네대학교,공학계열,173.0,3.979,2.3
2010,가톨릭꽃동네대학교,인문사회계열,445.0,12.905,2.9
2010,가톨릭대학교,공학계열,1050.0,32.221000000000004,3.068666666666667
2010,가톨릭대학교,예체능계열,272.0,10.064000000000002,3.7000000000000006
2010,가톨릭대학교,인문사회계열,4570.0,104.927,2.2959956236323853
2010,가톨릭대학교,자연과학계열,1171.0,38.870000000000005,3.3193851409052093
2010,가톨릭대학교 _제2캠퍼스,의학계열,363.0,1.089,0.3
2010,감리교신학대학교,인문사회계열,375.0,15.044999999999998,4.012
2010,강남대학교,공학계열,2066.0,116.786,5.6527589545014525
2010,강남대학교,예체능계열,658.0,52.885,8.037234042553191
2010,강남대학교,인문사회계열,3603.0,159.542,4.428032195392728
2010,강남대학교,자연과학계열,61.0,0.976,1.6
2010,강서대학교,예체능계열,231.0,30.954,13.4
2010,강서대학교,인문사회계열,373.0,29.157999999999994,7.817158176943698
2010,강원대학교,공학계열,4664.0,165.03900000000002,3.538572041166381
2010,강원대학교,예체능계열,762.0,36.815,4.831364829396325
2010,강원대학교,의학계열,229.0,5.055,2.2074235807860263
2010,강원대학교,인문사회계열,7564.0,166.064,2.1954521417239556
2010,강원대학교,자연과학계열,3181.0,96.417,3.0310279786230745
2010,강원대학교 _제2캠퍼스,공학계열,3991.0,234.704,5.880831871711351
2010,강원대학교 _제2캠퍼스,예체능계열,370.0,17.93,4.845945945945946
2010,강원대학교 _제2캠퍼스,인문사회계열,1743.0,103.761,5.953012048192771
2010,강원대학교 _제2캠퍼스,자연과학계열,464.0,26.874,5.791810344827586
2010,건국대학교,공학계열,5714.0,109.08,1.9089954497724886
2010,건국대학교,예체능계열,1425.0,20.317,1.4257543859649124
2010,건국대학교,의학계열,378.0,4.914000000000001,1.3
2010,건국대학교,인문사회계열,7989.0,78.381,0.9811115283514834
2010,건국대학교,자연과학계열,2379.0,83.07300000000001,3.4919293820933164
2010,건국대학교(글로컬) _분교,공학계열,1529.0,46.044,3.0113799869195548
2010,건국대학교(글로컬) _분교,예체능계열,787.0,13.084,1.6625158831003812
2010,건국대학교(글로컬) _분교,의학계열,668.0,40.138,6.008682634730539
2010,건국대학교(글로컬) _분교,인문사회계열,2656.0,43.885000000000005,1.6522966867469882
2010,건국대학교(글로컬) _분교,자연과학계열,835.0,31.115000000000002,3.7263473053892215
2010,건양대학교,공학계열,2188.0,154.858,7.077605118829982
2010,건양대학교,예체능계열,168.0,14.952000000000002,8.9
2010,건양대학교,인문사회계열,2917.0,191.927,6.579602331162153
2010,건양대학교,자연과학계열,386.0,12.057,3.1235751295336787
2010,건양대학교 _제2캠퍼스,의학계열,256.0,0.0,0.0
2010,경기대학교,공학계열,4144.0,133.629,3.224638030888031
2010,경기대학교,예체능계열,716.0,27.08,3.782122905027933
2010,경기대학교,인문사회계열,4745.0,155.32600000000002,3.273466807165438
2010,경기대학교,자연과학계열,781.0,24.964,3.196414852752881
2010,경기대학교 _제2캠퍼스,공학계열,119.0,2.9659999999999997,2.4924369747899155
2010,경기대학교 _제2캠퍼스,예체능계열,143.0,5.976,4.1790209790209785
2010,경기대학교 _제2캠퍼스,인문사회계열,1077.0,33.997,3.156638811513463
2010,경남대학교,공학계열,4961.0,309.877,6.2462608345091715
2010,경남대학교,예체능계열,487.0,29.854,6.130184804928131
2010,경남대학교,인문사회계열,9962.0,437.67900000000003,4.393485243926923
2010,경남대학교,자연과학계열,760.0,41.197,5.420657894736842
2010,경동대학교,공학계열,432.0,22.032,5.1
2010,경동대학교,예체능계열,170.0,19.04,11.2
2010,경동대학교,인문사회계열,2572.0,200.098,7.779860031104199
2010,경동대학교,자연과학계열,209.0,3.971,1.9
2010,경북대학교,공학계열,8525.0,195.948,2.298510263929619
2010,경북대학교,예체능계열,522.0,16.173000000000002,3.0982758620689657
2010,경북대학교,의학계열,278.0,6.1160000000000005,2.2
2010,경북대학교,인문사회계열,7242.0,128.434,1.7734603700635183
2010,경북대학교,자연과학계열,4189.0,114.046,2.7225113392217715
2010,경상국립대학교,공학계열,5740.0,164.386,2.863867595818815
2010,경상국립대학교,예체능계열,74.0,5.032,6.800000000000001
2010,경상국립대학교,의학계열,234.0,7.956,3.4000000000000004
2010,경상국립대학교,인문사회계열,6219.0,126.105,2.0277375783888085
2010,경상국립대학교,자연과학계열,3331.0,127.027,3.8134794356049233
2010,경성대학교,공학계열,3774.0,153.124,4.057339692633811
2010,경성대학교,예체능계열,3012.0,176.981,5.875863213811421
2010,경성대학교,인문사회계열,5928.0,214.521,3.6187753036437247
2010,경성대학교,자연과학계열,1496.0,72.051,4.8162433155080215
2010,경인교육대학교,인문사회계열,1775.0,16.937,0.9541971830985917
2010,경일대학교,공학계열,2634.0,224.423,8.520235383447229
2010,경일대학교,예체능계열,625.0,32.948,5.27168
2010,경일대학교,인문사회계열,1330.0,127.211,9.564736842105264
2010,경일대학교,자연과학계열,161.0,22.057,13.699999999999998
2010,경희대학교,공학계열,601.0,13.194000000000003,2.1953410981697177
2010,경희대학교,예체능계열,596.0,9.062000000000001,1.5204697986577183
2010,경희대학교,의학계열,579.0,0.994,0.17167530224525043
2010,경희대학교,인문사회계열,8611.0,144.376,1.6766461502729066
2010,경희대학교,자연과학계열,2013.0,60.131,2.9871336313959262
2010,계명대학교,공학계열,4435.0,170.33,3.8405862457722666
2010,계명대학교,예체능계열,2916.0,107.779,3.696124828532236
2010,계명대학교,의학계열,320.0,1.92,0.6
2010,계명대학교,인문사회계열,8879.0,256.238,2.885888050456132
2010,계명대학교,자연과학계열,1993.0,53.728,2.695835423983944
2010,고려대학교,공학계열,4453.0,85.941,1.929957332135639
2010,고려대학교,예체능계열,75.0,2.0250000000000004,2.7
2010,고려대학교,의학계열,379.0,1.895,0.5
2010,고려대학교,인문사회계열,11543.0,98.165,0.8504288313263451
2010,고려대학교,자연과학계열,2353.0,52.044,2.2118147046323844
2010,고려대학교(세종) _분교,공학계열,2096.0,65.604,3.1299618320610687
2010,고려대학교(세종) _분교,예체능계열,1111.0,32.556999999999995,2.93042304230423
2010,고려대학교(세종) _분교,인문사회계열,3383.0,69.318,2.0490097546556307
2010,고려대학교(세종) _분교,자연과학계열,1409.0,41.967,2.9784953867991484
2010,고신대학교,공학계열,151.0,9.985999999999999,6.613245033112582
2010,고신대학교,예체능계열,310.0,18.04,5.8193548387096765
2010,고신대학교,의학계열,305.0,0.915,0.3
2010,고신대학교,인문사회계열,1165.0,31.944000000000003,2.741974248927039
2010,고신대학교,자연과학계열,547.0,30.993000000000002,5.665996343692871
2010,공주교육대학교,인문사회계열,2088.0,28.678,1.3734674329501917
2010,광신대학교,예체능계열,86.0,6.0200000000000005,7.000000000000001
2010,광신대학교,인문사회계열,123.0,12.034000000000002,9.783739837398377
2010,광운대학교,공학계열,5726.0,163.554,2.8563395040167654
2010,광운대학교,예체능계열,171.0,3.933,2.3
2010,광운대학교,인문사회계열,2843.0,96.013,3.3771720014069646
2010,광운대학교,자연과학계열,1333.0,27.941,2.096099024756189
2010,광주과학기술원,인문사회계열,99.0,0.99,1.0
2010,광주교육대학교,인문사회계열,1885.0,15.155000000000001,0.8039787798408489
2010,광주대학교,공학계열,1087.0,116.003,10.671849126034958
2010,광주대학교,예체능계열,739.0,61.91499999999999,8.378213802435724
2010,광주대학교,의학계열,16.0,0.0,0.0
2010,광주대학교,인문사회계열,3654.0,293.555,8.033798576902026
2010,광주대학교,자연과학계열,57.0,6.984999999999999,12.25438596491228
2010,광주여자대학교,공학계열,176.0,4.927999999999999,2.7999999999999994
2010,광주여자대학교,예체능계열,218.0,22.967,10.53532110091743
2010,광주여자대학교,의학계열,33.0,10.988999999999999,33.3
2010,광주여자대학교,인문사회계열,1157.0,52.169,4.508988764044944
2010,광주여자대학교,자연과학계열,112.0,11.984,10.7
2010,국립강릉원주대학교,공학계열,1766.0,92.888,5.259796149490374
2010,국립강릉원주대학교,예체능계열,425.0,27.062000000000005,6.367529411764707
2010,국립강릉원주대학교,의학계열,160.0,0.96,0.6
2010,국립강릉원주대학교,인문사회계열,2325.0,84.044,3.614795698924731
2010,국립강릉원주대학교,자연과학계열,1622.0,89.187,5.4985819975339085
2010,국립강릉원주대학교 _제2캠퍼스,공학계열,1489.0,82.065,5.511417058428476
2010,국립강릉원주대학교 _제2캠퍼스,예체능계열,387.0,23.001,5.943410852713179
2010,국립강릉원주대학교 _제2캠퍼스,인문사회계열,186.0,4.0920000000000005,2.2
2010,국립경국대학교,공학계열,2610.0,103.772,3.975938697318008
2010,국립경국대학교,예체능계열,653.0,43.885999999999996,6.7206738131699835
2010,국립경국대학교,의학계열,202.0,12.022,5.951485148514852
2010,국립경국대학교,인문사회계열,3196.0,75.86200000000001,2.3736545682102634
2010,국립경국대학교,자연과학계열,1240.0,45.045,3.632661290322581
2010,국립공주대학교,공학계열,5095.0,172.908,3.393680078508341
2010,국립공주대학교,예체능계열,939.0,41.891999999999996,4.461341853035143
2010,국립공주대학교,인문사회계열,4874.0,97.995,2.0105662700041034
2010,국립공주대학교,자연과학계열,1617.0,60.81699999999999,3.7611008039579468
2010,국립군산대학교,공학계열,4222.0,316.08,7.486499289436285
2010,국립군산대학교,예체능계열,739.0,54.028000000000006,7.310960757780785
2010,국립군산대학교,의학계열,222.0,15.096000000000002,6.800000000000001
2010,국립군산대학교,인문사회계열,1891.0,99.185,5.245108408249603
2010,국립군산대학교,자연과학계열,2362.0,158.965,6.7301016088060965
2010,국립금오공과대학교,공학계열,6799.0,273.136,4.017296661273717
2010,국립금오공과대학교,인문사회계열,366.0,12.078000000000001,3.3000000000000003
2010,국립금오공과대학교,자연과학계열,769.0,38.114000000000004,4.956306892067621
2010,국립목포대학교,공학계열,2834.0,119.87100000000001,4.229745942131263
2010,국립목포대학교,예체능계열,610.0,33.847,5.548688524590164
2010,국립목포대학교,인문사회계열,3159.0,128.65800000000002,4.0727445394112065
2010,국립목포대학교,자연과학계열,1099.0,63.149,5.746041856232939
2010,국립목포해양대학교,자연과학계열,1361.0,113.165,8.314842027920646
2010,국립부경대학교,공학계열,7533.0,243.947,3.2383778043276252
2010,국립부경대학교,예체능계열,464.0,19.079,4.111853448275863
2010,국립부경대학교,의학계열,201.0,6.029999999999999,2.9999999999999996
2010,국립부경대학교,인문사회계열,4683.0,118.62299999999999,2.5330557335041637
2010,국립부경대학교,자연과학계열,3934.0,112.84899999999999,2.868556176919166
2010,국립순천대학교,공학계열,2395.0,144.339,6.026680584551148
2010,국립순천대학교,예체능계열,772.0,48.902,6.334455958549223
2010,국립순천대학교,의학계열,184.0,20.032,10.88695652173913
2010,국립순천대학교,인문사회계열,3121.0,120.26,3.853252162768343
2010,국립순천대학교,자연과학계열,884.0,50.986000000000004,5.76764705882353
2010,국립창원대학교,공학계열,4002.0,109.518,2.736581709145427
2010,국립창원대학교,예체능계열,704.0,31.902,4.531534090909091
2010,국립창원대학교,인문사회계열,3081.0,62.56,2.0305095748133724
2010,국립창원대학교,자연과학계열,923.0,25.085,2.7177681473456126
2010,국립한국교통대학교,공학계열,966.0,35.987,3.72536231884058
2010,국립한국교통대학교,예체능계열,35.0,1.015,2.9
2010,국립한국교통대학교,인문사회계열,225.0,9.036,4.016
2010,국립한국교통대학교,자연과학계열,34.0,7.0040000000000004,20.6
2010,국립한국해양대학교,공학계열,2789.0,88.385,3.1690570096808894
2010,국립한국해양대학교,인문사회계열,1397.0,36.824,2.635934144595562
2010,국립한국해양대학교,자연과학계열,1554.0,47.219,3.0385456885456885
2010,국민대학교,공학계열,4963.0,156.872,3.160830143058634
2010,국민대학교,예체능계열,2129.0,98.907,4.645702207609206
2010,국민대학교,인문사회계열,6307.0,191.22,3.0318693515141906
2010,국민대학교,자연과학계열,1300.0,36.049,2.773
2010,극동대학교,공학계열,677.0,58.17600000000001,8.59320531757755
2010,극동대학교,예체능계열,1080.0,76.995,7.129166666666667
2010,극동대학교,인문사회계열,2018.0,145.18,7.194251734390486
2010,금강대학교,인문사회계열,93.0,3.9989999999999997,4.3
2010,김천대학교,공학계열,40.0,5.0,12.5
2010,김천대학교,예체능계열,30.0,2.0100000000000002,6.7
2010,김천대학교,인문사회계열,190.0,9.019,4.746842105263157
2010,김천대학교,자연과학계열,41.0,2.993,7.3
2010,나사렛대학교,공학계열,313.0,23.9,7.635782747603834
2010,나사렛대학교,예체능계열,731.0,17.987000000000002,2.4606019151846787
2010,나사렛대학교,인문사회계열,2196.0,74.535,3.394125683060109
2010,남부대학교,공학계열,254.0,33.066,13.018110236220473
2010,남부대학교,예체능계열,208.0,14.014,6.737499999999999
2010,남부대학교,의학계열,55.0,4.015,7.3
2010,남부대학교,인문사회계열,684.0,65.116,9.519883040935673
2010,남부대학교,자연과학계열,91.0,6.006,6.6000000000000005
2010,단국대학교,공학계열,3331.0,131.92700000000002,3.9605824076853806
2010,단국대학교,예체능계열,575.0,36.833,6.405739130434783
2010,단국대학교,인문사회계열,6550.0,218.11,3.3299236641221377
2010,단국대학교,자연과학계열,1532.0,62.681000000000004,4.09144908616188
2010,대구가톨릭대학교,공학계열,3676.0,195.633,5.32189880304679
2010,대구가톨릭대학교,예체능계열,806.0,71.904,8.921091811414392
2010,대구가톨릭대학교,의학계열,191.0,0.9550000000000001,0.5
2010,대구가톨릭대학교,인문사회계열,6079.0,226.626,3.7280144760651424
2010,대구가톨릭대학교,자연과학계열,1274.0,69.97200000000001,5.492307692307693
2010,대구교육대학교,인문사회계열,2242.0,16.859,0.7519625334522748
2010,대구대학교,공학계열,5899.0,282.303,4.78560773012375
2010,대구대학교,예체능계열,1332.0,70.99600000000001,5.330030030030031
2010,대구대학교,인문사회계열,11321.0,318.632,2.814521685363484
2010,대구대학교,자연과학계열,2118.0,94.244,4.4496694995278565
2010,대구예술대학교,예체능계열,1018.0,101.882,10.008055009823183
2010,대구예술대학교,인문사회계열,53.0,4.007000000000001,7.560377358490566
2010,대구한의대학교,공학계열,1103.0,91.842,8.326563916591114
2010,대구한의대학교,예체능계열,539.0,41.964,7.785528756957329
2010,대구한의대학교,의학계열,776.0,10.108,1.302577319587629
2010,대구한의대학교,인문사회계열,1828.0,131.101,7.171827133479212
2010,대구한의대학교,자연과학계열,501.0,24.898999999999997,4.969860279441117
2010,대신대학교,공학계열,31.0,10.012999999999998,32.3
2010,대신대학교,예체능계열,152.0,10.032,6.6000000000000005
2010,대신대학교,인문사회계열,98.0,7.98,8.142857142857144
2010,대전대학교,공학계열,2495.0,167.457,6.711703406813626
2010,대전대학교,예체능계열,921.0,52.768,5.72942453854506
2010,대전대학교,의학계열,367.0,6.973,1.9
2010,대전대학교,인문사회계열,5246.0,252.65,4.816050324056424
2010,대전대학교,자연과학계열,842.0,50.102,5.9503562945368165
2010,대진대학교,공학계열,2912.0,190.82299999999998,6.552987637362636
2010,대진대학교,예체능계열,577.0,38.979,6.7554592720970525
2010,대진대학교,인문사회계열,2781.0,146.184,5.256526429341963
2010,대진대학교,자연과학계열,1043.0,65.014,6.233365292425694
2010,덕성여자대학교,공학계열,480.0,19.985000000000003,4.163541666666667
2010,덕성여자대학교,예체능계열,757.0,23.048000000000002,3.044649933949802
2010,덕성여자대학교,인문사회계열,1854.0,45.821,2.471467098166127
2010,덕성여자대학교,자연과학계열,1175.0,37.814,3.218212765957447
2010,동국대학교,공학계열,4418.0,107.151,2.4253282028067
2010,동국대학교,예체능계열,885.0,26.031000000000002,2.94135593220339
2010,동국대학교,인문사회계열,9334.0,208.636,2.2352260552817653
2010,동국대학교,자연과학계열,1513.0,36.108000000000004,2.3865168539325845
2010,동국대학교(WISE) _분교,공학계열,1633.0,70.73400000000001,4.33153704837722
2010,동국대학교(WISE) _분교,예체능계열,1027.0,57.76200000000001,5.624342745861734
2010,동국대학교(WISE) _분교,의학계열,513.0,2.131,0.4153996101364522
2010,동국대학교(WISE) _분교,인문사회계열,3970.0,157.02,3.9551637279596976
2010,동국대학교(WISE) _분교,자연과학계열,666.0,30.884,4.637237237237237
2010,동덕여자대학교,공학계열,772.0,28.874000000000002,3.740155440414508
2010,동덕여자대학교,예체능계열,1381.0,45.868,3.3213613323678497
2010,동덕여자대학교,인문사회계열,2356.0,87.322,3.7063667232597624
2010,동덕여자대학교,자연과학계열,694.0,28.967000000000002,4.173919308357349
2010,동명대학교,공학계열,3931.0,289.966,7.376392775375224
2010,동명대학교,예체능계열,1014.0,97.167,9.582544378698225
2010,동명대학교,인문사회계열,2298.0,164.05700000000002,7.1391209747606625
2010,동서대학교,공학계열,3651.0,258.896,7.091098329224871
2010,동서대학교,예체능계열,2163.0,142.992,6.610818307905686
2010,동서대학교,인문사회계열,3155.0,134.012,4.247606973058637
2010,동서대학교,자연과학계열,25.0,5.0,20.0
2010,동신대학교,공학계열,1512.0,154.927,10.246494708994708
2010,동신대학교,예체능계열,389.0,53.096999999999994,13.64961439588689
2010,동신대학교,의학계열,199.0,0.995,0.5
2010,동신대학교,인문사회계열,3236.0,237.963,7.353615574783684
2010,동신대학교,자연과학계열,230.0,21.973,9.553478260869564
2010,동아대학교,공학계열,8356.0,215.852,2.58319770224988
2010,동아대학교,예체능계열,1566.0,60.895,3.888569604086846
2010,동아대학교,의학계열,175.0,1.05,0.6
2010,동아대학교,인문사회계열,7591.0,152.805,2.0129758925042815
2010,동아대학교,자연과학계열,2688.0,63.33200000000001,2.3561011904761906
2010,동양대학교,공학계열,1701.0,168.039,9.878835978835978
2010,동양대학교,예체능계열,151.0,18.934,12.539072847682121
2010,동양대학교,인문사회계열,1877.0,112.207,5.977996803409695
2010,동양대학교,자연과학계열,215.0,19.974,9.290232558139536
2010,동의대학교,공학계열,6660.0,370.94100000000003,5.5696846846846855
2010,동의대학교,예체능계열,1524.0,130.137,8.539173228346456
2010,동의대학교,의학계열,189.0,0.9450000000000001,0.5
2010,동의대학교,인문사회계열,7603.0,341.225,4.488031040378798
2010,동의대학교,자연과학계열,1725.0,105.774,6.131826086956522
2010,명지대학교,공학계열,6097.0,236.291,3.875528948663277
2010,명지대학교,예체능계열,1716.0,42.043,2.4500582750582747
2010,명지대학교,자연과학계열,1917.0,62.381,3.2540949400104333
2010,명지대학교 _제2캠퍼스,공학계열,397.0,9.925,2.5
2010,명지대학교 _제2캠퍼스,예체능계열,189.0,4.914000000000001,2.6
2010,명지대학교 _제2캠퍼스,인문사회계열,5719.0,133.467,2.33374715859416
2010,목원대학교,공학계열,3234.0,212.586,6.573469387755103
2010,목원대학교,예체능계열,1241.0,60.219,4.8524576954069305
2010,목원대학교,인문사회계열,5351.0,318.959,5.960736310969912
2010,목원대학교,자연과학계열,373.0,31.995999999999995,8.578016085790884
2010,목포가톨릭대학교,인문사회계열,79.0,3.002,3.8
2010,배재대학교,공학계열,2313.0,160.899,6.956290531776912
2010,배재대학교,예체능계열,1159.0,70.096,6.047972389991372
2010,배재대학교,인문사회계열,5908.0,299.989,5.077674339878131
2010,배재대학교,자연과학계열,1000.0,74.82300000000001,7.4823
2010,백석대학교,공학계열,2246.0,172.942,7.7
2010,백석대학교,예체능계열,2493.0,165.688,6.646129161652627
2010,백석대학교,인문사회계열,2970.0,107.028,3.6036363636363635
2010,부산가톨릭대학교,공학계열,359.0,36.129999999999995,10.064066852367686
2010,부산가톨릭대학교,인문사회계열,1686.0,81.10400000000001,4.81043890865955
2010,부산가톨릭대학교,자연과학계열,166.0,11.952000000000002,7.200000000000001
2010,부산교육대학교,인문사회계열,2211.0,20.958000000000002,0.947896879240163
2010,부산대학교,공학계열,7883.0,260.424,3.3036153748572876
2010,부산대학교,예체능계열,1113.0,41.991,3.7727762803234497
2010,부산대학교,의학계열,19.0,0.0,0.0
2010,부산대학교,인문사회계열,8770.0,181.427,2.068722919042189
2010,부산대학교,자연과학계열,4466.0,233.96699999999998,5.23884908195253
2010,부산외국어대학교,공학계열,495.0,44.1,8.90909090909091
2010,부산외국어대학교,예체능계열,502.0,59.236000000000004,11.8
2010,부산외국어대학교,인문사회계열,4048.0,223.541,5.52225790513834
2010,부산장신대학교,인문사회계열,103.0,5.047000000000001,4.900000000000001
2010,삼육대학교,공학계열,728.0,46.107000000000006,6.333379120879122
2010,삼육대학교,예체능계열,1364.0,76.94300000000001,5.640982404692084
2010,삼육대학교,인문사회계열,1132.0,56.113,4.956978798586572
2010,삼육대학교,자연과학계열,878.0,42.886,4.884510250569477
2010,상명대학교,공학계열,665.0,32.146,4.833984962406015
2010,상명대학교,예체능계열,403.0,19.950000000000003,4.9503722084367245
2010,상명대학교,인문사회계열,3865.0,114.716,2.9680724450194047
2010,상명대학교,자연과학계열,994.0,30.845,3.1031187122736417
2010,상지대학교,공학계열,1578.0,60.781,3.8517743979721164
2010,상지대학교,예체능계열,844.0,46.167,5.470023696682465
2010,상지대학교,의학계열,260.0,2.08,0.8
2010,상지대학교,인문사회계열,4058.0,170.028,4.189945786101528
2010,상지대학교,자연과학계열,606.0,24.025000000000002,3.964521452145215
2010,서강대학교,공학계열,1869.0,44.222,2.3660781166399145
2010,서강대학교,인문사회계열,6680.0,103.88000000000001,1.5550898203592816
2010,서강대학교,자연과학계열,1101.0,38.95700000000001,3.538328792007267
2010,서경대학교,공학계열,2723.0,175.486,6.444583180315827
2010,서경대학교,예체능계열,558.0,45.074000000000005,8.077777777777778
2010,서경대학교,인문사회계열,2329.0,123.922,5.32082438814942
2010,서경대학교,자연과학계열,464.0,35.954,7.748706896551724
2010,서울교육대학교,인문사회계열,2139.0,19.833,0.9272089761570826
2010,서울기독대학교,공학계열,249.0,45.069,18.1
2010,서울기독대학교,예체능계열,108.0,19.98,18.5
2010,서울대학교,공학계열,3861.0,54.088,1.4008806008806007
2010,서울대학교,예체능계열,314.0,0.99,0.31528662420382164
2010,서울대학교,의학계열,678.0,3.87,0.5707964601769911
2010,서울대학교,인문사회계열,7111.0,65.25,0.9175924623822248
2010,서울대학교,자연과학계열,3036.0,70.001,2.3056982872200265
2010,서울시립대학교,공학계열,3378.0,95.30799999999999,2.821432800473653
2010,서울시립대학교,예체능계열,152.0,10.944,7.200000000000001
2010,서울시립대학교,인문사회계열,4549.0,98.488,2.165047263134755
2010,서울시립대학교,자연과학계열,1213.0,40.742,3.3587798845836763
2010,서울신학대학교,예체능계열,448.0,28.224,6.3
2010,서울신학대학교,인문사회계열,660.0,29.91,4.531818181818182
2010,서울여자대학교,공학계열,529.0,24.013,4.539319470699433
2010,서울여자대학교,예체능계열,840.0,21.124000000000002,2.514761904761905
2010,서울여자대학교,인문사회계열,2984.0,81.746,2.7394772117962463
2010,서울여자대학교,자연과학계열,1130.0,37.916000000000004,3.355398230088496
2010,서울장신대학교,예체능계열,155.0,11.004999999999999,7.1
2010,서울한영대학교,예체능계열,79.0,7.031000000000001,8.9
2010,서원대학교,공학계열,1339.0,117.968,8.810156833457805
2010,서원대학교,예체능계열,929.0,89.17,9.59849300322928
2010,서원대학교,인문사회계열,4633.0,236.82600000000002,5.111720267645155
2010,서원대학교,자연과학계열,475.0,18.981,3.9960000000000004
2010,선문대학교,공학계열,3350.0,277.136,8.272716417910448
2010,선문대학교,예체능계열,389.0,25.922,6.66375321336761
2010,선문대학교,의학계열,150.0,7.95,5.3
2010,선문대학교,인문사회계열,4368.0,308.782,7.069184981684981
2010,선문대학교,자연과학계열,664.0,44.016,6.628915662650601
2010,성결대학교,공학계열,816.0,57.09400000000001,6.996813725490197
2010,성결대학교,예체능계열,483.0,30.102000000000004,6.232298136645963
2010,성결대학교,인문사회계열,1819.0,74.572,4.099615173172073
2010,성결대학교,자연과학계열,216.0,20.951999999999998,9.7
2010,성공회대학교,공학계열,476.0,24.188000000000002,5.081512605042017
2010,성공회대학교,인문사회계열,618.0,32.934,5.329126213592232
2010,성균관대학교,공학계열,4637.0,107.00800000000001,2.3076989432822947
2010,성균관대학교,예체능계열,677.0,12.928,1.9096011816838996
2010,성균관대학교,의학계열,127.0,0.0,0.0
2010,성균관대학교,인문사회계열,9898.0,147.222,1.4873913922004445
2010,성균관대학교,자연과학계열,2888.0,98.282,3.403116343490305
2010,성신여자대학교,공학계열,765.0,12.854,1.6802614379084966
2010,성신여자대학교,예체능계열,382.0,8.01,2.0968586387434556
2010,성신여자대학교,인문사회계열,3333.0,97.76400000000001,2.9332133213321336
2010,성신여자대학교,자연과학계열,1460.0,62.202,4.260410958904109
2010,세명대학교,공학계열,3462.0,210.574,6.0824378971692665
2010,세명대학교,예체능계열,1188.0,90.84200000000001,7.646632996632998
2010,세명대학교,의학계열,194.0,0.0,0.0
2010,세명대학교,인문사회계열,4421.0,230.90900000000002,5.223003845283873
2010,세명대학교,자연과학계열,658.0,37.772000000000006,5.7404255319148945
2010,세종대학교,공학계열,5776.0,225.06,3.896468144044321
2010,세종대학교,예체능계열,1542.0,50.939,3.3034370946822307
2010,세종대학교,인문사회계열,2689.0,69.955,2.601524730383042
2010,세종대학교,자연과학계열,1508.0,54.072,3.5856763925729442
2010,세한대학교,공학계열,461.0,29.066,6.304989154013015
2010,세한대학교,예체능계열,1019.0,134.204,13.170166830225712
2010,세한대학교,인문사회계열,1637.0,109.26299999999999,6.674587660354306
2010,세한대학교,자연과학계열,80.0,2.016,2.52
2010,수원대학교,공학계열,4262.0,224.113,5.258399812294697
2010,수원대학교,예체능계열,1569.0,111.601,7.112874442319948
2010,수원대학교,인문사회계열,2823.0,107.586,3.8110520722635495
2010,수원대학교,자연과학계열,1850.0,131.02100000000002,7.082216216216216
2010,숙명여자대학교,공학계열,591.0,17.139,2.9
2010,숙명여자대학교,예체능계열,965.0,32.088,3.3251813471502594
2010,숙명여자대학교,인문사회계열,5303.0,136.29000000000002,2.570054686026778
2010,숙명여자대학교,자연과학계열,1049.0,56.977000000000004,5.431553860819829
2010,순천향대학교,공학계열,3312.0,197.38799999999998,5.959782608695652
2010,순천향대학교,예체능계열,827.0,68.039,8.22720677146312
2010,순천향대학교,의학계열,652.0,22.092000000000002,3.3883435582822092
2010,순천향대학교,인문사회계열,4434.0,221.345,4.991993685160126
2010,순천향대학교,자연과학계열,2031.0,105.922,5.215263417035942
2010,숭실대학교,공학계열,7054.0,133.14100000000002,1.8874539268500146
2010,숭실대학교,예체능계열,265.0,10.07,3.8
2010,숭실대학교,인문사회계열,5743.0,139.13,2.422601427825178
2010,숭실대학교,자연과학계열,1519.0,32.757,2.156484529295589
2010,신경주대학교,공학계열,821.0,116.036,14.133495736906212
2010,신경주대학교,예체능계열,309.0,54.979,17.79255663430421
2010,신경주대학교,인문사회계열,3119.0,343.964,11.028021801859571
2010,신라대학교,공학계열,2700.0,219.971,8.147074074074075
2010,신라대학교,예체능계열,1779.0,138.143,7.765205171444632
2010,신라대학교,인문사회계열,4695.0,211.097,4.496208732694356
2010,신라대학교,자연과학계열,580.0,25.158,4.337586206896552
2010,아신대학교,인문사회계열,226.0,16.046,7.1
2010,아주대학교,공학계열,5225.0,153.30599999999998,2.9340861244019134
2010,아주대학교,의학계열,185.0,0.0,0.0
2010,아주대학교,인문사회계열,2047.0,54.139,2.644797264289204
2010,아주대학교,자연과학계열,176.0,5.984,3.4000000000000004
2010,안양대학교,공학계열,1199.0,66.997,5.587739783152627
2010,안양대학교,예체능계열,567.0,49.008,8.643386243386244
2010,안양대학교,인문사회계열,1903.0,111.781,5.873935890698897
2010,안양대학교,자연과학계열,476.0,30.996000000000002,6.511764705882353
2010,안양대학교 _제2캠퍼스,공학계열,185.0,17.944999999999997,9.7
2010,안양대학교 _제2캠퍼스,인문사회계열,365.0,31.852,8.726575342465754
2010,안양대학교 _제2캠퍼스,자연과학계열,186.0,10.044,5.4
2010,연세대학교,공학계열,4722.0,68.28,1.445997458703939
2010,연세대학교,예체능계열,377.0,8.982,2.382493368700265
2010,연세대학교,의학계열,599.0,6.147,1.0262103505843072
2010,연세대학교,인문사회계열,9631.0,69.459,0.7212023673554149
2010,연세대학교,자연과학계열,1817.0,54.923,3.02272977435333
2010,연세대학교(미래) _분교,공학계열,1388.0,37.309,2.6879682997118155
2010,연세대학교(미래) _분교,예체능계열,430.0,11.120000000000001,2.586046511627907
2010,연세대학교(미래) _분교,의학계열,444.0,2.22,0.5
2010,연세대학교(미래) _분교,인문사회계열,3060.0,70.97800000000001,2.3195424836601313
2010,연세대학교(미래) _분교,자연과학계열,1183.0,29.990000000000002,2.535080304311074
2010,영남대학교,공학계열,8119.0,233.068,2.8706490947160983
2010,영남대학교,예체능계열,1459.0,48.895,3.3512679917751886
2010,영남대학교,의학계열,260.0,0.0,0.0
2010,영남대학교,인문사회계열,8277.0,210.589,2.544267246586928
2010,영남대학교,자연과학계열,3388.0,94.822,2.7987603305785127
2010,영남신학대학교,인문사회계열,177.0,7.08,4.0
2010,영산대학교,공학계열,274.0,28.956000000000003,10.567883211678833
2010,영산대학교,인문사회계열,1519.0,124.20800000000001,8.176958525345624
2010,영산대학교 _제2캠퍼스,공학계열,175.0,5.074999999999999,2.8999999999999995
2010,영산대학교 _제2캠퍼스,예체능계열,517.0,59.023,11.416441005802708
2010,영산대학교 _제2캠퍼스,인문사회계열,631.0,60.836000000000006,9.641204437400951
2010,예원예술대학교,공학계열,82.0,1.968,2.4
2010,예원예술대학교,예체능계열,759.0,57.015,7.511857707509882
2010,예원예술대학교,인문사회계열,116.0,15.007000000000001,12.937068965517243
2010,용인대학교,공학계열,738.0,36.824,4.98970189701897
2010,용인대학교,예체능계열,1264.0,70.086,5.544778481012658
2010,용인대학교,인문사회계열,1215.0,53.769000000000005,4.425432098765433
2010,용인대학교,자연과학계열,792.0,27.208000000000002,3.435353535353536
2010,우석대학교,공학계열,1590.0,112.081,7.049119496855346
2010,우석대학교,예체능계열,835.0,92.97200000000001,11.13437125748503
2010,우석대학교,의학계열,367.0,14.993999999999998,4.085558583106266
2010,우석대학교,인문사회계열,3836.0,199.071,5.189546402502606
2010,우석대학교,자연과학계열,709.0,35.874,5.059802538787024
2010,우송대학교,공학계열,879.0,48.791000000000004,5.550739476678044
2010,우송대학교,예체능계열,316.0,9.892,3.1303797468354424
2010,우송대학교,인문사회계열,1611.0,79.90800000000002,4.9601489757914345
2010,울산과학기술원,공학계열,187.0,1.014,0.5422459893048128
2010,울산과학기술원,예체능계열,17.0,0.0,0.0
2010,울산과학기술원,인문사회계열,116.0,1.044,0.9000000000000001
2010,울산과학기술원,자연과학계열,123.0,0.984,0.8
2010,울산대학교,공학계열,6189.0,192.555,3.1112457586039746
2010,울산대학교,예체능계열,1907.0,87.416,4.58395385422129
2010,울산대학교,의학계열,164.0,0.0,0.0
2010,울산대학교,인문사회계열,3077.0,84.313,2.740103997400065
2010,울산대학교,자연과학계열,2530.0,94.933,3.752292490118577
2010,원광대학교,공학계열,5282.0,249.96099999999998,4.732317304051495
2010,원광대학교,예체능계열,1663.0,82.33,4.950691521346963
2010,원광대학교,의학계열,1101.0,1.983,0.1801089918256131
2010,원광대학교,인문사회계열,9011.0,325.78999999999996,3.6154699811341686
2010,원광대학교,자연과학계열,2589.0,83.28,3.2166859791425257
2010,위덕대학교,공학계열,1434.0,154.067,10.743863319386332
2010,위덕대학교,예체능계열,269.0,34.941,12.98921933085502
2010,위덕대학교,인문사회계열,868.0,59.055,6.803571428571428
2010,위덕대학교,자연과학계열,60.0,3.012,5.0200000000000005
2010,유원대학교,공학계열,780.0,51.980000000000004,6.664102564102564
2010,유원대학교,예체능계열,391.0,33.922,8.675703324808183
2010,유원대학교,인문사회계열,1141.0,78.92800000000001,6.917440841367223
2010,유원대학교,자연과학계열,127.0,11.049,8.7
2010,을지대학교,의학계열,193.0,0.0,0.0
2010,을지대학교,인문사회계열,196.0,10.954,5.588775510204082
2010,을지대학교 _제2캠퍼스,공학계열,285.0,10.027000000000001,3.518245614035088
2010,을지대학교 _제2캠퍼스,예체능계열,164.0,10.004,6.1
2010,을지대학교 _제2캠퍼스,인문사회계열,718.0,27.055,3.768105849582173
2010,을지대학교 _제2캠퍼스,자연과학계열,412.0,20.068,4.870873786407767
2010,이화여자대학교,공학계열,1222.0,32.103,2.62708674304419
2010,이화여자대학교,예체능계열,1139.0,13.862,1.2170324846356453
2010,이화여자대학교,인문사회계열,7294.0,69.85900000000001,0.9577598025774612
2010,이화여자대학교,자연과학계열,2446.0,108.87,4.450940310711365
2010,인제대학교,공학계열,3247.0,165.913,5.109732060363413
2010,인제대학교,예체능계열,1167.0,60.748000000000005,5.2054841473864615
2010,인제대학교,인문사회계열,2739.0,84.39399999999999,3.0811975173420953
2010,인제대학교,자연과학계열,671.0,22.990000000000002,3.426229508196722
2010,인천가톨릭대학교,예체능계열,336.0,19.974,5.944642857142857
2010,인천대학교,공학계열,3302.0,133.14600000000002,4.032283464566929
2010,인천대학교,예체능계열,367.0,19.097,5.203542234332426
2010,인천대학교,인문사회계열,3097.0,113.612,3.6684533419438163
2010,인천대학교,자연과학계열,1119.0,33.101,2.9580875781948164
2010,인하대학교,공학계열,8389.0,127.82,1.5236619382524734
2010,인하대학교,예체능계열,759.0,22.77,3.0
2010,인하대학교,의학계열,121.0,0.0,0.0
2010,인하대학교,인문사회계열,5249.0,90.75800000000001,1.7290531529815203
2010,인하대학교,자연과학계열,1705.0,30.006999999999998,1.7599413489736069
2010,장로회신학대학교,예체능계열,291.0,9.894,3.4000000000000004
2010,장로회신학대학교,인문사회계열,327.0,3.924,1.2
2010,전남대학교,공학계열,3737.0,109.852,2.9395772009633396
2010,전남대학교,예체능계열,842.0,20.208000000000002,2.4000000000000004
2010,전남대학교,의학계열,652.0,3.724,0.5711656441717792
2010,전남대학교,인문사회계열,8096.0,185.733,2.29413290513834
2010,전남대학교,자연과학계열,4293.0,164.727,3.8371069182389936
2010,전남대학교 _제2캠퍼스,공학계열,1432.0,126.321,8.821298882681564
2010,전남대학교 _제2캠퍼스,의학계열,328.0,13.120000000000001,4.0
2010,전남대학교 _제2캠퍼스,인문사회계열,1162.0,52.262,4.497590361445783
2010,전남대학교 _제2캠퍼스,자연과학계열,1546.0,87.13300000000001,5.636028460543338
2010,전북대학교,공학계열,8190.0,271.897,3.31986568986569
2010,전북대학교,예체능계열,637.0,36.889,5.79105180533752
2010,전북대학교,의학계열,224.0,1.8990000000000002,0.8477678571428572
2010,전북대학교,인문사회계열,7073.0,158.538,2.2414534143927614
2010,전북대학교,자연과학계열,2324.0,57.86,2.489672977624785
2010,전주교육대학교,인문사회계열,1661.0,13.051,0.7857314870559904
2010,전주대학교,공학계열,2830.0,186.953,6.606113074204948
2010,전주대학교,예체능계열,1656.0,118.24799999999999,7.1405797101449275
2010,전주대학교,인문사회계열,7924.0,402.57,5.080388692579505
2010,전주대학교,자연과학계열,38.0,3.0020000000000002,7.9
2010,제주대학교,공학계열,2655.0,78.132,2.9428248587570627
2010,제주대학교,예체능계열,356.0,15.005,4.214887640449438
2010,제주대학교,의학계열,266.0,0.93,0.34962406015037595
2010,제주대학교,인문사회계열,5694.0,116.936,2.0536705303828593
2010,제주대학교,자연과학계열,2274.0,81.257,3.573306948109059
2010,조선대학교,공학계열,7561.0,397.303,5.254635630207645
2010,조선대학교,예체능계열,2716.0,134.123,4.9382547864506625
2010,조선대학교,의학계열,482.0,3.9650000000000003,0.8226141078838175
2010,조선대학교,인문사회계열,10216.0,399.095,3.9065681284259988
2010,조선대학교,자연과학계열,2612.0,119.826,4.587519142419602
2010,중부대학교,공학계열,2228.0,109.13300000000001,4.898249551166966
2010,중부대학교,예체능계열,1260.0,93.983,7.458968253968254
2010,중부대학교,인문사회계열,3943.0,218.13500000000002,5.532208977935583
2010,중부대학교,자연과학계열,513.0,27.884999999999998,5.435672514619883
2010,중앙대학교,공학계열,4614.0,132.19,2.864976159514521
2010,중앙대학교,의학계열,303.0,0.909,0.3
2010,중앙대학교,인문사회계열,8435.0,163.98100000000002,1.9440545346769416
2010,중앙대학교,자연과학계열,2723.0,86.608,3.1806096217407274
2010,중앙승가대학교,인문사회계열,65.0,0.975,1.5
2010,중원대학교,공학계열,190.0,14.004999999999999,7.371052631578946
2010,진주교육대학교,인문사회계열,1905.0,10.866,0.5703937007874016
2010,차의과학대학교,공학계열,274.0,4.988,1.8204379562043798
2010,차의과학대학교,자연과학계열,76.0,4.028,5.299999999999999
2010,청운대학교,공학계열,1323.0,116.095,8.775132275132275
2010,청운대학교,예체능계열,260.0,17.94,6.9
2010,청운대학교,인문사회계열,3783.0,219.273,5.796272799365583
2010,청운대학교,자연과학계열,450.0,28.002000000000002,6.222666666666667
2010,청주교육대학교,인문사회계열,1724.0,13.847,0.8031902552204175
2010,청주대학교,공학계열,3364.0,155.225,4.6142984542211645
2010,청주대학교,예체능계열,1573.0,63.736000000000004,4.051875397329943
2010,청주대학교,인문사회계열,8670.0,239.922,2.767266435986159
2010,청주대학교,자연과학계열,550.0,20.122,3.6585454545454548
2010,총신대학교,예체능계열,378.0,29.105999999999998,7.7
2010,총신대학교,인문사회계열,836.0,30.097,3.6001196172248804
2010,춘천교육대학교,인문사회계열,1946.0,15.799,0.8118705035971223
2010,충남대학교,공학계열,5721.0,141.933,2.4809124278972203
2010,충남대학교,예체능계열,361.0,19.956,5.52797783933518
2010,충남대학교,의학계열,521.0,2.016,0.3869481765834933
2010,충남대학교,인문사회계열,7938.0,151.976,1.9145376669186192
2010,충남대학교,자연과학계열,4744.0,119.129,2.5111509274873525
2010,충북대학교,공학계열,6539.0,202.567,3.097828414130601
2010,충북대학교,예체능계열,456.0,14.892,3.26578947368421
2010,충북대학교,의학계열,510.0,14.102,2.7650980392156863
2010,충북대학교,인문사회계열,5581.0,137.749,2.46817774592367
2010,충북대학교,자연과학계열,2889.0,123.138,4.2623052959501555
2010,칼빈대학교,예체능계열,78.0,7.9879999999999995,10.24102564102564
2010,칼빈대학교,인문사회계열,18.0,3.006,16.7
2010,칼빈대학교,자연과학계열,12.0,0.996,8.3
2010,평택대학교,공학계열,768.0,72.167,9.396744791666666
2010,평택대학교,예체능계열,771.0,66.117,8.575486381322959
2010,평택대학교,인문사회계열,1746.0,101.917,5.83717067583047
2010,평택대학교,자연과학계열,29.0,4.011,13.831034482758623
2010,포항공과대학교,공학계열,771.0,2.028,0.2630350194552529
2010,포항공과대학교,자연과학계열,653.0,9.08,1.3905053598774884
2010,한국과학기술원,공학계열,1167.0,12.179,1.0436161096829477
2010,한국과학기술원,자연과학계열,810.0,10.030000000000001,1.2382716049382716
2010,한국교원대학교,인문사회계열,2781.0,58.806000000000004,2.114563106796117
2010,한국기술교육대학교,공학계열,3171.0,126.918,4.002459791863766
2010,한국기술교육대학교,예체능계열,257.0,10.023,3.9
2010,한국기술교육대학교,인문사회계열,1045.0,35.53,3.4000000000000004
2010,한국기술교육대학교,자연과학계열,269.0,12.105,4.5
2010,한국방송통신대학교,공학계열,14363.0,3705.654,25.8
2010,한국방송통신대학교,인문사회계열,147530.0,28997.112999999998,19.655062021283808
2010,한국방송통신대학교,자연과학계열,14505.0,2926.456,20.175498104102036
2010,한국성서대학교,공학계열,199.0,15.92,8.0
2010,한국예술종합학교,공학계열,117.0,0.0,0.0
2010,한국예술종합학교,예체능계열,884.0,8.0,0.904977375565611
2010,한국예술종합학교,인문사회계열,119.0,0.9520000000000001,0.8
2010,한국외국어대학교,인문사회계열,5321.0,108.852,2.0457056944183423
2010,한국체육대학교,예체능계열,1768.0,37.074,2.0969457013574657
2010,한국체육대학교,인문사회계열,184.0,2.944,1.6
2010,한국침례신학대학교,예체능계열,250.0,11.000000000000002,4.4
2010,한국침례신학대학교,인문사회계열,651.0,20.019,3.0751152073732713
2010,한국항공대학교,공학계열,5195.0,107.77499999999999,2.0745909528392685
2010,한국항공대학교,인문사회계열,1104.0,41.913999999999994,3.7965579710144923
2010,한남대학교,공학계열,2945.0,144.18800000000002,4.896027164685909
2010,한남대학교,예체능계열,837.0,45.119,5.390561529271206
2010,한남대학교,인문사회계열,7174.0,263.868,3.678115416782827
2010,한남대학교,자연과학계열,2060.0,116.153,5.638495145631068
2010,한동대학교,공학계열,1017.0,20.101,1.9764995083579155
2010,한동대학교,인문사회계열,1789.0,19.514,1.090776970374511
2010,한동대학교,자연과학계열,455.0,6.825,1.5000000000000002
2010,한라대학교,공학계열,2656.0,205.296,7.729518072289156
2010,한라대학교,예체능계열,309.0,34.910000000000004,11.297734627831717
2010,한라대학교,인문사회계열,1973.0,102.76,5.208312214901166
2010,한라대학교,자연과학계열,155.0,15.034999999999998,9.7
2010,한림대학교,공학계열,1576.0,68.888,4.3710659898477155
2010,한림대학교,예체능계열,461.0,26.046999999999997,5.650108459869847
2010,한림대학교,의학계열,314.0,1.8840000000000001,0.6
2010,한림대학교,인문사회계열,4095.0,126.645,3.092673992673993
2010,한림대학교,자연과학계열,1693.0,72.068,4.256822209096279
2010,한서대학교,공학계열,2830.0,164.043,5.796572438162544
2010,한서대학교,예체능계열,1086.0,92.145,8.484806629834253
2010,한서대학교,인문사회계열,1303.0,62.917,4.828626247122026
2010,한서대학교,자연과학계열,924.0,85.1,9.20995670995671
2010,한성대학교,공학계열,1959.0,108.842,5.5559979581419086
2010,한성대학교,예체능계열,1126.0,47.023,4.176110124333926
2010,한성대학교,인문사회계열,2452.0,106.94200000000001,4.361419249592171
2010,한성대학교,자연과학계열,192.0,9.024000000000001,4.700000000000001
2010,한세대학교,공학계열,725.0,21.921,3.0235862068965518
2010,한세대학교,예체능계열,644.0,28.111000000000004,4.365062111801243
2010,한세대학교,인문사회계열,1448.0,44.042,3.0415745856353595
2010,한신대학교,공학계열,1482.0,90.989,6.139608636977059
2010,한신대학교,예체능계열,276.0,16.008,5.8
2010,한신대학교,인문사회계열,2882.0,167.171,5.800520471894517
2010,한신대학교,자연과학계열,510.0,36.943999999999996,7.243921568627449
2010,한양대학교,공학계열,6674.0,158.554,2.3756967335930477
2010,한양대학교,예체능계열,695.0,16.044,2.3084892086330933
2010,한양대학교,의학계열,363.0,2.178,0.6
2010,한양대학교,인문사회계열,6747.0,111.22800000000001,1.6485549132947979
2010,한양대학교,자연과학계열,2165.0,72.221,3.335842956120093
2010,한양대학교(ERICA) _분교,공학계열,4855.0,115.964,2.3885478887744593
2010,한양대학교(ERICA) _분교,예체능계열,905.0,17.95,1.9834254143646406
2010,한양대학교(ERICA) _분교,인문사회계열,4825.0,92.723,1.921720207253886
2010,한양대학교(ERICA) _분교,자연과학계열,1335.0,35.914,2.690187265917603
2010,한일장신대학교,예체능계열,72.0,1.992,2.7666666666666666
2010,협성대학교,공학계열,876.0,56.93000000000001,6.498858447488585
2010,협성대학교,예체능계열,1065.0,86.649,8.136056338028169
2010,협성대학교,인문사회계열,987.0,72.87700000000001,7.383687943262412
2010,협성대학교,자연과학계열,186.0,15.066,8.1
2010,호남대학교,공학계열,2346.0,195.214,8.321142369991474
2010,호남대학교,예체능계열,1443.0,146.195,10.131323631323632
2010,호남대학교,인문사회계열,3587.0,271.852,7.578812378031781
2010,호남신학대학교,예체능계열,231.0,15.939000000000002,6.9
2010,호서대학교,공학계열,4784.0,312.40999999999997,6.530309364548495
2010,호서대학교,예체능계열,1990.0,148.226,7.448542713567839
2010,호서대학교,인문사회계열,3701.0,239.427,6.4692515536341535
2010,호서대학교,자연과학계열,1429.0,85.834,6.006578026592023
2010,호원대학교,공학계열,871.0,81.819,9.393685419058553
2010,호원대학교,예체능계열,443.0,7.9,1.783295711060948
2010,호원대학교,인문사회계열,2021.0,125.302,6.200000000000001
2010,홍익대학교,공학계열,7134.0,176.172,2.4694701429772916
2010,홍익대학교,예체능계열,777.0,6.992000000000001,0.8998712998713
2010,홍익대학교,인문사회계열,5373.0,145.299,2.704243439419319
2010,홍익대학교,자연과학계열,327.0,10.137,3.1
2010,화성의과학대학교,공학계열,53.0,3.9749999999999996,7.5
2010,화성의과학대학교,예체능계열,118.0,9.010000000000002,7.6355932203389845
2010,화성의과학대학교,인문사회계열,317.0,34.028000000000006,10.734384858044166
2011,가천대학교,공학계열,5476.0,178.74800000000002,3.264207450693937
2011,가천대학교,예체능계열,546.0,20.028,3.668131868131868
2011,가천대학교,의학계열,121.0,0.0,0.0
2011,가천대학교,인문사회계열,5038.0,135.462,2.6888050813815005
2011,가천대학교,자연과학계열,1983.0,78.98,3.9828542612203734
2011,가톨릭관동대학교,공학계열,2017.0,112.37400000000001,5.571343579573624
2011,가톨릭관동대학교,예체능계열,900.0,56.102000000000004,6.233555555555556
2011,가톨릭관동대학교,의학계열,237.0,1.8960000000000001,0.8
2011,가톨릭관동대학교,인문사회계열,7199.0,302.956,4.208306709265177
2011,가톨릭관동대학교,자연과학계열,204.0,7.956,3.9
2011,가톨릭꽃동네대학교,공학계열,181.0,1.086,0.6
2011,가톨릭꽃동네대학교,인문사회계열,448.0,14.784,3.3000000000000003
2011,가톨릭대학교,공학계열,1056.0,30.051000000000002,2.8457386363636363
2011,가톨릭대학교,예체능계열,270.0,12.96,4.8
2011,가톨릭대학교,인문사회계열,4786.0,130.934,2.7357709987463434
2011,가톨릭대학교,자연과학계열,1238.0,36.037,2.910904684975767
2011,가톨릭대학교 _제2캠퍼스,의학계열,246.0,0.984,0.4
2011,감리교신학대학교,인문사회계열,371.0,1.02,0.2749326145552561
2011,강남대학교,공학계열,1955.0,113.82900000000001,5.822455242966752
2011,강남대학교,예체능계열,809.0,54.892,6.785166872682325
2011,강남대학교,인문사회계열,3668.0,176.106,4.801145038167939
2011,강남대학교,자연과학계열,92.0,11.96,13.0
2011,강서대학교,예체능계열,222.0,25.973999999999997,11.699999999999998
2011,강서대학교,인문사회계열,450.0,38.124,8.472
2011,강원대학교,공학계열,4869.0,166.423,3.4180119120969397
2011,강원대학교,예체능계열,745.0,28.888,3.8775838926174497
2011,강원대학교,의학계열,179.0,1.9669999999999999,1.0988826815642456
2011,강원대학교,인문사회계열,7294.0,204.418,2.8025500411296957
2011,강원대학교,자연과학계열,2600.0,116.16,4.467692307692308
2011,강원대학교 _제2캠퍼스,공학계열,3956.0,201.615,5.096435793731042
2011,강원대학교 _제2캠퍼스,예체능계열,373.0,28.137,7.543431635388741
2011,강원대학교 _제2캠퍼스,인문사회계열,1851.0,85.838,4.637385197190707
2011,강원대학교 _제2캠퍼스,자연과학계열,458.0,31.96,6.978165938864629
2011,건국대학교,공학계열,5810.0,159.814,2.750671256454389
2011,건국대학교,예체능계열,1516.0,32.786,2.162664907651715
2011,건국대학교,의학계열,381.0,3.048,0.8
2011,건국대학교,인문사회계열,8205.0,92.858,1.1317245581962219
2011,건국대학교,자연과학계열,2525.0,95.895,3.797821782178218
2011,건국대학교(글로컬) _분교,공학계열,1616.0,70.431,4.358353960396039
2011,건국대학교(글로컬) _분교,예체능계열,840.0,16.806,2.000714285714286
2011,건국대학교(글로컬) _분교,의학계열,657.0,13.797,2.1
2011,건국대학교(글로컬) _분교,인문사회계열,3421.0,83.849,2.4510084770534935
2011,건국대학교(글로컬) _분교,자연과학계열,931.0,31.078000000000003,3.338131041890441
2011,건양대학교,공학계열,2121.0,128.989,6.081518151815182
2011,건양대학교,예체능계열,174.0,9.918000000000001,5.700000000000001
2011,건양대학교,인문사회계열,2800.0,139.764,4.991571428571429
2011,건양대학교,자연과학계열,228.0,15.96,7.000000000000001
2011,건양대학교 _제2캠퍼스,의학계열,236.0,0.9440000000000001,0.4
2011,경기대학교,공학계열,4551.0,174.857,3.842166556800703
2011,경기대학교,예체능계열,606.0,20.114,3.3191419141914196
2011,경기대학교,인문사회계열,4685.0,126.528,2.7007043756670224
2011,경기대학교,자연과학계열,1278.0,40.032000000000004,3.1323943661971834
2011,경기대학교 _제2캠퍼스,공학계열,120.0,2.959,2.4658333333333333
2011,경기대학교 _제2캠퍼스,예체능계열,133.0,2.947,2.2157894736842105
2011,경기대학교 _제2캠퍼스,인문사회계열,1388.0,42.137,3.035806916426513
2011,경남대학교,공학계열,4803.0,358.044,7.454590880699563
2011,경남대학교,예체능계열,452.0,31.964,7.071681415929203
2011,경남대학교,인문사회계열,9973.0,489.69800000000004,4.910237641632407
2011,경남대학교,자연과학계열,772.0,35.884,4.648186528497409
2011,경동대학교,공학계열,448.0,44.800000000000004,10.0
2011,경동대학교,예체능계열,183.0,14.091,7.7
2011,경동대학교,인문사회계열,2581.0,183.23000000000002,7.099186361875242
2011,경동대학교,자연과학계열,242.0,15.004,6.2
2011,경북대학교,공학계열,8151.0,163.796,2.0095203042571463
2011,경북대학교,예체능계열,529.0,11.044,2.0877126654064275
2011,경북대학교,의학계열,273.0,4.095,1.5
2011,경북대학교,인문사회계열,6975.0,102.671,1.4719856630824373
2011,경북대학교,자연과학계열,4389.0,100.342,2.286215538847118
2011,경상국립대학교,공학계열,6374.0,195.666,3.0697521179792906
2011,경상국립대학교,예체능계열,110.0,4.97,4.518181818181818
2011,경상국립대학교,의학계열,237.0,9.954,4.2
2011,경상국립대학교,인문사회계열,5725.0,116.645,2.037467248908297
2011,경상국립대학교,자연과학계열,3377.0,118.029,3.4950843944329284
2011,경성대학교,공학계열,3693.0,191.169,5.176523151909017
2011,경성대학교,예체능계열,2356.0,155.816,6.613582342954159
2011,경성대학교,의학계열,166.0,9.959999999999999,6.0
2011,경성대학교,인문사회계열,6165.0,224.978,3.649278183292782
2011,경성대학교,자연과학계열,1800.0,107.324,5.962444444444444
2011,경인교육대학교,인문사회계열,1990.0,39.561,1.9879899497487437
2011,경일대학교,공학계열,2617.0,190.234,7.269163163928162
2011,경일대학교,예체능계열,758.0,45.875,6.052110817941952
2011,경일대학교,인문사회계열,1476.0,115.90599999999999,7.8527100271002706
2011,경일대학교,자연과학계열,161.0,9.015999999999998,5.599999999999999
2011,경희대학교,공학계열,582.0,7.828,1.3450171821305843
2011,경희대학교,예체능계열,580.0,10.011000000000001,1.726034482758621
2011,경희대학교,의학계열,524.0,2.98,0.5687022900763359
2011,경희대학교,인문사회계열,9258.0,149.187,1.6114387556707712
2011,경희대학교,자연과학계열,2010.0,72.996,3.6316417910447756
2011,계명대학교,공학계열,4539.0,160.6,3.538224278475435
2011,계명대학교,예체능계열,3035.0,152.349,5.019736408566721
2011,계명대학교,의학계열,316.0,0.0,0.0
2011,계명대학교,인문사회계열,9446.0,301.096,3.1875502858352744
2011,계명대학교,자연과학계열,2172.0,65.10300000000001,2.9973756906077353
2011,고려대학교,공학계열,4470.0,77.601,1.7360402684563756
2011,고려대학교,예체능계열,104.0,0.0,0.0
2011,고려대학교,의학계열,330.0,2.97,0.9000000000000001
2011,고려대학교,인문사회계열,11293.0,99.05300000000001,0.8771185690250599
2011,고려대학교,자연과학계열,2402.0,50.46000000000001,2.1007493755204
2011,고려대학교(세종) _분교,공학계열,2045.0,66.593,3.2563814180929094
2011,고려대학교(세종) _분교,예체능계열,1060.0,34.87599999999999,3.2901886792452824
2011,고려대학교(세종) _분교,인문사회계열,3313.0,89.60300000000001,2.704587986718986
2011,고려대학교(세종) _분교,자연과학계열,1424.0,52.8,3.707865168539325
2011,고신대학교,공학계열,139.0,12.002,8.63453237410072
2011,고신대학교,예체능계열,345.0,20.037000000000003,5.807826086956522
2011,고신대학교,의학계열,297.0,0.891,0.3
2011,고신대학교,인문사회계열,1161.0,36.271,3.1241171403962102
2011,고신대학교,자연과학계열,565.0,31.928,5.650973451327434
2011,공주교육대학교,인문사회계열,1997.0,12.068000000000001,0.6043064596895343
2011,광신대학교,예체능계열,106.0,11.024000000000001,10.4
2011,광신대학교,인문사회계열,148.0,9.99,6.75
2011,광운대학교,공학계열,5604.0,180.699,3.224464668094219
2011,광운대학교,예체능계열,191.0,1.9100000000000001,1.0
2011,광운대학교,인문사회계열,3166.0,97.518,3.0801642451042324
2011,광운대학교,자연과학계열,1525.0,51.995000000000005,3.4095081967213114
2011,광주과학기술원,인문사회계열,199.0,5.97,3.0
2011,광주교육대학교,인문사회계열,1802.0,13.152,0.7298557158712541
2011,광주대학교,공학계열,1173.0,118.022,10.061551577152601
2011,광주대학교,예체능계열,771.0,76.069,9.866277561608301
2011,광주대학교,의학계열,44.0,1.98,4.5
2011,광주대학교,인문사회계열,3764.0,333.606,8.86307120085016
2011,광주대학교,자연과학계열,109.0,3.0519999999999996,2.8
2011,광주여자대학교,공학계열,505.0,9.090000000000002,1.8000000000000003
2011,광주여자대학교,예체능계열,202.0,15.983,7.9123762376237625
2011,광주여자대학교,의학계열,125.0,10.0,8.0
2011,광주여자대학교,인문사회계열,1192.0,52.929,4.440352348993288
2011,광주여자대학교,자연과학계열,120.0,5.04,4.2
2011,국립강릉원주대학교,공학계열,1723.0,74.208,4.306906558328497
2011,국립강릉원주대학교,예체능계열,447.0,25.059,5.606040268456376
2011,국립강릉원주대학교,의학계열,152.0,0.0,0.0
2011,국립강릉원주대학교,인문사회계열,2410.0,66.035,2.740041493775933
2011,국립강릉원주대학교,자연과학계열,1754.0,90.063,5.134720638540479
2011,국립강릉원주대학교 _제2캠퍼스,공학계열,1544.0,74.907,4.851489637305699
2011,국립강릉원주대학교 _제2캠퍼스,예체능계열,404.0,25.939999999999998,6.42079207920792
2011,국립강릉원주대학교 _제2캠퍼스,인문사회계열,164.0,2.9520000000000004,1.8000000000000003
2011,국립경국대학교,공학계열,2562.0,80.32900000000001,3.135402029664325
2011,국립경국대학교,예체능계열,629.0,51.066,8.118600953895072
2011,국립경국대학교,의학계열,183.0,12.078000000000001,6.6000000000000005
2011,국립경국대학교,인문사회계열,3237.0,81.11,2.5057151683657706
2011,국립경국대학교,자연과학계열,1251.0,41.81,3.342126298960831
2011,국립공주대학교,공학계열,5049.0,196.983,3.9014260249554367
2011,국립공주대학교,예체능계열,876.0,37.827,4.318150684931506
2011,국립공주대학교,인문사회계열,4943.0,97.32400000000001,1.968925753590937
2011,국립공주대학교,자연과학계열,1606.0,41.9,2.6089663760896635
2011,국립군산대학교,공학계열,4056.0,317.113,7.818367850098619
2011,국립군산대학교,예체능계열,648.0,49.869,7.695833333333334
2011,국립군산대학교,의학계열,217.0,11.935,5.5
2011,국립군산대학교,인문사회계열,2078.0,121.855,5.86405197305101
2011,국립군산대학교,자연과학계열,2334.0,160.99200000000002,6.897686375321338
2011,국립금오공과대학교,공학계열,7030.0,193.68,2.7550497866287342
2011,국립금오공과대학교,예체능계열,40.0,0.0,0.0
2011,국립금오공과대학교,인문사회계열,359.0,5.026,1.4000000000000001
2011,국립금오공과대학교,자연과학계열,749.0,17.105,2.2837116154873165
2011,국립목포대학교,공학계열,2804.0,134.103,4.7825606276747505
2011,국립목포대학교,예체능계열,614.0,35.077000000000005,5.712866449511401
2011,국립목포대학교,인문사회계열,3009.0,118.90899999999999,3.9517779993353273
2011,국립목포대학교,자연과학계열,1169.0,61.918,5.296663815226689
2011,국립목포해양대학교,자연과학계열,1315.0,101.00200000000001,7.680760456273765
2011,국립부경대학교,공학계열,7873.0,254.193,3.228667598120158
2011,국립부경대학교,예체능계열,454.0,20.932,4.6105726872246695
2011,국립부경대학교,의학계열,210.0,6.09,2.9
2011,국립부경대학교,인문사회계열,4892.0,124.00200000000001,2.534791496320523
2011,국립부경대학교,자연과학계열,3911.0,118.453,3.0287138839171566
2011,국립순천대학교,공학계열,2340.0,179.198,7.658034188034188
2011,국립순천대학교,예체능계열,793.0,55.99700000000001,7.06141235813367
2011,국립순천대학교,의학계열,185.0,18.034999999999997,9.748648648648647
2011,국립순천대학교,인문사회계열,3225.0,131.856,4.088558139534883
2011,국립순천대학교,자연과학계열,997.0,60.963,6.114643931795386
2011,국립창원대학교,공학계열,3807.0,115.20100000000001,3.026030995534542
2011,국립창원대학교,예체능계열,710.0,42.081,5.926901408450705
2011,국립창원대학교,인문사회계열,3147.0,92.89800000000001,2.9519542421353675
2011,국립창원대학교,자연과학계열,1015.0,25.991999999999997,2.560788177339901
2011,국립한국교통대학교,공학계열,2314.0,70.897,3.0638288677614525
2011,국립한국교통대학교,예체능계열,68.0,2.9920000000000004,4.4
2011,국립한국교통대학교,인문사회계열,534.0,8.924,1.6711610486891384
2011,국립한국교통대학교,자연과학계열,29.0,0.9860000000000001,3.4000000000000004
2011,국립한국해양대학교,공학계열,2677.0,94.665,3.53623459096003
2011,국립한국해양대학교,인문사회계열,1406.0,39.035,2.776315789473684
2011,국립한국해양대학교,자연과학계열,1588.0,43.107,2.714546599496222
2011,국민대학교,공학계열,4776.0,129.058,2.702219430485762
2011,국민대학교,예체능계열,2169.0,77.159,3.557353619179346
2011,국민대학교,인문사회계열,6273.0,154.74400000000003,2.4668260800255064
2011,국민대학교,자연과학계열,1302.0,39.996,3.071889400921659
2011,극동대학교,공학계열,586.0,73.101,12.47457337883959
2011,극동대학교,예체능계열,1075.0,78.986,7.3475348837209316
2011,극동대학교,인문사회계열,1926.0,146.162,7.5888888888888895
2011,금강대학교,인문사회계열,129.0,2.064,1.6
2011,김천대학교,공학계열,76.0,6.0040000000000004,7.9
2011,김천대학교,예체능계열,59.0,8.024000000000001,13.600000000000001
2011,김천대학교,인문사회계열,373.0,15.03,4.029490616621984
2011,김천대학교,자연과학계열,76.0,5.016,6.6000000000000005
2011,나사렛대학교,공학계열,276.0,21.053000000000004,7.627898550724639
2011,나사렛대학교,예체능계열,770.0,34.051,4.422207792207793
2011,나사렛대학교,인문사회계열,2359.0,87.179,3.6955913522679102
2011,남부대학교,공학계열,278.0,25.102,9.0294964028777
2011,남부대학교,예체능계열,248.0,36.911,14.883467741935485
2011,남부대학교,의학계열,99.0,7.028999999999999,7.1
2011,남부대학교,인문사회계열,725.0,66.24499999999999,9.137241379310343
2011,남부대학교,자연과학계열,99.0,7.028999999999999,7.1
2011,단국대학교,공학계열,3546.0,97.427,2.7475183305132544
2011,단국대학교,예체능계열,629.0,28.076999999999998,4.463751987281399
2011,단국대학교,인문사회계열,6828.0,171.71,2.5147920328060924
2011,단국대학교,자연과학계열,2058.0,68.875,3.346695821185617
2011,대구가톨릭대학교,공학계열,3845.0,200.394,5.211807542262679
2011,대구가톨릭대학교,예체능계열,825.0,57.983000000000004,7.028242424242424
2011,대구가톨릭대학교,의학계열,188.0,0.9400000000000001,0.5
2011,대구가톨릭대학교,인문사회계열,6139.0,219.487,3.5752891350382803
2011,대구가톨릭대학교,자연과학계열,1265.0,64.051,5.0633201581027665
2011,대구교육대학교,인문사회계열,2144.0,16.123,0.7520055970149254
2011,대구대학교,공학계열,6005.0,352.954,5.87766860949209
2011,대구대학교,예체능계열,1226.0,59.82900000000001,4.880016313213704
2011,대구대학교,인문사회계열,11407.0,420.212,3.6838081879547646
2011,대구대학교,자연과학계열,2348.0,155.142,6.607410562180579
2011,대구예술대학교,공학계열,115.0,17.974999999999998,15.630434782608694
2011,대구예술대학교,예체능계열,1121.0,137.873,12.299107939339875
2011,대구예술대학교,인문사회계열,49.0,5.978,12.2
2011,대구예술대학교,자연과학계열,24.0,4.007999999999999,16.699999999999996
2011,대구한의대학교,공학계열,1173.0,94.94800000000001,8.094458653026429
2011,대구한의대학교,예체능계열,471.0,29.17,6.193205944798302
2011,대구한의대학교,의학계열,743.0,14.814,1.9938088829071332
2011,대구한의대학교,인문사회계열,1715.0,92.212,5.376793002915452
2011,대구한의대학교,자연과학계열,523.0,26.116,4.993499043977055
2011,대신대학교,예체능계열,168.0,19.954,11.877380952380953
2011,대신대학교,인문사회계열,114.0,10.992,9.642105263157895
2011,대전대학교,공학계열,2278.0,144.12300000000002,6.3267339771729585
2011,대전대학교,예체능계열,917.0,72.217,7.8753544165757905
2011,대전대학교,의학계열,350.0,3.8500000000000005,1.1
2011,대전대학교,인문사회계열,5432.0,306.895,5.649760677466863
2011,대전대학교,자연과학계열,831.0,64.047,7.707220216606498
2011,대진대학교,공학계열,2891.0,210.106,7.267589069526115
2011,대진대학교,예체능계열,580.0,42.001,7.24155172413793
2011,대진대학교,인문사회계열,2851.0,176.696,6.197685022799018
2011,대진대학교,자연과학계열,1076.0,71.804,6.673234200743494
2011,덕성여자대학교,공학계열,455.0,14.956,3.287032967032967
2011,덕성여자대학교,예체능계열,763.0,26.003,3.407994757536042
2011,덕성여자대학교,인문사회계열,2223.0,69.229,3.1142150247413407
2011,덕성여자대학교,자연과학계열,1450.0,45.047000000000004,3.1066896551724144
2011,동국대학교,공학계열,4474.0,114.382,2.5565936522127855
2011,동국대학교,예체능계열,874.0,20.043,2.29324942791762
2011,동국대학교,인문사회계열,9205.0,178.025,1.9340032590983163
2011,동국대학교,자연과학계열,1435.0,35.121,2.4474564459930317
2011,동국대학교(WISE) _분교,공학계열,1620.0,72.839,4.496234567901235
2011,동국대학교(WISE) _분교,예체능계열,1016.0,62.915,6.1924212598425195
2011,동국대학교(WISE) _분교,의학계열,480.0,0.0,0.0
2011,동국대학교(WISE) _분교,인문사회계열,4015.0,187.73700000000002,4.675890410958905
2011,동국대학교(WISE) _분교,자연과학계열,761.0,31.075000000000003,4.083442838370566
2011,동덕여자대학교,공학계열,672.0,25.042000000000005,3.726488095238096
2011,동덕여자대학교,예체능계열,1472.0,41.842,2.842527173913043
2011,동덕여자대학교,인문사회계열,2237.0,79.887,3.5711667411712114
2011,동덕여자대학교,자연과학계열,770.0,30.828000000000003,4.003636363636364
2011,동명대학교,공학계열,4607.0,427.228,9.273453440416757
2011,동명대학교,예체능계열,1190.0,118.037,9.9190756302521
2011,동명대학교,인문사회계열,2667.0,227.197,8.518822647169104
2011,동서대학교,공학계열,3590.0,262.649,7.316128133704735
2011,동서대학교,예체능계열,2065.0,147.998,7.166973365617434
2011,동서대학교,인문사회계열,3229.0,137.299,4.252059461133478
2011,동서대학교,자연과학계열,14.0,4.0040000000000004,28.6
2011,동신대학교,공학계열,1573.0,136.687,8.689574062301336
2011,동신대학교,예체능계열,370.0,60.99499999999999,16.48513513513513
2011,동신대학교,의학계열,200.0,0.0,0.0
2011,동신대학교,인문사회계열,2964.0,242.733,8.189372469635629
2011,동신대학교,자연과학계열,230.0,19.944,8.671304347826087
2011,동아대학교,공학계열,8399.0,235.11200000000002,2.7992856292415764
2011,동아대학교,예체능계열,1634.0,53.687000000000005,3.28561811505508
2011,동아대학교,의학계열,130.0,0.0,0.0
2011,동아대학교,인문사회계열,7957.0,147.73700000000002,1.8566922206861884
2011,동아대학교,자연과학계열,2734.0,74.076,2.7094367227505485
2011,동양대학교,공학계열,1626.0,124.18900000000001,7.63769987699877
2011,동양대학교,예체능계열,167.0,27.036,16.18922155688623
2011,동양대학교,인문사회계열,1934.0,91.669,4.739865563598759
2011,동양대학교,자연과학계열,244.0,23.032000000000004,9.439344262295084
2011,동의대학교,공학계열,6524.0,384.91,5.899908031882281
2011,동의대학교,예체능계열,1509.0,97.065,6.432405566600398
2011,동의대학교,의학계열,195.0,0.0,0.0
2011,동의대학교,인문사회계열,7499.0,358.515,4.780837444992665
2011,동의대학교,자연과학계열,1740.0,99.90199999999999,5.741494252873562
2011,명지대학교,공학계열,5945.0,265.73,4.469806560134567
2011,명지대학교,예체능계열,1737.0,89.043,5.126252158894647
2011,명지대학교,자연과학계열,1936.0,83.837,4.330423553719009
2011,명지대학교 _제2캠퍼스,공학계열,412.0,14.008000000000001,3.4000000000000004
2011,명지대학교 _제2캠퍼스,예체능계열,205.0,4.1,1.9999999999999998
2011,명지대학교 _제2캠퍼스,인문사회계열,5872.0,205.26600000000002,3.495674386920981
2011,목원대학교,공학계열,3220.0,199.865,6.206987577639752
2011,목원대학교,예체능계열,1255.0,73.843,5.88390438247012
2011,목원대학교,인문사회계열,5331.0,316.235,5.932001500656538
2011,목원대학교,자연과학계열,407.0,23.955,5.885749385749385
2011,목포가톨릭대학교,인문사회계열,75.0,9.0,12.0
2011,배재대학교,공학계열,2323.0,166.859,7.182910030133449
2011,배재대학교,예체능계열,1143.0,106.095,9.282152230971128
2011,배재대학교,인문사회계열,5990.0,329.79,5.5056761268781305
2011,배재대학교,자연과학계열,1002.0,83.13300000000001,8.296706586826348
2011,백석대학교,공학계열,2147.0,148.143,6.9
2011,백석대학교,예체능계열,2224.0,126.31400000000001,5.679586330935252
2011,백석대학교,인문사회계열,3424.0,140.76500000000001,4.1111273364485985
2011,부산가톨릭대학교,공학계열,345.0,30.965999999999998,8.975652173913042
2011,부산가톨릭대학교,인문사회계열,1705.0,92.79100000000001,5.442287390029326
2011,부산가톨릭대학교,자연과학계열,162.0,7.938000000000001,4.9
2011,부산교육대학교,인문사회계열,2066.0,17.027,0.8241529525653437
2011,부산대학교,공학계열,7786.0,194.916,2.5034163883894167
2011,부산대학교,예체능계열,1174.0,41.156,3.5056218057921633
2011,부산대학교,의학계열,15.0,0.0,0.0
2011,부산대학교,인문사회계열,8478.0,148.749,1.7545293701344655
2011,부산대학교,자연과학계열,4423.0,110.861,2.5064661994121638
2011,부산외국어대학교,공학계열,450.0,19.831,4.406888888888889
2011,부산외국어대학교,예체능계열,475.0,30.875,6.5
2011,부산외국어대학교,인문사회계열,3857.0,155.57,4.033445683173451
2011,부산장신대학교,인문사회계열,101.0,3.03,3.0
2011,삼육대학교,공학계열,802.0,43.232,5.390523690773067
2011,삼육대학교,예체능계열,1379.0,67.858,4.920812182741117
2011,삼육대학교,인문사회계열,1392.0,62.816,4.51264367816092
2011,삼육대학교,자연과학계열,855.0,48.118,5.627836257309942
2011,상명대학교,공학계열,634.0,29.886,4.713880126182965
2011,상명대학교,예체능계열,352.0,17.015,4.833806818181818
2011,상명대학교,인문사회계열,3851.0,97.782,2.5391326928070628
2011,상명대학교,자연과학계열,1033.0,32.807,3.175895450145208
2011,상지대학교,공학계열,1664.0,109.058,6.553966346153847
2011,상지대학교,예체능계열,887.0,45.012,5.074633596392334
2011,상지대학교,의학계열,260.0,1.04,0.4
2011,상지대학교,인문사회계열,4145.0,189.112,4.562412545235223
2011,상지대학교,자연과학계열,633.0,48.162,7.608530805687204
2011,서강대학교,공학계열,1883.0,42.541,2.2592140201805626
2011,서강대학교,인문사회계열,6788.0,80.126,1.180406599882145
2011,서강대학교,자연과학계열,1081.0,32.792,3.0334875115633673
2011,서경대학교,공학계열,2710.0,184.84300000000002,6.820774907749078
2011,서경대학교,예체능계열,705.0,51.022999999999996,7.237304964539007
2011,서경대학교,인문사회계열,2172.0,127.47,5.8687845303867405
2011,서경대학교,자연과학계열,462.0,24.098,5.216017316017315
2011,서울교육대학교,인문사회계열,2005.0,18.904,0.9428428927680798
2011,서울기독대학교,공학계열,235.0,19.975,8.5
2011,서울기독대학교,예체능계열,113.0,14.012,12.4
2011,서울대학교,공학계열,3831.0,47.120000000000005,1.2299660663012268
2011,서울대학교,예체능계열,261.0,4.0440000000000005,1.549425287356322
2011,서울대학교,의학계열,621.0,2.9749999999999996,0.4790660225442833
2011,서울대학교,인문사회계열,6838.0,37.827,0.5531880666861656
2011,서울대학교,자연과학계열,3023.0,54.272000000000006,1.7953026794574927
2011,서울시립대학교,공학계열,3412.0,62.043000000000006,1.8183763188745605
2011,서울시립대학교,예체능계열,153.0,3.978,2.6
2011,서울시립대학교,인문사회계열,4583.0,88.351,1.9277983853371154
2011,서울시립대학교,자연과학계열,1263.0,46.97,3.7189231987331746
2011,서울신학대학교,예체능계열,449.0,17.96,4.0
2011,서울신학대학교,인문사회계열,648.0,26.152,4.0358024691358025
2011,서울여자대학교,공학계열,574.0,18.128,3.158188153310105
2011,서울여자대학교,예체능계열,871.0,27.110000000000003,3.1125143513203217
2011,서울여자대학교,인문사회계열,3122.0,71.20400000000001,2.280717488789238
2011,서울여자대학교,자연과학계열,1108.0,36.921,3.3322202166064985
2011,서울장신대학교,예체능계열,162.0,17.982,11.1
2011,서울한영대학교,예체능계열,88.0,8.975999999999999,10.2
2011,서원대학교,공학계열,1394.0,100.76400000000001,7.228407460545194
2011,서원대학교,예체능계열,919.0,71.263,7.7544069640914035
2011,서원대학교,인문사회계열,4557.0,206.874,4.539697169190257
2011,서원대학교,자연과학계열,478.0,36.06400000000001,7.544769874476989
2011,선문대학교,공학계열,3335.0,235.437,7.059580209895053
2011,선문대학교,예체능계열,340.0,16.072000000000003,4.727058823529413
2011,선문대학교,의학계열,155.0,8.06,5.2
2011,선문대학교,인문사회계열,4309.0,269.29900000000004,6.249686702251103
2011,선문대학교,자연과학계열,563.0,51.062,9.0696269982238
2011,성결대학교,공학계열,909.0,57.868,6.366116611661167
2011,성결대학교,예체능계열,491.0,30.104999999999997,6.131364562118126
2011,성결대학교,인문사회계열,1858.0,71.752,3.861786867599569
2011,성결대학교,자연과학계열,226.0,14.012,6.2
2011,성공회대학교,공학계열,467.0,23.093,4.944967880085653
2011,성공회대학교,인문사회계열,614.0,35.808,5.831921824104234
2011,성균관대학교,공학계열,4499.0,89.451,1.9882418315181152
2011,성균관대학교,예체능계열,668.0,16.037,2.400748502994012
2011,성균관대학교,의학계열,103.0,0.0,0.0
2011,성균관대학교,인문사회계열,9794.0,172.645,1.762762916071064
2011,성균관대학교,자연과학계열,3036.0,110.608,3.6432147562582347
2011,성신여자대학교,공학계열,640.0,14.232000000000001,2.22375
2011,성신여자대학교,예체능계열,462.0,14.907999999999998,3.2268398268398264
2011,성신여자대학교,인문사회계열,3639.0,102.614,2.8198406155537237
2011,성신여자대학교,자연과학계열,1565.0,56.829,3.6312460063897767
2011,세명대학교,공학계열,3424.0,226.755,6.622517523364486
2011,세명대학교,예체능계열,1159.0,98.38400000000001,8.488697152717862
2011,세명대학교,의학계열,193.0,0.0,0.0
2011,세명대학교,인문사회계열,4480.0,200.348,4.472053571428572
2011,세명대학교,자연과학계열,631.0,40.807,6.46703645007924
2011,세종대학교,공학계열,5550.0,153.225,2.7608108108108107
2011,세종대학교,예체능계열,1565.0,53.941,3.446709265175719
2011,세종대학교,인문사회계열,2725.0,87.811,3.222422018348624
2011,세종대학교,자연과학계열,1425.0,59.129,4.14940350877193
2011,세한대학교,공학계열,415.0,30.931999999999995,7.453493975903614
2011,세한대학교,예체능계열,1274.0,167.144,13.119623233908948
2011,세한대학교,인문사회계열,1669.0,132.919,7.963990413421211
2011,세한대학교,자연과학계열,82.0,2.002,2.4414634146341463
2011,수원대학교,공학계열,4582.0,246.594,5.381798341335661
2011,수원대학교,예체능계열,1536.0,116.717,7.598763020833334
2011,수원대학교,인문사회계열,2913.0,137.51000000000002,4.7205629934775155
2011,수원대학교,자연과학계열,1920.0,119.221,6.209427083333333
2011,숙명여자대학교,공학계열,565.0,19.144,3.3883185840707966
2011,숙명여자대학교,예체능계열,957.0,17.864,1.866666666666667
2011,숙명여자대학교,인문사회계열,5674.0,107.381,1.892509693338033
2011,숙명여자대학교,자연과학계열,1219.0,43.069,3.533141919606235
2011,순천향대학교,공학계열,3326.0,216.633,6.513319302465424
2011,순천향대학교,예체능계열,728.0,49.978,6.86510989010989
2011,순천향대학교,의학계열,616.0,20.223,3.2829545454545452
2011,순천향대학교,인문사회계열,4454.0,183.013,4.108958239784464
2011,순천향대학교,자연과학계열,1967.0,107.596,5.470055922724962
2011,숭실대학교,공학계열,6994.0,167.77200000000002,2.3987989705461827
2011,숭실대학교,예체능계열,266.0,14.895999999999999,5.6
2011,숭실대학교,인문사회계열,5960.0,135.305,2.270218120805369
2011,숭실대학교,자연과학계열,1499.0,46.713,3.1162775183455635
2011,신경주대학교,공학계열,801.0,92.954,11.604744069912607
2011,신경주대학교,예체능계열,269.0,36.966,13.74200743494424
2011,신경주대학교,인문사회계열,3031.0,280.32,9.248432860442097
2011,신경주대학교,자연과학계열,14.0,0.9939999999999999,7.1
2011,신라대학교,공학계열,2729.0,186.393,6.8300842799560275
2011,신라대학교,예체능계열,1615.0,132.74,8.219195046439628
2011,신라대학교,인문사회계열,4769.0,181.057,3.796540155168798
2011,신라대학교,자연과학계열,624.0,36.868,5.908333333333333
2011,아신대학교,인문사회계열,211.0,10.972000000000001,5.2
2011,아주대학교,공학계열,5188.0,138.385,2.667405551272166
2011,아주대학교,의학계열,174.0,0.0,0.0
2011,아주대학교,인문사회계열,2025.0,30.861,1.524
2011,아주대학교,자연과학계열,359.0,17.967,5.004735376044568
2011,안양대학교,공학계열,1194.0,72.65700000000001,6.085175879396986
2011,안양대학교,예체능계열,564.0,44.812,7.945390070921985
2011,안양대학교,인문사회계열,1867.0,91.983,4.926780931976433
2011,안양대학교,자연과학계열,464.0,29.868000000000002,6.437068965517242
2011,안양대학교 _제2캠퍼스,공학계열,187.0,11.033000000000001,5.9
2011,안양대학교 _제2캠퍼스,인문사회계열,366.0,25.962,7.09344262295082
2011,안양대학교 _제2캠퍼스,자연과학계열,199.0,11.94,6.0
2011,연세대학교,공학계열,4494.0,60.765,1.352136181575434
2011,연세대학교,예체능계열,349.0,7.115,2.038681948424069
2011,연세대학교,의학계열,520.0,1.932,0.37153846153846154
2011,연세대학교,인문사회계열,9795.0,70.49300000000001,0.7196835119959164
2011,연세대학교,자연과학계열,1804.0,41.068999999999996,2.276552106430155
2011,연세대학교(미래) _분교,공학계열,1302.0,31.610000000000003,2.427803379416283
2011,연세대학교(미래) _분교,예체능계열,474.0,6.8260000000000005,1.440084388185654
2011,연세대학교(미래) _분교,의학계열,454.0,0.908,0.2
2011,연세대학교(미래) _분교,인문사회계열,3172.0,98.131,3.0936633039092056
2011,연세대학교(미래) _분교,자연과학계열,1254.0,37.224000000000004,2.9684210526315793
2011,영남대학교,공학계열,8094.0,250.015,3.088893007165802
2011,영남대학교,예체능계열,1446.0,49.791000000000004,3.443360995850623
2011,영남대학교,의학계열,222.0,1.11,0.5
2011,영남대학교,인문사회계열,8292.0,196.376,2.3682585624698502
2011,영남대학교,자연과학계열,3884.0,133.53900000000002,3.438182286302781
2011,영남신학대학교,인문사회계열,178.0,6.0520000000000005,3.4000000000000004
2011,영산대학교,공학계열,309.0,30.079,9.734304207119742
2011,영산대학교,인문사회계열,1517.0,138.901,9.156295319709955
2011,영산대학교 _제2캠퍼스,공학계열,194.0,14.938,7.7
2011,영산대학교 _제2캠퍼스,예체능계열,601.0,61.035000000000004,10.15557404326123
2011,영산대학교 _제2캠퍼스,인문사회계열,909.0,54.034000000000006,5.944334433443345
2011,예원예술대학교,공학계열,94.0,4.982,5.300000000000001
2011,예원예술대학교,예체능계열,886.0,68.879,7.774153498871332
2011,예원예술대학교,인문사회계열,110.0,13.992,12.72
2011,용인대학교,공학계열,746.0,39.94,5.353887399463806
2011,용인대학교,예체능계열,1298.0,68.827,5.302542372881356
2011,용인대학교,인문사회계열,1283.0,56.086,4.371473109898675
2011,용인대학교,자연과학계열,847.0,33.247,3.925265643447461
2011,우석대학교,공학계열,1585.0,95.958,6.054132492113565
2011,우석대학교,예체능계열,812.0,68.921,8.4878078817734
2011,우석대학교,의학계열,416.0,10.020999999999999,2.4088942307692305
2011,우석대학교,인문사회계열,3839.0,194.71699999999998,5.072076061474342
2011,우석대학교,자연과학계열,708.0,32.878,4.643785310734463
2011,우송대학교,공학계열,1135.0,49.821,4.389515418502202
2011,우송대학교,예체능계열,802.0,46.967000000000006,5.856234413965089
2011,우송대학교,인문사회계열,2728.0,125.49300000000001,4.600183284457478
2011,울산과학기술원,공학계열,513.0,0.924,0.1801169590643275
2011,울산과학기술원,예체능계열,45.0,0.0,0.0
2011,울산과학기술원,인문사회계열,221.0,3.9780000000000006,1.8000000000000003
2011,울산과학기술원,자연과학계열,326.0,10.106,3.1
2011,울산대학교,공학계열,6244.0,175.532,2.8112107623318385
2011,울산대학교,예체능계열,1886.0,71.419,3.7867974549310706
2011,울산대학교,의학계열,163.0,0.0,0.0
2011,울산대학교,인문사회계열,2995.0,81.51,2.721535893155259
2011,울산대학교,자연과학계열,2494.0,77.045,3.0892141138732963
2011,원광대학교,공학계열,5259.0,275.528,5.239170945046587
2011,원광대학교,예체능계열,1690.0,63.006,3.728165680473373
2011,원광대학교,의학계열,1096.0,6.718999999999999,0.6130474452554744
2011,원광대학교,인문사회계열,8863.0,333.12600000000003,3.7586144646282302
2011,원광대학교,자연과학계열,2571.0,95.216,3.703461688059121
2011,위덕대학교,공학계열,1436.0,165.86,11.550139275766018
2011,위덕대학교,예체능계열,224.0,42.972,19.18392857142857
2011,위덕대학교,인문사회계열,927.0,55.954,6.036030204962244
2011,위덕대학교,자연과학계열,143.0,5.962,4.169230769230769
2011,유원대학교,공학계열,813.0,67.054,8.247724477244772
2011,유원대학교,예체능계열,362.0,44.032000000000004,12.16353591160221
2011,유원대학교,인문사회계열,1164.0,91.104,7.826804123711339
2011,유원대학교,자연과학계열,128.0,11.008,8.6
2011,을지대학교,의학계열,190.0,0.0,0.0
2011,을지대학교,인문사회계열,162.0,1.9949999999999999,1.2314814814814814
2011,을지대학교 _제2캠퍼스,공학계열,375.0,15.978000000000002,4.260800000000001
2011,을지대학교 _제2캠퍼스,예체능계열,203.0,6.09,3.0
2011,을지대학교 _제2캠퍼스,인문사회계열,717.0,30.166999999999998,4.207391910739191
2011,을지대학교 _제2캠퍼스,자연과학계열,388.0,10.059999999999999,2.592783505154639
2011,이화여자대학교,공학계열,1213.0,25.98,2.141797197032152
2011,이화여자대학교,예체능계열,1184.0,7.003,0.5914695945945946
2011,이화여자대학교,인문사회계열,7204.0,81.072,1.1253747917823431
2011,이화여자대학교,자연과학계열,2431.0,88.029,3.62110242698478
2011,인제대학교,공학계열,3204.0,168.529,5.259956304619226
2011,인제대학교,예체능계열,1194.0,59.778,5.006532663316583
2011,인제대학교,인문사회계열,2645.0,98.908,3.739432892249527
2011,인제대학교,자연과학계열,773.0,22.700000000000003,2.936610608020699
2011,인천대학교,공학계열,4366.0,179.922,4.120980302336235
2011,인천대학교,예체능계열,643.0,23.744999999999997,3.692846034214618
2011,인천대학교,의학계열,26.0,0.0,0.0
2011,인천대학교,인문사회계열,3932.0,105.416,2.680976602238047
2011,인천대학교,자연과학계열,1168.0,37.158,3.181335616438356
2011,인하대학교,공학계열,9029.0,149.12900000000002,1.651666851257061
2011,인하대학교,예체능계열,617.0,20.048,3.249270664505673
2011,인하대학교,의학계열,70.0,0.0,0.0
2011,인하대학교,인문사회계열,7626.0,113.039,1.4822842905848412
2011,인하대학교,자연과학계열,3286.0,54.776,1.666950699939136
2011,장로회신학대학교,예체능계열,293.0,9.962000000000002,3.4000000000000004
2011,장로회신학대학교,인문사회계열,333.0,8.991000000000001,2.7
2011,전남대학교,공학계열,3761.0,110.348,2.934006913055039
2011,전남대학교,예체능계열,845.0,17.05,2.017751479289941
2011,전남대학교,의학계열,587.0,1.026,0.1747870528109029
2011,전남대학교,인문사회계열,8051.0,193.897,2.4083592100360205
2011,전남대학교,자연과학계열,4223.0,140.464,3.326166232536112
2011,전남대학교 _제2캠퍼스,공학계열,1341.0,123.289,9.193810589112603
2011,전남대학교 _제2캠퍼스,의학계열,279.0,10.023,3.5924731182795697
2011,전남대학교 _제2캠퍼스,인문사회계열,1091.0,42.234,3.871127406049496
2011,전남대학교 _제2캠퍼스,자연과학계열,1532.0,88.46000000000001,5.774151436031332
2011,전북대학교,공학계열,8103.0,200.90900000000002,2.4794397136862893
2011,전북대학교,예체능계열,632.0,38.112,6.030379746835443
2011,전북대학교,의학계열,212.0,1.06,0.5
2011,전북대학교,인문사회계열,7028.0,141.515,2.0135885031303355
2011,전북대학교,자연과학계열,2277.0,32.987,1.4487044356609575
2011,전주교육대학교,인문사회계열,1585.0,10.061,0.6347634069400631
2011,전주대학교,공학계열,2946.0,198.173,6.726849966055669
2011,전주대학교,예체능계열,1712.0,97.062,5.669509345794392
2011,전주대학교,인문사회계열,7835.0,383.115,4.889789406509253
2011,전주대학교,자연과학계열,16.0,3.008,18.8
2011,제주대학교,공학계열,2618.0,105.026,4.011688311688311
2011,제주대학교,예체능계열,351.0,26.932,7.672934472934473
2011,제주대학교,의학계열,279.0,2.958,1.060215053763441
2011,제주대학교,인문사회계열,5825.0,114.099,1.9587811158798283
2011,제주대학교,자연과학계열,2225.0,96.968,4.358112359550562
2011,조선대학교,공학계열,7397.0,169.478,2.2911720967959988
2011,조선대학교,예체능계열,2699.0,232.019,8.596480177843645
2011,조선대학교,의학계열,271.0,1.038,0.3830258302583026
2011,조선대학교,인문사회계열,10206.0,294.521,2.8857632765040173
2011,조선대학교,자연과학계열,2607.0,93.844,3.5996931338703493
2011,중부대학교,공학계열,2346.0,110.253,4.699616368286446
2011,중부대학교,예체능계열,1269.0,93.903,7.399763593380615
2011,중부대학교,인문사회계열,3939.0,188.832,4.793907083015993
2011,중부대학교,자연과학계열,534.0,38.028,7.121348314606742
2011,중앙대학교,공학계열,4369.0,115.279,2.6385671778439
2011,중앙대학교,의학계열,339.0,5.963,1.7589970501474927
2011,중앙대학교,인문사회계열,9444.0,158.065,1.6737081745023294
2011,중앙대학교,자연과학계열,2307.0,74.432,3.2263545730385785
2011,중앙승가대학교,인문사회계열,52.0,4.004,7.699999999999998
2011,중원대학교,공학계열,303.0,13.074000000000002,4.314851485148515
2011,중원대학교,의학계열,31.0,0.992,3.2
2011,중원대학교,인문사회계열,20.0,1.0,5.0
2011,진주교육대학교,인문사회계열,1802.0,14.876,0.8255271920088789
2011,차의과학대학교,공학계열,343.0,7.944000000000001,2.316034985422741
2011,차의과학대학교,자연과학계열,170.0,2.029,1.1935294117647057
2011,청운대학교,공학계열,1408.0,112.11,7.962357954545454
2011,청운대학교,예체능계열,572.0,40.856,7.142657342657342
2011,청운대학교,인문사회계열,3492.0,268.327,7.684049255441009
2011,청운대학교,자연과학계열,472.0,26.053,5.519703389830509
2011,청주교육대학교,인문사회계열,1644.0,12.092,0.7355231143552312
2011,청주대학교,공학계열,3293.0,184.869,5.613999392651078
2011,청주대학교,예체능계열,1577.0,65.641,4.162396956246037
2011,청주대학교,인문사회계열,8832.0,339.694,3.846173007246377
2011,청주대학교,자연과학계열,591.0,20.8,3.519458544839256
2011,총신대학교,예체능계열,370.0,22.94,6.200000000000001
2011,총신대학교,인문사회계열,813.0,25.900999999999996,3.1858548585485846
2011,춘천교육대학교,인문사회계열,3582.0,21.014000000000003,0.5866554997208264
2011,충남대학교,공학계열,5849.0,166.756,2.8510172679090444
2011,충남대학교,예체능계열,347.0,17.994,5.185590778097983
2011,충남대학교,의학계열,413.0,7.025,1.7009685230024214
2011,충남대학교,인문사회계열,7870.0,134.577,1.71
2011,충남대학교,자연과학계열,4428.0,131.557,2.971025293586269
2011,충북대학교,공학계열,6473.0,155.974,2.409609145682064
2011,충북대학교,예체능계열,471.0,19.133,4.062208067940552
2011,충북대학교,의학계열,484.0,10.898,2.2516528925619834
2011,충북대학교,인문사회계열,5427.0,106.851,1.9688778330569374
2011,충북대학교,자연과학계열,2854.0,98.097,3.4371758934828307
2011,칼빈대학교,예체능계열,84.0,6.018,7.164285714285715
2011,칼빈대학교,인문사회계열,27.0,1.9980000000000002,7.400000000000001
2011,칼빈대학교,자연과학계열,19.0,3.0020000000000002,15.8
2011,평택대학교,공학계열,747.0,54.056999999999995,7.236546184738955
2011,평택대학교,예체능계열,831.0,63.171,7.601805054151624
2011,평택대학교,인문사회계열,1871.0,115.238,6.159166221272047
2011,평택대학교,자연과학계열,10.0,0.0,0.0
2011,포항공과대학교,공학계열,734.0,1.94,0.26430517711171664
2011,포항공과대학교,자연과학계열,653.0,7.085000000000001,1.0849923430321593
2011,한국과학기술원,공학계열,1149.0,5.994,0.5216710182767624
2011,한국과학기술원,자연과학계열,942.0,10.088000000000001,1.0709129511677284
2011,한국교원대학교,인문사회계열,2800.0,49.197,1.7570357142857145
2011,한국기술교육대학교,공학계열,3186.0,95.996,3.0130571249215317
2011,한국기술교육대학교,예체능계열,278.0,11.120000000000001,4.0
2011,한국기술교육대학교,인문사회계열,1035.0,36.225,3.5000000000000004
2011,한국기술교육대학교,자연과학계열,560.0,22.139000000000003,3.9533928571428576
2011,한국방송통신대학교,공학계열,13458.0,3445.248,25.6
2011,한국방송통신대학교,인문사회계열,145813.0,28211.712,19.347871588952973
2011,한국방송통신대학교,자연과학계열,14443.0,2937.606,20.33930623831614
2011,한국성서대학교,공학계열,190.0,22.04,11.6
2011,한국예술종합학교,공학계열,118.0,2.0060000000000002,1.7000000000000002
2011,한국예술종합학교,예체능계열,934.0,26.838,2.8734475374732336
2011,한국예술종합학교,인문사회계열,123.0,4.059,3.3000000000000003
2011,한국외국어대학교,인문사회계열,5193.0,117.29400000000001,2.2586943963027153
2011,한국체육대학교,예체능계열,1860.0,50.260000000000005,2.702150537634409
2011,한국체육대학교,인문사회계열,197.0,2.955,1.5000000000000002
2011,한국침례신학대학교,예체능계열,250.0,22.000000000000004,8.8
2011,한국침례신학대학교,인문사회계열,641.0,26.017999999999997,4.058970358814352
2011,한국항공대학교,공학계열,4974.0,115.242,2.3168878166465623
2011,한국항공대학교,인문사회계열,1314.0,40.722,3.0990867579908676
2011,한남대학교,공학계열,2961.0,142.828,4.823640661938534
2011,한남대학교,예체능계열,850.0,37.077000000000005,4.362000000000001
2011,한남대학교,인문사회계열,7233.0,218.229,3.0171298216507676
2011,한남대학교,자연과학계열,2057.0,88.53399999999999,4.304035002430724
2011,한동대학교,공학계열,1011.0,10.146,1.0035608308605342
2011,한동대학교,인문사회계열,1849.0,16.197,0.8759870200108165
2011,한동대학교,자연과학계열,465.0,13.019999999999998,2.7999999999999994
2011,한라대학교,공학계열,2745.0,214.859,7.82728597449909
2011,한라대학교,예체능계열,331.0,30.994,9.363746223564954
2011,한라대학교,인문사회계열,2026.0,129.643,6.398963474827246
2011,한라대학교,자연과학계열,161.0,10.948,6.800000000000001
2011,한림대학교,공학계열,1414.0,72.70299999999999,5.141654879773691
2011,한림대학교,예체능계열,451.0,33.941,7.525720620842573
2011,한림대학교,의학계열,312.0,0.0,0.0
2011,한림대학교,인문사회계열,4205.0,148.667,3.535481569560048
2011,한림대학교,자연과학계열,1709.0,92.094,5.388765359859566
2011,한서대학교,공학계열,2899.0,134.623,4.643773715074164
2011,한서대학교,예체능계열,1331.0,100.01,7.51389932381668
2011,한서대학교,인문사회계열,1344.0,77.977,5.801860119047619
2011,한서대학교,자연과학계열,885.0,86.049,9.723050847457628
2011,한성대학교,공학계열,1931.0,72.87,3.7736923873640604
2011,한성대학교,예체능계열,1174.0,64.096,5.45962521294719
2011,한성대학교,인문사회계열,2571.0,96.741,3.762777129521587
2011,한성대학교,자연과학계열,198.0,5.9399999999999995,3.0
2011,한세대학교,공학계열,790.0,50.153999999999996,6.348607594936709
2011,한세대학교,예체능계열,542.0,48.775999999999996,8.999261992619925
2011,한세대학교,인문사회계열,1523.0,88.322,5.799212081418253
2011,한신대학교,공학계열,1328.0,89.14000000000001,6.712349397590363
2011,한신대학교,예체능계열,283.0,11.037,3.9
2011,한신대학교,인문사회계열,2925.0,183.803,6.2838632478632475
2011,한신대학교,자연과학계열,493.0,52.055,10.558823529411764
2011,한양대학교,공학계열,6419.0,134.934,2.1021031313288674
2011,한양대학교,예체능계열,608.0,23.982,3.944407894736842
2011,한양대학교,의학계열,308.0,1.848,0.6
2011,한양대학교,인문사회계열,6289.0,117.507,1.8684528541898553
2011,한양대학교,자연과학계열,2190.0,63.536,2.9011872146118725
2011,한양대학교(ERICA) _분교,공학계열,4818.0,89.021,1.847675383976754
2011,한양대학교(ERICA) _분교,예체능계열,902.0,15.982000000000001,1.7718403547671842
2011,한양대학교(ERICA) _분교,인문사회계열,4781.0,80.649,1.6868646726626229
2011,한양대학교(ERICA) _분교,자연과학계열,1369.0,40.135000000000005,2.931701972242513
2011,한일장신대학교,예체능계열,78.0,14.975999999999999,19.2
2011,협성대학교,공학계열,899.0,95.77600000000001,10.653615127919911
2011,협성대학교,예체능계열,1074.0,78.988,7.354562383612663
2011,협성대학교,인문사회계열,1030.0,65.618,6.370679611650484
2011,협성대학교,자연과학계열,191.0,11.078,5.8
2011,호남대학교,공학계열,2407.0,217.0,9.01537183215621
2011,호남대학교,예체능계열,687.0,71.812,10.452983988355168
2011,호남대학교,인문사회계열,3478.0,223.957,6.439246693502013
2011,호남신학대학교,예체능계열,231.0,15.015,6.5
2011,호서대학교,공학계열,4761.0,272.961,5.733270321361059
2011,호서대학교,예체능계열,1939.0,144.254,7.439608045384218
2011,호서대학교,인문사회계열,3778.0,179.358,4.747432503970355
2011,호서대학교,자연과학계열,1459.0,89.89099999999999,6.161137765592871
2011,호원대학교,공학계열,865.0,67.962,7.856878612716764
2011,호원대학교,예체능계열,537.0,15.035999999999998,2.8
2011,호원대학교,인문사회계열,1916.0,138.95600000000002,7.25240083507307
2011,홍익대학교,공학계열,7142.0,176.68800000000002,2.473928871464576
2011,홍익대학교,예체능계열,788.0,8.004,1.015736040609137
2011,홍익대학교,인문사회계열,5534.0,124.20799999999998,2.2444524756053483
2011,홍익대학교,자연과학계열,349.0,11.168000000000001,3.2
2011,화성의과학대학교,공학계열,69.0,4.002,5.8
2011,화성의과학대학교,예체능계열,159.0,6.987,4.3943396226415095
2011,화성의과학대학교,인문사회계열,408.0,45.041,11.039460784313725
