기준년도,학교명,대학자체대계열,재적학생,중도탈락학생,중도탈락비율(%)
2010,가야대학교 _제2캠퍼스,공학계열,345,28,8.12
2010,가야대학교 _제2캠퍼스,예체능계열,135,9,6.67
2010,가야대학교 _제2캠퍼스,인문사회계열,1869,160,8.56
2010,가야대학교 _제2캠퍼스,자연과학계열,1924,136,7.07
2010,가천대학교,공학계열,7871,219,2.78
2010,가천대학교,예체능계열,3095,88,2.84
2010,가천대학교,의학계열,196,2,1.02
2010,가천대학교,인문사회계열,7291,182,2.5
2010,가천대학교,자연과학계열,3565,96,2.69
2010,가천의과학대학교,공학계열,2353,91,3.87
2010,가천의과학대학교,예체능계열,881,45,5.11
2010,가천의과학대학교,인문사회계열,1472,60,4.08
2010,가천의과학대학교,자연과학계열,2786,76,2.73
2010,가톨릭관동대학교,공학계열,3410,271,7.95
2010,가톨릭관동대학교,예체능계열,2022,223,11.03
2010,가톨릭관동대학교,의학계열,362,8,2.21
2010,가톨릭관동대학교,인문사회계열,10195,760,7.45
2010,가톨릭관동대학교,자연과학계열,4370,231,5.29
2010,가톨릭꽃동네대학교,공학계열,173,4,2.31
2010,가톨릭꽃동네대학교,인문사회계열,445,13,2.92
2010,가톨릭꽃동네대학교,자연과학계열,173,4,2.31
2010,가톨릭대학교,공학계열,2655,80,3.01
2010,가톨릭대학교,예체능계열,952,28,2.94
2010,가톨릭대학교,인문사회계열,6815,184,2.7
2010,가톨릭대학교,자연과학계열,2932,95,3.24
2010,가톨릭대학교 _제2캠퍼스,공학계열,325,3,0.92
2010,가톨릭대학교 _제2캠퍼스,의학계열,363,1,0.28
2010,가톨릭대학교 _제2캠퍼스,자연과학계열,688,4,0.58
2010,가톨릭대학교 _제3캠퍼스,인문사회계열,334,5,1.5
2010,감리교신학대학교,인문사회계열,1228,36,2.93
2010,강남대학교,공학계열,1995,123,6.17
2010,강남대학교,예체능계열,1306,99,7.58
2010,강남대학교,인문사회계열,6749,312,4.62
2010,강남대학교,자연과학계열,419,26,6.21
2010,강서대학교,예체능계열,231,31,13.42
2010,강서대학교,인문사회계열,1016,84,8.27
2010,강원대학교,공학계열,6722,228,3.39
2010,강원대학교,예체능계열,1153,49,4.25
2010,강원대학교,의학계열,229,5,2.18
2010,강원대학교,인문사회계열,8648,213,2.46
2010,강원대학교,자연과학계열,8505,243,2.86
2010,강원대학교 _제2캠퍼스,공학계열,6488,353,5.44
2010,강원대학교 _제2캠퍼스,예체능계열,1608,118,7.34
2010,강원대학교 _제2캠퍼스,인문사회계열,2440,143,5.86
2010,강원대학교 _제2캠퍼스,자연과학계열,1663,54,3.25
2010,건국대학교,공학계열,7173,139,1.94
2010,건국대학교,예체능계열,3168,36,1.14
2010,건국대학교,의학계열,378,5,1.32
2010,건국대학교,인문사회계열,11304,149,1.32
2010,건국대학교,자연과학계열,5188,138,2.66
2010,건국대학교(글로컬) _분교,공학계열,2432,88,3.62
2010,건국대학교(글로컬) _분교,예체능계열,2165,41,1.89
2010,건국대학교(글로컬) _분교,의학계열,10,0,0.0
2010,건국대학교(글로컬) _분교,인문사회계열,5183,130,2.51
2010,건국대학교(글로컬) _분교,자연과학계열,3686,111,3.01
2010,건동대학교,공학계열,140,20,14.29
2010,건동대학교,예체능계열,251,19,7.57
2010,건동대학교,인문사회계열,130,20,15.38
2010,건동대학교,자연과학계열,285,30,10.53
2010,건양대학교,공학계열,3477,224,6.44
2010,건양대학교,예체능계열,1379,105,7.61
2010,건양대학교,인문사회계열,6010,345,5.74
2010,건양대학교,자연과학계열,3204,168,5.24
2010,건양대학교 _제2캠퍼스,공학계열,279,1,0.36
2010,건양대학교 _제2캠퍼스,의학계열,377,0,0.0
2010,건양대학교 _제2캠퍼스,인문사회계열,155,6,3.87
2010,건양대학교 _제2캠퍼스,자연과학계열,1627,24,1.48
2010,경기대학교,공학계열,4950,162,3.27
2010,경기대학교,예체능계열,2444,84,3.44
2010,경기대학교,인문사회계열,8311,261,3.14
2010,경기대학교,자연과학계열,2569,86,3.35
2010,경기대학교 _제2캠퍼스,공학계열,93,3,3.23
2010,경기대학교 _제2캠퍼스,예체능계열,723,35,4.84
2010,경기대학교 _제2캠퍼스,인문사회계열,1191,34,2.85
2010,경남대학교,공학계열,6677,385,5.77
2010,경남대학교,예체능계열,2018,92,4.56
2010,경남대학교,인문사회계열,13296,560,4.21
2010,경남대학교,자연과학계열,3765,166,4.41
2010,경동대학교,공학계열,1029,64,6.22
2010,경동대학교,예체능계열,647,75,11.59
2010,경동대학교,인문사회계열,3210,260,8.1
2010,경동대학교,자연과학계열,1161,58,5.0
2010,경북대학교,공학계열,10723,259,2.42
2010,경북대학교,예체능계열,1177,40,3.4
2010,경북대학교,의학계열,278,6,2.16
2010,경북대학교,인문사회계열,11328,189,1.67
2010,경북대학교,자연과학계열,9134,246,2.69
2010,경북대학교 _제2캠퍼스,공학계열,1320,32,2.42
2010,경북대학교 _제2캠퍼스,예체능계열,159,8,5.03
2010,경북대학교 _제2캠퍼스,인문사회계열,406,10,2.46
2010,경북대학교 _제2캠퍼스,자연과학계열,511,7,1.37
2010,경북외국어대학교,인문사회계열,436,19,4.36
2010,경상국립대학교,공학계열,9250,271,2.93
2010,경상국립대학교,예체능계열,751,24,3.2
2010,경상국립대학교,의학계열,234,8,3.42
2010,경상국립대학교,인문사회계열,8998,185,2.06
2010,경상국립대학교,자연과학계열,7112,241,3.39
2010,경성대학교,공학계열,5159,209,4.05
2010,경성대학교,예체능계열,4363,225,5.16
2010,경성대학교,인문사회계열,11532,423,3.67
2010,경성대학교,자연과학계열,3732,151,4.05
2010,경운대학교(산업대),공학계열,1459,90,6.17
2010,경운대학교(산업대),예체능계열,1960,267,13.62
2010,경운대학교(산업대),인문사회계열,2404,228,9.48
2010,경운대학교(산업대),자연과학계열,2010,80,3.98
2010,경인교육대학교,예체능계열,410,3,0.73
2010,경인교육대학교,인문사회계열,841,9,1.07
2010,경인교육대학교,자연과학계열,524,5,0.95
2010,경인교육대학교 _제2캠퍼스,예체능계열,402,3,0.75
2010,경인교육대학교 _제2캠퍼스,인문사회계열,813,13,1.6
2010,경인교육대학교 _제2캠퍼스,자연과학계열,523,5,0.96
2010,경일대학교,공학계열,4635,408,8.8
2010,경일대학교,예체능계열,1375,107,7.78
2010,경일대학교,인문사회계열,2780,259,9.32
2010,경일대학교,자연과학계열,329,30,9.12
2010,경희대학교,공학계열,1268,22,1.74
2010,경희대학교,예체능계열,1285,29,2.26
2010,경희대학교,의학계열,819,3,0.37
2010,경희대학교,인문사회계열,13163,234,1.78
2010,경희대학교,자연과학계열,4717,113,2.4
2010,경희대학교 _분교,공학계열,9369,223,2.38
2010,경희대학교 _분교,예체능계열,5189,156,3.01
2010,경희대학교 _분교,인문사회계열,4510,99,2.2
2010,경희대학교 _분교,자연과학계열,4173,118,2.83
2010,계명대학교,공학계열,9103,310,3.41
2010,계명대학교,예체능계열,6504,247,3.8
2010,계명대학교,의학계열,483,7,1.45
2010,계명대학교,인문사회계열,17834,526,2.95
2010,계명대학교,자연과학계열,6061,174,2.87
2010,고려대학교,공학계열,11526,166,1.44
2010,고려대학교,예체능계열,1820,17,0.93
2010,고려대학교,의학계열,498,3,0.6
2010,고려대학교,인문사회계열,16539,161,0.97
2010,고려대학교,자연과학계열,8166,143,1.75
2010,고려대학교(세종) _분교,공학계열,3267,93,2.85
2010,고려대학교(세종) _분교,예체능계열,954,30,3.14
2010,고려대학교(세종) _분교,인문사회계열,5952,143,2.4
2010,고려대학교(세종) _분교,자연과학계열,2071,60,2.9
2010,고신대학교,공학계열,916,45,4.91
2010,고신대학교,예체능계열,784,41,5.23
2010,고신대학교,의학계열,471,5,1.06
2010,고신대학교,인문사회계열,3288,122,3.71
2010,고신대학교,자연과학계열,1873,57,3.04
2010,공주교육대학교,예체능계열,377,4,1.06
2010,공주교육대학교,인문사회계열,1968,29,1.47
2010,공주교육대학교,자연과학계열,667,14,2.1
2010,광신대학교,예체능계열,86,6,6.98
2010,광신대학교,인문사회계열,518,50,9.65
2010,광운대학교,공학계열,6980,197,2.82
2010,광운대학교,예체능계열,2235,78,3.49
2010,광운대학교,인문사회계열,5086,172,3.38
2010,광운대학교,자연과학계열,1148,28,2.44
2010,광주가톨릭대학교,인문사회계열,159,2,1.26
2010,광주과학기술원,인문사회계열,99,1,1.01
2010,광주과학기술원,자연과학계열,99,1,1.01
2010,광주교육대학교,예체능계열,437,5,1.14
2010,광주교육대학교,인문사회계열,838,6,0.72
2010,광주교육대학교,자연과학계열,610,4,0.66
2010,광주대학교,공학계열,1953,181,9.27
2010,광주대학교,예체능계열,1523,154,10.11
2010,광주대학교,인문사회계열,6500,504,7.75
2010,광주대학교,자연과학계열,907,75,8.27
2010,광주대학교(산업대),공학계열,122,34,27.87
2010,광주대학교(산업대),예체능계열,35,12,34.29
2010,광주대학교(산업대),인문사회계열,239,52,21.76
2010,광주대학교(산업대),자연과학계열,24,10,41.67
2010,광주여자대학교,공학계열,510,25,4.9
2010,광주여자대학교,예체능계열,1187,83,6.99
2010,광주여자대학교,인문사회계열,2563,134,5.23
2010,광주여자대학교,자연과학계열,2168,115,5.3
2010,국립강릉원주대학교,공학계열,2613,124,4.75
2010,국립강릉원주대학교,예체능계열,599,35,5.84
2010,국립강릉원주대학교,의학계열,236,3,1.27
2010,국립강릉원주대학교,인문사회계열,3672,147,4.0
2010,국립강릉원주대학교,자연과학계열,2929,145,4.95
2010,국립강릉원주대학교 _제2캠퍼스,공학계열,2052,94,4.58
2010,국립강릉원주대학교 _제2캠퍼스,예체능계열,636,33,5.19
2010,국립강릉원주대학교 _제2캠퍼스,인문사회계열,677,40,5.91
2010,국립강릉원주대학교 _제2캠퍼스,자연과학계열,736,27,3.67
2010,국립경국대학교,공학계열,4374,157,3.59
2010,국립경국대학교,예체능계열,1104,58,5.25
2010,국립경국대학교,인문사회계열,4372,117,2.68
2010,국립경국대학교,자연과학계열,3614,132,3.65
2010,국립공주대학교,공학계열,9686,304,3.14
2010,국립공주대학교,예체능계열,1948,58,2.98
2010,국립공주대학교,인문사회계열,6392,143,2.24
2010,국립공주대학교,자연과학계열,6292,185,2.94
2010,국립군산대학교,공학계열,6092,435,7.14
2010,국립군산대학교,예체능계열,1061,81,7.63
2010,국립군산대학교,인문사회계열,4128,204,4.94
2010,국립군산대학교,자연과학계열,3902,240,6.15
2010,국립금오공과대학교,공학계열,8360,341,4.08
2010,국립금오공과대학교,인문사회계열,366,12,3.28
2010,국립금오공과대학교,자연과학계열,991,53,5.35
2010,국립목포대학교,공학계열,5498,272,4.95
2010,국립목포대학교,예체능계열,1226,76,6.2
2010,국립목포대학교,인문사회계열,5635,206,3.66
2010,국립목포대학교,자연과학계열,3586,162,4.52
2010,국립목포해양대학교,공학계열,3104,133,4.28
2010,국립부경대학교,공학계열,14319,467,3.26
2010,국립부경대학교,예체능계열,781,35,4.48
2010,국립부경대학교,인문사회계열,7661,206,2.69
2010,국립부경대학교,자연과학계열,4869,140,2.88
2010,국립순천대학교,공학계열,4878,290,5.95
2010,국립순천대학교,예체능계열,734,50,6.81
2010,국립순천대학교,인문사회계열,4767,204,4.28
2010,국립순천대학교,자연과학계열,3674,211,5.74
2010,국립창원대학교,공학계열,5941,172,2.9
2010,국립창원대학교,예체능계열,1152,56,4.86
2010,국립창원대학교,인문사회계열,5581,130,2.33
2010,국립창원대학교,자연과학계열,2610,88,3.37
2010,국립한국교통대학교,공학계열,1606,71,4.42
2010,국립한국교통대학교,예체능계열,230,13,5.65
2010,국립한국교통대학교,인문사회계열,540,20,3.7
2010,국립한국교통대학교,자연과학계열,572,15,2.62
2010,국립한국해양대학교,공학계열,6165,162,2.63
2010,국립한국해양대학교,예체능계열,253,15,5.93
2010,국립한국해양대학교,인문사회계열,2642,69,2.61
2010,국립한국해양대학교,자연과학계열,863,23,2.67
2010,국민대학교,공학계열,6366,237,3.72
2010,국민대학교,예체능계열,3353,159,4.74
2010,국민대학교,인문사회계열,10275,324,3.15
2010,국민대학교,자연과학계열,3458,125,3.61
2010,극동대학교,공학계열,1390,110,7.91
2010,극동대학교,예체능계열,1323,102,7.71
2010,극동대학교,인문사회계열,3787,257,6.79
2010,극동대학교,자연과학계열,1876,85,4.53
2010,금강대학교,인문사회계열,495,23,4.65
2010,금강대학교,자연과학계열,62,1,1.61
2010,김천대학교,공학계열,81,3,3.7
2010,김천대학교,예체능계열,56,6,10.71
2010,김천대학교,인문사회계열,473,24,5.07
2010,김천대학교,자연과학계열,808,26,3.22
2010,나사렛대학교,공학계열,990,47,4.75
2010,나사렛대학교,예체능계열,1400,39,2.79
2010,나사렛대학교,인문사회계열,5760,210,3.65
2010,나사렛대학교,자연과학계열,2260,84,3.72
2010,남부대학교,공학계열,749,66,8.81
2010,남부대학교,예체능계열,924,85,9.2
2010,남부대학교,인문사회계열,1523,118,7.75
2010,남부대학교,자연과학계열,2137,175,8.19
2010,남서울대학교(산업대),공학계열,5951,374,6.28
2010,남서울대학교(산업대),예체능계열,3882,254,6.54
2010,남서울대학교(산업대),인문사회계열,9553,482,5.05
2010,남서울대학교(산업대),자연과학계열,3375,153,4.53
2010,단국대학교,공학계열,5493,224,4.08
2010,단국대학교,예체능계열,2400,127,5.29
2010,단국대학교,인문사회계열,8524,286,3.36
2010,단국대학교,자연과학계열,2566,62,2.42
2010,단국대학교(천안) _분교,공학계열,5007,186,3.71
2010,단국대학교(천안) _분교,예체능계열,2737,113,4.13
2010,단국대학교(천안) _분교,의학계열,730,5,0.68
2010,단국대학교(천안) _분교,인문사회계열,7054,233,3.3
2010,단국대학교(천안) _분교,자연과학계열,5297,208,3.93
2010,대구가톨릭대학교,공학계열,6255,328,5.24
2010,대구가톨릭대학교,예체능계열,2213,159,7.18
2010,대구가톨릭대학교,의학계열,712,28,3.93
2010,대구가톨릭대학교,인문사회계열,10017,396,3.95
2010,대구가톨릭대학교,자연과학계열,5905,240,4.06
2010,대구교육대학교,예체능계열,446,7,1.57
2010,대구교육대학교,인문사회계열,2103,17,0.81
2010,대구교육대학교,자연과학계열,749,5,0.67
2010,대구대학교,공학계열,9548,437,4.58
2010,대구대학교,예체능계열,2653,127,4.79
2010,대구대학교,인문사회계열,15003,462,3.08
2010,대구대학교,자연과학계열,8470,292,3.45
2010,대구예술대학교,공학계열,116,12,10.34
2010,대구예술대학교,예체능계열,1567,141,9.0
2010,대구예술대학교,인문사회계열,724,56,7.73
2010,대구예술대학교,자연과학계열,52,7,13.46
2010,대구외국어대학교,예체능계열,61,1,1.64
2010,대구외국어대학교,인문사회계열,535,51,9.53
2010,대구외국어대학교,자연과학계열,10,1,10.0
2010,대구한의대학교,공학계열,1889,126,6.67
2010,대구한의대학교,예체능계열,1371,118,8.61
2010,대구한의대학교,의학계열,745,4,0.54
2010,대구한의대학교,인문사회계열,3534,249,7.05
2010,대구한의대학교,자연과학계열,4979,245,4.92
2010,대신대학교,예체능계열,152,10,6.58
2010,대신대학교,인문사회계열,494,37,7.49
2010,대신대학교,자연과학계열,85,6,7.06
2010,대전가톨릭대학교,인문사회계열,174,7,4.02
2010,대전대학교,공학계열,4932,260,5.27
2010,대전대학교,예체능계열,1869,98,5.24
2010,대전대학교,의학계열,541,9,1.66
2010,대전대학교,인문사회계열,7852,370,4.71
2010,대전대학교,자연과학계열,3637,150,4.12
2010,대전신학교,인문사회계열,191,28,14.66
2010,대전신학대학교,인문사회계열,113,5,4.42
2010,대진대학교,공학계열,4447,299,6.72
2010,대진대학교,예체능계열,2452,164,6.69
2010,대진대학교,인문사회계열,5552,312,5.62
2010,대진대학교,자연과학계열,1786,104,5.82
2010,덕성여자대학교,공학계열,909,28,3.08
2010,덕성여자대학교,예체능계열,1085,38,3.5
2010,덕성여자대학교,인문사회계열,4928,137,2.78
2010,덕성여자대학교,자연과학계열,1842,71,3.85
2010,동국대학교,공학계열,5738,135,2.35
2010,동국대학교,예체능계열,1886,55,2.92
2010,동국대학교,인문사회계열,12351,300,2.43
2010,동국대학교,자연과학계열,3696,91,2.46
2010,동국대학교(WISE) _분교,공학계열,2595,97,3.74
2010,동국대학교(WISE) _분교,예체능계열,1046,70,6.69
2010,동국대학교(WISE) _분교,의학계열,716,7,0.98
2010,동국대학교(WISE) _분교,인문사회계열,7396,342,4.62
2010,동국대학교(WISE) _분교,자연과학계열,2772,81,2.92
2010,동덕여자대학교,공학계열,1836,82,4.47
2010,동덕여자대학교,예체능계열,2757,106,3.84
2010,동덕여자대학교,의학계열,166,10,6.02
2010,동덕여자대학교,인문사회계열,4917,222,4.51
2010,동덕여자대학교,자연과학계열,2437,94,3.86
2010,동명대학교,공학계열,6667,490,7.35
2010,동명대학교,예체능계열,2522,223,8.84
2010,동명대학교,인문사회계열,4676,313,6.69
2010,동명대학교,자연과학계열,2311,205,8.87
2010,동명정보대학교,공학계열,1406,153,10.88
2010,동명정보대학교,예체능계열,677,73,10.78
2010,동명정보대학교,인문사회계열,967,66,6.83
2010,동명정보대학교,자연과학계열,492,48,9.76
2010,동서대학교,공학계열,6097,437,7.17
2010,동서대학교,예체능계열,3894,282,7.24
2010,동서대학교,인문사회계열,7861,372,4.73
2010,동서대학교,자연과학계열,2537,129,5.08
2010,동신대학교,공학계열,3276,264,8.06
2010,동신대학교,예체능계열,1462,158,10.81
2010,동신대학교,의학계열,304,4,1.32
2010,동신대학교,인문사회계열,5100,381,7.47
2010,동신대학교,자연과학계열,4910,374,7.62
2010,동아대학교,공학계열,11813,298,2.52
2010,동아대학교,예체능계열,3970,151,3.8
2010,동아대학교,의학계열,223,2,0.9
2010,동아대학교,인문사회계열,13033,298,2.29
2010,동아대학교,자연과학계열,5266,130,2.47
2010,동양대학교,공학계열,2880,243,8.44
2010,동양대학교,예체능계열,724,108,14.92
2010,동양대학교,인문사회계열,2981,189,6.34
2010,동양대학교,자연과학계열,252,27,10.71
2010,동의대학교,공학계열,10521,593,5.64
2010,동의대학교,예체능계열,3358,263,7.83
2010,동의대학교,의학계열,301,2,0.66
2010,동의대학교,인문사회계열,11770,539,4.58
2010,동의대학교,자연과학계열,5285,297,5.62
2010,루터대학교,예체능계열,51,4,7.84
2010,루터대학교,인문사회계열,588,40,6.8
2010,루터대학교,자연과학계열,104,6,5.77
2010,명신대학교,예체능계열,145,34,23.45
2010,명신대학교,인문사회계열,536,104,19.4
2010,명신대학교,자연과학계열,362,103,28.45
2010,명지대학교,공학계열,7941,290,3.65
2010,명지대학교,예체능계열,3117,87,2.79
2010,명지대학교,인문사회계열,280,4,1.43
2010,명지대학교,자연과학계열,3031,102,3.37
2010,명지대학교 _제2캠퍼스,공학계열,2174,68,3.13
2010,명지대학교 _제2캠퍼스,예체능계열,826,20,2.42
2010,명지대학교 _제2캠퍼스,인문사회계열,10351,250,2.42
2010,명지대학교 _제2캠퍼스,자연과학계열,715,19,2.66
2010,목원대학교,공학계열,3660,220,6.01
2010,목원대학교,예체능계열,3424,173,5.05
2010,목원대학교,인문사회계열,7540,423,5.61
2010,목원대학교,자연과학계열,2894,164,5.67
2010,목포가톨릭대학교,공학계열,417,3,0.72
2010,목포가톨릭대학교,인문사회계열,171,5,2.92
2010,목포가톨릭대학교,자연과학계열,509,5,0.98
2010,배재대학교,공학계열,4277,245,5.73
2010,배재대학교,예체능계열,1873,146,7.79
2010,배재대학교,인문사회계열,8621,501,5.81
2010,배재대학교,자연과학계열,2897,181,6.25
2010,백석대학교,공학계열,2501,174,6.96
2010,백석대학교,예체능계열,3234,216,6.68
2010,백석대학교,인문사회계열,12190,548,4.5
2010,백석대학교,자연과학계열,2962,192,6.48
2010,부산가톨릭대학교,공학계열,859,49,5.7
2010,부산가톨릭대학교,예체능계열,232,18,7.76
2010,부산가톨릭대학교,의학계열,166,12,7.23
2010,부산가톨릭대학교,인문사회계열,2027,101,4.98
2010,부산가톨릭대학교,자연과학계열,3248,97,2.99
2010,부산교육대학교,공학계열,139,0,0.0
2010,부산교육대학교,예체능계열,437,2,0.46
2010,부산교육대학교,인문사회계열,1919,19,0.99
2010,부산교육대학교,자연과학계열,925,15,1.62
2010,부산대학교,공학계열,12612,516,4.09
2010,부산대학교,예체능계열,2202,92,4.18
2010,부산대학교,의학계열,19,0,0.0
2010,부산대학교,인문사회계열,11669,242,2.07
2010,부산대학교,자연과학계열,7380,277,3.75
2010,부산외국어대학교,공학계열,1378,117,8.49
2010,부산외국어대학교,예체능계열,1184,120,10.14
2010,부산외국어대학교,인문사회계열,11414,606,5.31
2010,부산외국어대학교,자연과학계열,940,74,7.87
2010,부산장신대학교,인문사회계열,347,21,6.05
2010,부산장신대학교,자연과학계열,85,7,8.24
2010,삼육대학교,공학계열,1624,91,5.6
2010,삼육대학교,예체능계열,1575,87,5.52
2010,삼육대학교,인문사회계열,3808,226,5.93
2010,삼육대학교,자연과학계열,2425,123,5.07
2010,상명대학교,공학계열,1073,54,5.03
2010,상명대학교,예체능계열,2144,82,3.82
2010,상명대학교,인문사회계열,5502,173,3.14
2010,상명대학교,자연과학계열,2852,101,3.54
2010,상명대학교(천안) _분교,공학계열,2791,144,5.16
2010,상명대학교(천안) _분교,예체능계열,4139,169,4.08
2010,상명대학교(천안) _분교,인문사회계열,3403,189,5.55
2010,상명대학교(천안) _분교,자연과학계열,2191,108,4.93
2010,상주대학교,공학계열,2430,226,9.3
2010,상주대학교,예체능계열,562,56,9.96
2010,상주대학교,인문사회계열,739,45,6.09
2010,상주대학교,자연과학계열,1015,106,10.44
2010,상지대학교,공학계열,3302,136,4.12
2010,상지대학교,예체능계열,1174,64,5.45
2010,상지대학교,의학계열,390,3,0.77
2010,상지대학교,인문사회계열,5423,218,4.02
2010,상지대학교,자연과학계열,3494,125,3.58
2010,서강대학교,공학계열,2651,73,2.75
2010,서강대학교,인문사회계열,7909,137,1.73
2010,서강대학교,자연과학계열,1350,65,4.81
2010,서경대학교,공학계열,3270,217,6.64
2010,서경대학교,예체능계열,2247,180,8.01
2010,서경대학교,인문사회계열,4316,233,5.4
2010,서경대학교,자연과학계열,1552,93,5.99
2010,서남대학교,공학계열,449,15,3.34
2010,서남대학교,예체능계열,192,7,3.65
2010,서남대학교,의학계열,295,14,4.75
2010,서남대학교,인문사회계열,358,35,9.78
2010,서남대학교,자연과학계열,1239,65,5.25
2010,서남대학교 _제2캠퍼스,공학계열,299,22,7.36
2010,서남대학교 _제2캠퍼스,예체능계열,106,4,3.77
2010,서남대학교 _제2캠퍼스,인문사회계열,913,74,8.11
2010,서남대학교 _제2캠퍼스,자연과학계열,204,15,7.35
2010,서울과학기술대학교(산업대),공학계열,11046,237,2.15
2010,서울과학기술대학교(산업대),예체능계열,2631,57,2.17
2010,서울과학기술대학교(산업대),인문사회계열,1519,44,2.9
2010,서울과학기술대학교(산업대),자연과학계열,1709,37,2.17
2010,서울교육대학교,예체능계열,405,6,1.48
2010,서울교육대학교,인문사회계열,2139,20,0.94
2010,서울교육대학교,자연과학계열,667,8,1.2
2010,서울기독대학교,예체능계열,108,20,18.52
2010,서울기독대학교,인문사회계열,568,70,12.32
2010,서울기독대학교,자연과학계열,209,11,5.26
2010,서울대학교,공학계열,7704,107,1.39
2010,서울대학교,예체능계열,1851,14,0.76
2010,서울대학교,의학계열,852,5,0.59
2010,서울대학교,인문사회계열,10006,91,0.91
2010,서울대학교,자연과학계열,6663,137,2.06
2010,서울시립대학교,공학계열,4628,109,2.36
2010,서울시립대학교,예체능계열,798,29,3.63
2010,서울시립대학교,인문사회계열,6963,169,2.43
2010,서울시립대학교,자연과학계열,2660,73,2.74
2010,서울신학대학교,예체능계열,448,28,6.25
2010,서울신학대학교,인문사회계열,2079,71,3.42
2010,서울신학대학교,자연과학계열,360,11,3.06
2010,서울여자대학교,공학계열,2503,87,3.48
2010,서울여자대학교,예체능계열,1775,61,3.44
2010,서울여자대학교,인문사회계열,6044,188,3.11
2010,서울여자대학교,자연과학계열,3083,115,3.73
2010,서울장신대학교,예체능계열,155,11,7.1
2010,서울장신대학교,인문사회계열,524,12,2.29
2010,서울장신대학교,자연과학계열,198,6,3.03
2010,서울한영대학교,예체능계열,79,7,8.86
2010,서울한영대학교,인문사회계열,656,34,5.18
2010,서원대학교,공학계열,2341,167,7.13
2010,서원대학교,예체능계열,1826,129,7.06
2010,서원대학교,인문사회계열,6770,372,5.49
2010,서원대학교,자연과학계열,2410,125,5.19
2010,선교청대학교,예체능계열,147,56,38.1
2010,선교청대학교,인문사회계열,176,56,31.82
2010,선문대학교,공학계열,5632,419,7.44
2010,선문대학교,예체능계열,1321,111,8.4
2010,선문대학교,의학계열,255,12,4.71
2010,선문대학교,인문사회계열,7572,522,6.89
2010,선문대학교,자연과학계열,3485,223,6.4
2010,성결대학교,공학계열,1067,73,6.84
2010,성결대학교,예체능계열,972,59,6.07
2010,성결대학교,인문사회계열,3811,184,4.83
2010,성결대학교,자연과학계열,725,27,3.72
2010,성공회대학교,공학계열,1074,49,4.56
2010,성공회대학교,예체능계열,231,11,4.76
2010,성공회대학교,인문사회계열,2351,112,4.76
2010,성공회대학교,자연과학계열,533,20,3.75
2010,성균관대학교,공학계열,10238,252,2.46
2010,성균관대학교,예체능계열,2271,57,2.51
2010,성균관대학교,의학계열,167,0,0.0
2010,성균관대학교,인문사회계열,14744,258,1.75
2010,성균관대학교,자연과학계열,4135,146,3.53
2010,성신여자대학교,공학계열,2157,63,2.92
2010,성신여자대학교,예체능계열,2594,72,2.78
2010,성신여자대학교,인문사회계열,7507,227,3.02
2010,성신여자대학교,자연과학계열,3031,110,3.63
2010,세명대학교,공학계열,5336,313,5.87
2010,세명대학교,예체능계열,1638,124,7.57
2010,세명대학교,의학계열,296,3,1.01
2010,세명대학교,인문사회계열,6516,338,5.19
2010,세명대학교,자연과학계열,4897,253,5.17
2010,세종대학교,공학계열,8526,315,3.69
2010,세종대학교,예체능계열,2724,81,2.97
2010,세종대학교,인문사회계열,6007,164,2.73
2010,세종대학교,자연과학계열,2793,103,3.69
2010,세한대학교,공학계열,684,30,4.39
2010,세한대학교,예체능계열,1733,224,12.93
2010,세한대학교,인문사회계열,3508,282,8.04
2010,세한대학교,자연과학계열,1221,64,5.24
2010,수원가톨릭대학교,인문사회계열,244,6,2.46
2010,수원대학교,공학계열,6364,329,5.17
2010,수원대학교,예체능계열,3484,302,8.67
2010,수원대학교,인문사회계열,4825,206,4.27
2010,수원대학교,자연과학계열,4433,256,5.77
2010,숙명여자대학교,공학계열,1164,25,2.15
2010,숙명여자대학교,예체능계열,1918,47,2.45
2010,숙명여자대학교,인문사회계열,9258,247,2.67
2010,숙명여자대학교,자연과학계열,3280,124,3.78
2010,순복음총회신학교,인문사회계열,75,6,8.0
2010,순복음총회신학교,자연과학계열,15,0,0.0
2010,순천향대학교,공학계열,6117,322,5.26
2010,순천향대학교,예체능계열,1659,126,7.59
2010,순천향대학교,의학계열,579,4,0.69
2010,순천향대학교,인문사회계열,7252,347,4.78
2010,순천향대학교,자연과학계열,4874,204,4.19
2010,숭실대학교,공학계열,8854,170,1.92
2010,숭실대학교,예체능계열,741,18,2.43
2010,숭실대학교,인문사회계열,9787,247,2.52
2010,숭실대학교,자연과학계열,3063,69,2.25
2010,신경주대학교,공학계열,1063,140,13.17
2010,신경주대학교,예체능계열,671,96,14.31
2010,신경주대학교,인문사회계열,5262,547,10.4
2010,신경주대학교,자연과학계열,1603,98,6.11
2010,신라대학교,공학계열,4202,278,6.62
2010,신라대학교,예체능계열,2077,161,7.75
2010,신라대학교,인문사회계열,8607,431,5.01
2010,신라대학교,자연과학계열,3214,154,4.79
2010,아신대학교,인문사회계열,974,67,6.88
2010,아주대학교,공학계열,7769,227,2.92
2010,아주대학교,예체능계열,787,24,3.05
2010,아주대학교,의학계열,185,0,0.0
2010,아주대학교,인문사회계열,6025,153,2.54
2010,아주대학교,자연과학계열,1995,59,2.96
2010,안양대학교,공학계열,2388,118,4.94
2010,안양대학교,예체능계열,1106,81,7.32
2010,안양대학교,인문사회계열,3754,223,5.94
2010,안양대학교,자연과학계열,1209,65,5.38
2010,안양대학교 _제2캠퍼스,공학계열,371,28,7.55
2010,안양대학교 _제2캠퍼스,인문사회계열,365,32,8.77
2010,안양대학교 _제2캠퍼스,자연과학계열,371,28,7.55
2010,연세대학교,공학계열,7358,171,2.32
2010,연세대학교,예체능계열,1288,21,1.63
2010,연세대학교,의학계열,798,9,1.13
2010,연세대학교,인문사회계열,14668,147,1.0
2010,연세대학교,자연과학계열,5059,144,2.85
2010,연세대학교(미래) _분교,공학계열,1977,60,3.03
2010,연세대학교(미래) _분교,예체능계열,260,11,4.23
2010,연세대학교(미래) _분교,의학계열,669,7,1.05
2010,연세대학교(미래) _분교,인문사회계열,4828,121,2.51
2010,연세대학교(미래) _분교,자연과학계열,5796,136,2.35
2010,영남대학교,공학계열,13199,378,2.86
2010,영남대학교,예체능계열,3113,97,3.12
2010,영남대학교,의학계열,337,0,0.0
2010,영남대학교,인문사회계열,14398,374,2.6
2010,영남대학교,자연과학계열,7123,191,2.68
2010,영남신학대학교,인문사회계열,714,30,4.2
2010,영남신학대학교,자연과학계열,194,8,4.12
2010,영산대학교,공학계열,963,88,9.14
2010,영산대학교,예체능계열,680,81,11.91
2010,영산대학교,인문사회계열,2659,242,9.1
2010,영산대학교,자연과학계열,917,80,8.72
2010,영산대학교 _제2캠퍼스,공학계열,291,35,12.03
2010,영산대학교 _제2캠퍼스,예체능계열,758,88,11.61
2010,영산대학교 _제2캠퍼스,인문사회계열,1742,150,8.61
2010,영산대학교 _제2캠퍼스,자연과학계열,1362,120,8.81
2010,영산대학교(산업대),공학계열,231,41,17.75
2010,영산대학교(산업대),예체능계열,196,31,15.82
2010,영산대학교(산업대),인문사회계열,712,97,13.62
2010,영산대학교(산업대),자연과학계열,120,13,10.83
2010,영산대학교(산업대) _제2캠퍼스,공학계열,92,18,19.57
2010,영산대학교(산업대) _제2캠퍼스,예체능계열,142,28,19.72
2010,영산대학교(산업대) _제2캠퍼스,인문사회계열,459,69,15.03
2010,영산대학교(산업대) _제2캠퍼스,자연과학계열,269,37,13.75
2010,영산선학대학교,인문사회계열,51,6,11.76
2010,예수대학교,인문사회계열,90,13,14.44
2010,예수대학교,자연과학계열,498,3,0.6
2010,예원예술대학교,공학계열,22,0,0.0
2010,예원예술대학교,예체능계열,1042,85,8.16
2010,예원예술대학교,인문사회계열,222,22,9.91
2010,예원예술대학교,자연과학계열,36,3,8.33
2010,용인대학교,공학계열,1366,64,4.69
2010,용인대학교,예체능계열,5131,236,4.6
2010,용인대학교,인문사회계열,2849,123,4.32
2010,용인대학교,자연과학계열,2436,100,4.11
2010,우석대학교,공학계열,3056,184,6.02
2010,우석대학교,예체능계열,2160,191,8.84
2010,우석대학교,의학계열,240,6,2.5
2010,우석대학교,인문사회계열,6168,321,5.2
2010,우석대학교,자연과학계열,4357,237,5.44
2010,우송대학교,공학계열,1588,64,4.03
2010,우송대학교,예체능계열,615,32,5.2
2010,우송대학교,인문사회계열,3078,146,4.74
2010,우송대학교,자연과학계열,1862,74,3.97
2010,우송대학교(산업대),공학계열,1693,154,9.1
2010,우송대학교(산업대),예체능계열,976,52,5.33
2010,우송대학교(산업대),인문사회계열,3751,254,6.77
2010,우송대학교(산업대),자연과학계열,2251,132,5.86
2010,울산과학기술원,공학계열,948,16,1.69
2010,울산과학기술원,인문사회계열,276,3,1.09
2010,울산과학기술원,자연과학계열,123,1,0.81
2010,울산대학교,공학계열,9763,308,3.15
2010,울산대학교,예체능계열,1907,87,4.56
2010,울산대학교,의학계열,244,0,0.0
2010,울산대학교,인문사회계열,7862,187,2.38
2010,울산대학교,자연과학계열,3793,109,2.87
2010,원광대학교,공학계열,6292,288,4.58
2010,원광대학교,예체능계열,3227,166,5.14
2010,원광대학교,의학계열,1638,18,1.1
2010,원광대학교,인문사회계열,13488,500,3.71
2010,원광대학교,자연과학계열,6674,243,3.64
2010,위덕대학교,공학계열,1392,140,10.06
2010,위덕대학교,예체능계열,807,73,9.05
2010,위덕대학교,인문사회계열,1670,115,6.89
2010,위덕대학교,자연과학계열,845,64,7.57
2010,유원대학교,공학계열,1483,106,7.15
2010,유원대학교,예체능계열,1136,96,8.45
2010,유원대학교,의학계열,127,11,8.66
2010,유원대학교,인문사회계열,2114,137,6.48
2010,유원대학교,자연과학계열,2475,153,6.18
2010,을지대학교,공학계열,360,1,0.28
2010,을지대학교,의학계열,294,5,1.7
2010,을지대학교,인문사회계열,196,11,5.61
2010,을지대학교,자연과학계열,1031,20,1.94
2010,을지대학교 _제2캠퍼스,공학계열,1110,24,2.16
2010,을지대학교 _제2캠퍼스,예체능계열,40,2,5.0
2010,을지대학교 _제2캠퍼스,인문사회계열,1210,40,3.31
2010,을지대학교 _제2캠퍼스,자연과학계열,3981,127,3.19
2010,이화여자대학교,공학계열,1736,50,2.88
2010,이화여자대학교,예체능계열,3127,51,1.63
2010,이화여자대학교,의학계열,151,6,3.97
2010,이화여자대학교,인문사회계열,11349,152,1.34
2010,이화여자대학교,자연과학계열,4560,167,3.66
2010,인제대학교,공학계열,5361,244,4.55
2010,인제대학교,예체능계열,1409,76,5.39
2010,인제대학교,의학계열,197,4,2.03
2010,인제대학교,인문사회계열,5692,201,3.53
2010,인제대학교,자연과학계열,6073,236,3.89
2010,인제대학교 _제2캠퍼스,공학계열,360,4,1.11
2010,인제대학교 _제2캠퍼스,의학계열,391,0,0.0
2010,인제대학교 _제2캠퍼스,자연과학계열,751,4,0.53
2010,인천가톨릭대학교,공학계열,166,8,4.82
2010,인천가톨릭대학교,예체능계열,550,27,4.91
2010,인천가톨릭대학교,인문사회계열,317,18,5.68
2010,인천가톨릭대학교,자연과학계열,166,8,4.82
2010,인천대학교,공학계열,4571,189,4.13
2010,인천대학교,예체능계열,982,48,4.89
2010,인천대학교,인문사회계열,5114,181,3.54
2010,인천대학교,자연과학계열,2598,85,3.27
2010,인하대학교,공학계열,13028,210,1.61
2010,인하대학교,예체능계열,1080,26,2.41
2010,인하대학교,의학계열,121,0,0.0
2010,인하대학교,인문사회계열,12271,229,1.87
2010,인하대학교,자연과학계열,3710,64,1.73
2010,장로회신학대학교,예체능계열,291,10,3.44
2010,장로회신학대학교,인문사회계열,943,16,1.7
2010,전남대학교,공학계열,7412,229,3.09
2010,전남대학교,예체능계열,1469,37,2.52
2010,전남대학교,의학계열,781,7,0.9
2010,전남대학교,인문사회계열,10780,245,2.27
2010,전남대학교,자연과학계열,8526,281,3.3
2010,전남대학교 _제2캠퍼스,공학계열,3169,244,7.7
2010,전남대학교 _제2캠퍼스,예체능계열,799,51,6.38
2010,전남대학교 _제2캠퍼스,인문사회계열,2057,77,3.74
2010,전남대학교 _제2캠퍼스,자연과학계열,2624,134,5.11
2010,전북대학교,공학계열,10773,335,3.11
2010,전북대학교,예체능계열,1221,45,3.69
2010,전북대학교,의학계열,224,2,0.89
2010,전북대학교,인문사회계열,9961,243,2.44
2010,전북대학교,자연과학계열,6898,190,2.75
2010,전북대학교 _제2캠퍼스,공학계열,167,8,4.79
2010,전북대학교 _제2캠퍼스,예체능계열,84,5,5.95
2010,전북대학교 _제2캠퍼스,인문사회계열,90,1,1.11
2010,전북대학교 _제2캠퍼스,자연과학계열,554,21,3.79
2010,전주교육대학교,예체능계열,416,5,1.2
2010,전주교육대학교,인문사회계열,693,5,0.72
2010,전주교육대학교,자연과학계열,552,3,0.54
2010,전주대학교,공학계열,3574,235,6.58
2010,전주대학교,예체능계열,2729,181,6.63
2010,전주대학교,인문사회계열,10268,493,4.8
2010,전주대학교,자연과학계열,3080,156,5.06
2010,제주교육대학교,예체능계열,72,0,0.0
2010,제주교육대학교,인문사회계열,278,0,0.0
2010,제주교육대학교,자연과학계열,102,0,0.0
2010,제주대학교,공학계열,4124,112,2.72
2010,제주대학교,예체능계열,1511,66,4.37
2010,제주대학교,의학계열,235,1,0.43
2010,제주대학교,인문사회계열,7526,146,1.94
2010,제주대학교,자연과학계열,4442,153,3.44
2010,조선대학교,공학계열,12399,616,4.97
2010,조선대학교,예체능계열,3340,159,4.76
2010,조선대학교,의학계열,482,4,0.83
2010,조선대학교,인문사회계열,13049,522,4.0
2010,조선대학교,자연과학계열,6075,212,3.49
2010,중부대학교,공학계열,3715,210,5.65
2010,중부대학교,예체능계열,3534,224,6.34
2010,중부대학교,인문사회계열,6925,367,5.3
2010,중부대학교,자연과학계열,4537,242,5.33
2010,중앙대학교,공학계열,5883,173,2.94
2010,중앙대학교,예체능계열,641,12,1.87
2010,중앙대학교,의학계열,389,4,1.03
2010,중앙대학교,인문사회계열,11907,241,2.02
2010,중앙대학교,자연과학계열,3649,115,3.15
2010,중앙대학교(안성) _분교,공학계열,1953,38,1.95
2010,중앙대학교(안성) _분교,예체능계열,4844,123,2.54
2010,중앙대학교(안성) _분교,인문사회계열,7718,179,2.32
2010,중앙대학교(안성) _분교,자연과학계열,2097,53,2.53
2010,중앙승가대학교,인문사회계열,294,10,3.4
2010,중앙승가대학교,자연과학계열,105,4,3.81
2010,중원대학교,공학계열,276,21,7.61
2010,중원대학교,예체능계열,91,2,2.2
2010,중원대학교,인문사회계열,226,24,10.62
2010,중원대학교,자연과학계열,196,9,4.59
2010,진주교육대학교,예체능계열,466,5,1.07
2010,진주교육대학교,인문사회계열,809,6,0.74
2010,진주교육대학교,자연과학계열,630,0,0.0
2010,진주산업대학교(산업대),공학계열,3518,210,5.97
2010,진주산업대학교(산업대),예체능계열,200,25,12.5
2010,진주산업대학교(산업대),인문사회계열,1153,62,5.38
2010,진주산업대학교(산업대),자연과학계열,1812,132,7.28
2010,차의과학대학교,공학계열,236,4,1.69
2010,차의과학대학교,의학계열,76,4,5.26
2010,차의과학대학교,인문사회계열,274,5,1.82
2010,차의과학대학교,자연과학계열,236,4,1.69
2010,청운대학교,공학계열,3943,306,7.76
2010,청운대학교,예체능계열,2374,175,7.37
2010,청운대학교,인문사회계열,5018,326,6.5
2010,청운대학교,자연과학계열,1867,158,8.46
2010,청주교육대학교,예체능계열,364,1,0.27
2010,청주교육대학교,인문사회계열,1598,13,0.81
2010,청주교육대학교,자연과학계열,559,5,0.89
2010,청주대학교,공학계열,5292,215,4.06
2010,청주대학교,예체능계열,2722,115,4.22
2010,청주대학교,인문사회계열,12377,390,3.15
2010,청주대학교,자연과학계열,3159,113,3.58
2010,초당대학교(산업대),공학계열,1345,52,3.87
2010,초당대학교(산업대),예체능계열,958,58,6.05
2010,초당대학교(산업대),인문사회계열,1919,120,6.25
2010,초당대학교(산업대),자연과학계열,2530,98,3.87
2010,총신대학교,예체능계열,378,29,7.67
2010,총신대학교,인문사회계열,1789,66,3.69
2010,총신대학교,자연과학계열,357,9,2.52
2010,추계예술대학교,예체능계열,1354,51,3.77
2010,추계예술대학교,인문사회계열,391,12,3.07
2010,춘천교육대학교,예체능계열,506,5,0.99
2010,춘천교육대학교,인문사회계열,1798,16,0.89
2010,춘천교육대학교,자연과학계열,587,7,1.19
2010,충남대학교,공학계열,10343,224,2.17
2010,충남대학교,예체능계열,1636,60,3.67
2010,충남대학교,의학계열,521,2,0.38
2010,충남대학교,인문사회계열,9913,198,2.0
2010,충남대학교,자연과학계열,7785,177,2.27
2010,충북대학교,공학계열,8342,258,3.09
2010,충북대학교,예체능계열,730,18,2.47
2010,충북대학교,의학계열,344,6,1.74
2010,충북대학교,인문사회계열,7826,192,2.45
2010,충북대학교,자연과학계열,6970,264,3.79
2010,칼빈대학교,예체능계열,78,8,10.26
2010,칼빈대학교,인문사회계열,542,36,6.64
2010,탐라대학교,공학계열,109,10,9.17
2010,탐라대학교,예체능계열,245,16,6.53
2010,탐라대학교,인문사회계열,743,49,6.59
2010,탐라대학교,자연과학계열,293,14,4.78
2010,평택대학교,공학계열,929,70,7.53
2010,평택대학교,예체능계열,886,80,9.03
2010,평택대학교,인문사회계열,4140,258,6.23
2010,평택대학교,자연과학계열,1338,116,8.67
2010,포항공과대학교,공학계열,1157,4,0.35
2010,포항공과대학교,예체능계열,130,1,0.77
2010,포항공과대학교,자연과학계열,482,8,1.66
2010,한경대학교(산업대),공학계열,4287,264,6.16
2010,한경대학교(산업대),예체능계열,874,62,7.09
2010,한경대학교(산업대),인문사회계열,1627,80,4.92
2010,한경대학교(산업대),자연과학계열,3138,181,5.77
2010,한국과학기술원,공학계열,1896,24,1.27
2010,한국과학기술원,예체능계열,2002,58,2.9
2010,한국과학기술원,인문사회계열,160,1,0.62
2010,한국과학기술원,자연과학계열,1200,19,1.58
2010,한국교원대학교,공학계열,309,5,1.62
2010,한국교원대학교,예체능계열,271,6,2.21
2010,한국교원대학교,인문사회계열,2091,44,2.1
2010,한국교원대학교,자연과학계열,926,20,2.16
2010,한국교통대학교(산업대),공학계열,6066,744,12.27
2010,한국교통대학교(산업대),예체능계열,414,30,7.25
2010,한국교통대학교(산업대),인문사회계열,1668,150,8.99
2010,한국교통대학교(산업대),자연과학계열,1323,97,7.33
2010,한국국제대학교,공학계열,1436,120,8.36
2010,한국국제대학교,예체능계열,755,96,12.72
2010,한국국제대학교,인문사회계열,2281,148,6.49
2010,한국국제대학교,자연과학계열,1372,97,7.07
2010,한국기술교육대학교,공학계열,6028,219,3.63
2010,한국기술교육대학교,예체능계열,257,10,3.89
2010,한국기술교육대학교,인문사회계열,1045,36,3.44
2010,한국기술교육대학교,자연과학계열,1249,67,5.36
2010,한국방송통신대학교,공학계열,60187,13543,22.5
2010,한국방송통신대학교,예체능계열,6835,1572,23.0
2010,한국방송통신대학교,인문사회계열,217419,46276,21.28
2010,한국방송통신대학교,자연과학계열,57550,11327,19.68
2010,한국산업기술대학교(산업대),공학계열,6150,429,6.98
2010,한국산업기술대학교(산업대),예체능계열,957,73,7.63
2010,한국산업기술대학교(산업대),인문사회계열,509,35,6.88
2010,한국성서대학교,공학계열,199,16,8.04
2010,한국성서대학교,인문사회계열,736,15,2.04
2010,한국성서대학교,자연과학계열,224,16,7.14
2010,한국예술종합학교,공학계열,236,1,0.42
2010,한국예술종합학교,예체능계열,2851,29,1.02
2010,한국예술종합학교,인문사회계열,357,1,0.28
2010,한국외국어대학교,공학계열,662,11,1.66
2010,한국외국어대학교,예체능계열,42,2,4.76
2010,한국외국어대학교,인문사회계열,12225,270,2.21
2010,한국외국어대학교,자연과학계열,156,7,4.49
2010,한국외국어대학교(용인) _분교,공학계열,2493,71,2.85
2010,한국외국어대학교(용인) _분교,예체능계열,371,17,4.58
2010,한국외국어대학교(용인) _분교,인문사회계열,8293,199,2.4
2010,한국외국어대학교(용인) _분교,자연과학계열,2036,58,2.85
2010,한국전통문화대학교(각종),공학계열,223,1,0.45
2010,한국전통문화대학교(각종),예체능계열,184,3,1.63
2010,한국전통문화대학교(각종),인문사회계열,214,3,1.4
2010,한국전통문화대학교(각종),자연과학계열,89,2,2.25
2010,한국체육대학교,예체능계열,2615,45,1.72
2010,한국체육대학교,인문사회계열,184,3,1.63
2010,한국체육대학교,자연과학계열,992,26,2.62
2010,한국침례신학대학교,예체능계열,250,11,4.4
2010,한국침례신학대학교,인문사회계열,1750,58,3.31
2010,한국침례신학대학교,자연과학계열,310,11,3.55
2010,한국항공대학교,공학계열,5549,132,2.38
2010,한국항공대학교,인문사회계열,1700,48,2.82
2010,한국항공대학교,자연과학계열,1000,18,1.8
2010,한남대학교,공학계열,6519,308,4.72
2010,한남대학교,예체능계열,2162,107,4.95
2010,한남대학교,인문사회계열,11249,412,3.66
2010,한남대학교,자연과학계열,3226,150,4.65
2010,한동대학교,공학계열,1229,22,1.79
2010,한동대학교,인문사회계열,3538,66,1.87
2010,한동대학교,자연과학계열,455,7,1.54
2010,한라대학교,공학계열,3744,277,7.4
2010,한라대학교,예체능계열,995,88,8.84
2010,한라대학교,인문사회계열,2472,138,5.58
2010,한라대학교,자연과학계열,847,45,5.31
2010,한려대학교(산업대),공학계열,259,14,5.41
2010,한려대학교(산업대),예체능계열,94,6,6.38
2010,한려대학교(산업대),인문사회계열,125,6,4.8
2010,한려대학교(산업대),자연과학계열,757,35,4.62
2010,한림대학교,공학계열,2320,88,3.79
2010,한림대학교,예체능계열,1534,55,3.59
2010,한림대학교,의학계열,464,9,1.94
2010,한림대학교,인문사회계열,7104,186,2.62
2010,한림대학교,자연과학계열,3488,109,3.12
2010,한민학교,예체능계열,184,24,13.04
2010,한민학교,인문사회계열,652,127,19.48
2010,한민학교,자연과학계열,168,24,14.29
2010,한밭대학교(산업대),공학계열,6229,276,4.43
2010,한밭대학교(산업대),예체능계열,385,12,3.12
2010,한밭대학교(산업대),인문사회계열,1783,56,3.14
2010,한밭대학교(산업대),자연과학계열,363,18,4.96
2010,한북대학교,공학계열,439,30,6.83
2010,한북대학교,예체능계열,183,16,8.74
2010,한북대학교,인문사회계열,1046,83,7.93
2010,한북대학교,자연과학계열,784,47,5.99
2010,한서대학교,공학계열,3839,222,5.78
2010,한서대학교,예체능계열,2934,219,7.46
2010,한서대학교,인문사회계열,4623,292,6.32
2010,한서대학교,자연과학계열,4598,248,5.39
2010,한성대학교,공학계열,2369,124,5.23
2010,한성대학교,예체능계열,1927,95,4.93
2010,한성대학교,인문사회계열,3064,138,4.5
2010,한성대학교,자연과학계열,471,27,5.73
2010,한세대학교,공학계열,670,23,3.43
2010,한세대학교,예체능계열,1141,39,3.42
2010,한세대학교,인문사회계열,2247,62,2.76
2010,한세대학교,자연과학계열,264,6,2.27
2010,한신대학교,공학계열,2028,119,5.87
2010,한신대학교,예체능계열,565,32,5.66
2010,한신대학교,인문사회계열,6651,359,5.4
2010,한신대학교,자연과학계열,2175,119,5.47
2010,한양대학교,공학계열,9935,234,2.36
2010,한양대학교,예체능계열,2358,54,2.29
2010,한양대학교,의학계열,470,5,1.06
2010,한양대학교,인문사회계열,10085,186,1.84
2010,한양대학교,자연과학계열,3804,133,3.5
2010,한양대학교(ERICA) _분교,공학계열,6097,151,2.48
2010,한양대학교(ERICA) _분교,예체능계열,2167,46,2.12
2010,한양대학교(ERICA) _분교,인문사회계열,5631,120,2.13
2010,한양대학교(ERICA) _분교,자연과학계열,2001,61,3.05
2010,한일장신대학교,예체능계열,185,7,3.78
2010,한일장신대학교,인문사회계열,1086,7,0.64
2010,한일장신대학교,자연과학계열,32,1,3.12
2010,한중대학교,공학계열,788,35,4.44
2010,한중대학교,예체능계열,360,28,7.78
2010,한중대학교,인문사회계열,919,67,7.29
2010,한중대학교,자연과학계열,751,27,3.6
2010,협성대학교,공학계열,971,73,7.52
2010,협성대학교,예체능계열,2005,164,8.18
2010,협성대학교,의학계열,217,9,4.15
2010,협성대학교,인문사회계열,4140,256,6.18
2010,협성대학교,자연과학계열,1012,64,6.32
2010,호남대학교,공학계열,3554,289,8.13
2010,호남대학교,예체능계열,2704,270,9.99
2010,호남대학교,인문사회계열,4582,351,7.66
2010,호남대학교,자연과학계열,2914,227,7.79
2010,호남신학대학교,예체능계열,231,16,6.93
2010,호남신학대학교,인문사회계열,729,35,4.8
2010,호서대학교,공학계열,10336,667,6.45
2010,호서대학교,예체능계열,2938,219,7.45
2010,호서대학교,인문사회계열,7867,480,6.1
2010,호서대학교,자연과학계열,3886,204,5.25
2010,호원대학교,공학계열,1970,130,6.6
2010,호원대학교,예체능계열,1556,141,9.06
2010,호원대학교,인문사회계열,3019,227,7.52
2010,호원대학교,자연과학계열,988,70,7.09
2010,홍익대학교,공학계열,7811,218,2.79
2010,홍익대학교,예체능계열,3214,30,0.93
2010,홍익대학교,인문사회계열,6303,191,3.03
2010,홍익대학교,자연과학계열,583,10,1.72
2010,홍익대학교(세종) _분교,공학계열,4457,230,5.16
2010,홍익대학교(세종) _분교,예체능계열,2594,49,1.89
2010,홍익대학교(세종) _분교,인문사회계열,3651,117,3.2
2010,화성의과학대학교,공학계열,219,18,8.22
2010,화성의과학대학교,예체능계열,118,9,7.63
2010,화성의과학대학교,인문사회계열,487,42,8.62
2010,화성의과학대학교,자연과학계열,459,31,6.75
2011,가야대학교 _제2캠퍼스,공학계열,823,32,3.89
2011,가야대학교 _제2캠퍼스,예체능계열,142,12,8.45
2011,가야대학교 _제2캠퍼스,인문사회계열,1829,123,6.72
2011,가야대학교 _제2캠퍼스,자연과학계열,2092,121,5.78
2011,가천대학교,공학계열,8349,273,3.27
2011,가천대학교,예체능계열,3334,127,3.81
2011,가천대학교,의학계열,190,6,3.16
2011,가천대학교,인문사회계열,8088,231,2.86
2011,가천대학교,자연과학계열,3709,118,3.18
2011,가천의과학대학교,공학계열,2349,101,4.3
2011,가천의과학대학교,예체능계열,817,44,5.39
2011,가천의과학대학교,인문사회계열,1329,46,3.46
2011,가천의과학대학교,자연과학계열,2875,93,3.23
2011,가톨릭관동대학교,공학계열,3626,200,5.52
2011,가톨릭관동대학교,예체능계열,2007,122,6.08
2011,가톨릭관동대학교,의학계열,353,8,2.27
2011,가톨릭관동대학교,인문사회계열,10769,521,4.84
2011,가톨릭관동대학교,자연과학계열,3048,134,4.4
2011,가톨릭꽃동네대학교,공학계열,181,1,0.55
2011,가톨릭꽃동네대학교,인문사회계열,448,15,3.35
2011,가톨릭꽃동네대학교,자연과학계열,181,1,0.55
2011,가톨릭대학교,공학계열,2688,70,2.6
2011,가톨릭대학교,예체능계열,936,28,2.99
2011,가톨릭대학교,인문사회계열,7091,200,2.82
2011,가톨릭대학교,자연과학계열,2981,86,2.88
2011,가톨릭대학교 _제2캠퍼스,의학계열,246,1,0.41
2011,가톨릭대학교 _제2캠퍼스,자연과학계열,246,1,0.41
2011,가톨릭대학교 _제3캠퍼스,인문사회계열,332,8,2.41
2011,가톨릭대학교 _제4캠퍼스,공학계열,354,5,1.41
2011,가톨릭대학교 _제4캠퍼스,자연과학계열,354,5,1.41
2011,감리교신학대학교,인문사회계열,1231,15,1.22
2011,강남대학교,공학계열,1850,138,7.46
2011,강남대학교,예체능계열,1190,97,8.15
2011,강남대학교,인문사회계열,6811,333,4.89
2011,강남대학교,자연과학계열,307,37,12.05
2011,강서대학교,예체능계열,222,26,11.71
2011,강서대학교,인문사회계열,1116,76,6.81
2011,강원대학교,공학계열,7303,298,4.08
2011,강원대학교,예체능계열,1133,41,3.62
2011,강원대학교,의학계열,179,2,1.12
2011,강원대학교,인문사회계열,8510,251,2.95
2011,강원대학교,자연과학계열,8404,269,3.2
2011,강원대학교 _제2캠퍼스,공학계열,6628,328,4.95
2011,강원대학교 _제2캠퍼스,예체능계열,1676,103,6.15
2011,강원대학교 _제2캠퍼스,인문사회계열,2526,142,5.62
2011,강원대학교 _제2캠퍼스,자연과학계열,2004,82,4.09
2011,건국대학교,공학계열,7390,192,2.6
2011,건국대학교,예체능계열,3331,62,1.86
2011,건국대학교,의학계열,381,3,0.79
2011,건국대학교,인문사회계열,11677,191,1.64
2011,건국대학교,자연과학계열,5417,179,3.3
2011,건국대학교(글로컬) _분교,공학계열,4097,129,3.15
2011,건국대학교(글로컬) _분교,예체능계열,3318,105,3.16
2011,건국대학교(글로컬) _분교,인문사회계열,5441,144,2.65
2011,건국대학교(글로컬) _분교,자연과학계열,3695,92,2.49
2011,건동대학교,공학계열,156,19,12.18
2011,건동대학교,예체능계열,351,33,9.4
2011,건동대학교,인문사회계열,181,36,19.89
2011,건동대학교,자연과학계열,365,56,15.34
2011,건양대학교,공학계열,3531,197,5.58
2011,건양대학교,예체능계열,1445,92,6.37
2011,건양대학교,인문사회계열,5657,297,5.25
2011,건양대학교,자연과학계열,3454,186,5.39
2011,건양대학교 _제10캠퍼스,자연과학계열,42,1,2.38
2011,건양대학교 _제12캠퍼스,공학계열,348,2,0.57
2011,건양대학교 _제12캠퍼스,자연과학계열,348,2,0.57
2011,건양대학교 _제2캠퍼스,의학계열,135,1,0.74
2011,건양대학교 _제2캠퍼스,자연과학계열,135,1,0.74
2011,건양대학교 _제3캠퍼스,자연과학계열,230,3,1.3
2011,건양대학교 _제4캠퍼스,인문사회계열,157,3,1.91
2011,건양대학교 _제4캠퍼스,자연과학계열,157,3,1.91
2011,건양대학교 _제5캠퍼스,자연과학계열,201,4,1.99
2011,건양대학교 _제6캠퍼스,의학계열,236,1,0.42
2011,건양대학교 _제6캠퍼스,자연과학계열,236,1,0.42
2011,건양대학교 _제7캠퍼스,자연과학계열,224,3,1.34
2011,건양대학교 _제8캠퍼스,인문사회계열,311,3,0.96
2011,건양대학교 _제9캠퍼스,자연과학계열,204,2,0.98
2011,경기대학교,공학계열,5855,199,3.4
2011,경기대학교,예체능계열,2691,101,3.75
2011,경기대학교,인문사회계열,8876,256,2.88
2011,경기대학교,자연과학계열,2974,113,3.8
2011,경기대학교 _제2캠퍼스,공학계열,58,2,3.45
2011,경기대학교 _제2캠퍼스,예체능계열,710,28,3.94
2011,경기대학교 _제2캠퍼스,인문사회계열,1553,45,2.9
2011,경남과학기술대학교,공학계열,575,26,4.52
2011,경남과학기술대학교,예체능계열,32,1,3.12
2011,경남과학기술대학교,인문사회계열,248,13,5.24
2011,경남과학기술대학교,자연과학계열,406,15,3.69
2011,경남대학교,공학계열,6682,457,6.84
2011,경남대학교,예체능계열,2245,131,5.84
2011,경남대학교,인문사회계열,13249,657,4.96
2011,경남대학교,자연과학계열,3670,188,5.12
2011,경동대학교,공학계열,1169,97,8.3
2011,경동대학교,예체능계열,705,53,7.52
2011,경동대학교,인문사회계열,3283,227,6.91
2011,경동대학교,자연과학계열,1414,62,4.38
2011,경북대학교,공학계열,10396,202,1.94
2011,경북대학교,예체능계열,1077,24,2.23
2011,경북대학교,의학계열,273,4,1.47
2011,경북대학교,인문사회계열,11196,174,1.55
2011,경북대학교,자연과학계열,9245,200,2.16
2011,경북대학교 _제2캠퍼스,공학계열,1778,23,1.29
2011,경북대학교 _제2캠퍼스,예체능계열,260,6,2.31
2011,경북대학교 _제2캠퍼스,인문사회계열,622,9,1.45
2011,경북대학교 _제2캠퍼스,자연과학계열,882,11,1.25
2011,경북외국어대학교,인문사회계열,478,60,12.55
2011,경상국립대학교,공학계열,9251,260,2.81
2011,경상국립대학교,예체능계열,756,25,3.31
2011,경상국립대학교,의학계열,237,10,4.22
2011,경상국립대학교,인문사회계열,8401,194,2.31
2011,경상국립대학교,자연과학계열,7154,203,2.84
2011,경성대학교,공학계열,5177,262,5.06
2011,경성대학교,예체능계열,3816,232,6.08
2011,경성대학교,인문사회계열,11531,469,4.07
2011,경성대학교,자연과학계열,4216,191,4.53
2011,경운대학교(산업대),공학계열,1829,134,7.33
2011,경운대학교(산업대),예체능계열,2122,278,13.1
2011,경운대학교(산업대),인문사회계열,2782,253,9.09
2011,경운대학교(산업대),자연과학계열,2413,122,5.06
2011,경인교육대학교,예체능계열,443,19,4.29
2011,경인교육대학교,인문사회계열,976,15,1.54
2011,경인교육대학교,자연과학계열,571,6,1.05
2011,경인교육대학교 _제10캠퍼스,인문사회계열,93,3,3.23
2011,경인교육대학교 _제11캠퍼스,인문사회계열,103,0,0.0
2011,경인교육대학교 _제12캠퍼스,자연과학계열,98,1,1.02
2011,경인교육대학교 _제13캠퍼스,예체능계열,82,4,4.88
2011,경인교육대학교 _제14캠퍼스,자연과학계열,93,1,1.08
2011,경인교육대학교 _제2캠퍼스,예체능계열,104,1,0.96
2011,경인교육대학교 _제3캠퍼스,인문사회계열,97,0,0.0
2011,경인교육대학교 _제4캠퍼스,인문사회계열,98,0,0.0
2011,경인교육대학교 _제5캠퍼스,인문사회계열,96,4,4.17
2011,경인교육대학교 _제6캠퍼스,자연과학계열,96,0,0.0
2011,경인교육대학교 _제7캠퍼스,자연과학계열,97,1,1.03
2011,경인교육대학교 _제8캠퍼스,인문사회계열,106,1,0.94
2011,경인교육대학교 _제9캠퍼스,예체능계열,94,3,3.19
2011,경일대학교,공학계열,4704,302,6.42
2011,경일대학교,예체능계열,1176,84,7.14
2011,경일대학교,인문사회계열,3012,229,7.6
2011,경일대학교,자연과학계열,792,36,4.55
2011,경희대학교,공학계열,1245,21,1.69
2011,경희대학교,예체능계열,1317,34,2.58
2011,경희대학교,의학계열,757,6,0.79
2011,경희대학교,인문사회계열,13262,231,1.74
2011,경희대학교,자연과학계열,4590,127,2.77
2011,경희대학교 _분교,공학계열,9272,186,2.01
2011,경희대학교 _분교,예체능계열,5255,162,3.08
2011,경희대학교 _분교,인문사회계열,4438,135,3.04
2011,경희대학교 _분교,자연과학계열,4647,119,2.56
2011,계명대학교,공학계열,9411,351,3.73
2011,계명대학교,예체능계열,6216,286,4.6
2011,계명대학교,의학계열,475,5,1.05
2011,계명대학교,인문사회계열,18179,586,3.22
2011,계명대학교,자연과학계열,6206,202,3.25
2011,고려대학교,공학계열,11577,182,1.57
2011,고려대학교,예체능계열,1944,27,1.39
2011,고려대학교,의학계열,443,5,1.13
2011,고려대학교,인문사회계열,16356,147,0.9
2011,고려대학교,자연과학계열,8366,181,2.16
2011,고려대학교(세종) _분교,공학계열,3205,95,2.96
2011,고려대학교(세종) _분교,예체능계열,912,34,3.73
2011,고려대학교(세종) _분교,인문사회계열,5919,149,2.52
2011,고려대학교(세종) _분교,자연과학계열,2055,67,3.26
2011,고신대학교,공학계열,942,44,4.67
2011,고신대학교,예체능계열,861,51,5.92
2011,고신대학교,의학계열,467,6,1.28
2011,고신대학교,인문사회계열,3369,118,3.5
2011,고신대학교,자연과학계열,1911,67,3.51
2011,공주교육대학교,예체능계열,356,1,0.28
2011,공주교육대학교,인문사회계열,1879,10,0.53
2011,공주교육대학교,자연과학계열,638,5,0.78
2011,광신대학교,예체능계열,106,11,10.38
2011,광신대학교,인문사회계열,606,37,6.11
2011,광운대학교,공학계열,6850,207,3.02
2011,광운대학교,예체능계열,2476,72,2.91
2011,광운대학교,인문사회계열,5231,154,2.94
2011,광운대학교,자연과학계열,1188,62,5.22
2011,광주가톨릭대학교,인문사회계열,144,13,9.03
2011,광주과학기술원,인문사회계열,199,6,3.02
2011,광주과학기술원,자연과학계열,199,6,3.02
2011,광주교육대학교,예체능계열,431,3,0.7
2011,광주교육대학교,인문사회계열,791,2,0.25
2011,광주교육대학교,자연과학계열,580,8,1.38
2011,광주대학교,공학계열,2189,194,8.86
2011,광주대학교,예체능계열,1685,172,10.21
2011,광주대학교,인문사회계열,6967,569,8.17
2011,광주대학교,자연과학계열,1181,79,6.69
2011,광주대학교(산업대),공학계열,38,13,34.21
2011,광주대학교(산업대),예체능계열,10,3,30.0
2011,광주대학교(산업대),인문사회계열,110,27,24.55
2011,광주대학교(산업대),자연과학계열,10,3,30.0
2011,광주여자대학교,공학계열,569,20,3.51
2011,광주여자대학교,예체능계열,1709,87,5.09
2011,광주여자대학교,인문사회계열,2828,127,4.49
2011,광주여자대학교,자연과학계열,2371,101,4.26
2011,국립강릉원주대학교,공학계열,2717,106,3.9
2011,국립강릉원주대학교,예체능계열,581,28,4.82
2011,국립강릉원주대학교,의학계열,233,1,0.43
2011,국립강릉원주대학교,인문사회계열,3775,122,3.23
2011,국립강릉원주대학교,자연과학계열,2964,131,4.42
2011,국립강릉원주대학교 _제2캠퍼스,공학계열,2116,81,3.83
2011,국립강릉원주대학교 _제2캠퍼스,예체능계열,652,40,6.13
2011,국립강릉원주대학교 _제2캠퍼스,인문사회계열,674,45,6.68
2011,국립강릉원주대학교 _제2캠퍼스,자연과학계열,700,15,2.14
2011,국립경국대학교,공학계열,4353,126,2.89
2011,국립경국대학교,예체능계열,1086,67,6.17
2011,국립경국대학교,인문사회계열,4396,120,2.73
2011,국립경국대학교,자연과학계열,3606,133,3.69
2011,국립공주대학교,공학계열,9544,351,3.68
2011,국립공주대학교,예체능계열,1657,51,3.08
2011,국립공주대학교,인문사회계열,6552,128,1.95
2011,국립공주대학교,자연과학계열,6034,159,2.64
2011,국립군산대학교,공학계열,5975,442,7.4
2011,국립군산대학교,예체능계열,1039,80,7.7
2011,국립군산대학교,인문사회계열,4158,224,5.39
2011,국립군산대학교,자연과학계열,4309,273,6.34
2011,국립금오공과대학교,공학계열,8520,215,2.52
2011,국립금오공과대학교,예체능계열,121,1,0.83
2011,국립금오공과대학교,인문사회계열,359,5,1.39
2011,국립금오공과대학교,자연과학계열,770,26,3.38
2011,국립목포대학교,공학계열,5539,275,4.96
2011,국립목포대학교,예체능계열,1231,64,5.2
2011,국립목포대학교,인문사회계열,5742,201,3.5
2011,국립목포대학교,자연과학계열,3788,172,4.54
2011,국립목포해양대학교,공학계열,3056,101,3.3
2011,국립부경대학교,공학계열,14242,442,3.1
2011,국립부경대학교,예체능계열,1170,57,4.87
2011,국립부경대학교,인문사회계열,7897,225,2.85
2011,국립부경대학교,자연과학계열,4686,134,2.86
2011,국립순천대학교,공학계열,4771,352,7.38
2011,국립순천대학교,예체능계열,1229,84,6.83
2011,국립순천대학교,인문사회계열,4703,205,4.36
2011,국립순천대학교,자연과학계열,3769,223,5.92
2011,국립창원대학교,공학계열,5777,157,2.72
2011,국립창원대학교,예체능계열,1551,78,5.03
2011,국립창원대학교,인문사회계열,5674,160,2.82
2011,국립창원대학교,자연과학계열,2856,85,2.98
2011,국립한국교통대학교,공학계열,3568,93,2.61
2011,국립한국교통대학교,예체능계열,508,14,2.76
2011,국립한국교통대학교,인문사회계열,1200,30,2.5
2011,국립한국교통대학교,자연과학계열,1126,22,1.95
2011,국립한국해양대학교,공학계열,6044,170,2.81
2011,국립한국해양대학교,예체능계열,217,7,3.23
2011,국립한국해양대학교,인문사회계열,2657,89,3.35
2011,국립한국해양대학교,자연과학계열,874,31,3.55
2011,국민대학교,공학계열,6392,177,2.77
2011,국민대학교,예체능계열,3348,122,3.64
2011,국민대학교,인문사회계열,10559,281,2.66
2011,국민대학교,자연과학계열,3452,108,3.13
2011,극동대학교,공학계열,1469,128,8.71
2011,극동대학교,예체능계열,1323,100,7.56
2011,극동대학교,인문사회계열,3800,274,7.21
2011,극동대학교,자연과학계열,2323,124,5.34
2011,금강대학교,인문사회계열,515,11,2.14
2011,금강대학교,자연과학계열,64,0,0.0
2011,김천대학교,공학계열,188,9,4.79
2011,김천대학교,예체능계열,119,16,13.45
2011,김천대학교,인문사회계열,1017,58,5.7
2011,김천대학교,자연과학계열,1673,61,3.65
2011,나사렛대학교,공학계열,1084,51,4.7
2011,나사렛대학교,예체능계열,1482,56,3.78
2011,나사렛대학교,인문사회계열,5935,216,3.64
2011,나사렛대학교,자연과학계열,2491,95,3.81
2011,남부대학교,공학계열,891,69,7.74
2011,남부대학교,예체능계열,1003,133,13.26
2011,남부대학교,인문사회계열,1700,166,9.76
2011,남부대학교,자연과학계열,2431,181,7.45
2011,남서울대학교(산업대),공학계열,6046,503,8.32
2011,남서울대학교(산업대),예체능계열,3796,355,9.35
2011,남서울대학교(산업대),인문사회계열,9703,628,6.47
2011,남서울대학교(산업대),자연과학계열,3469,202,5.82
2011,단국대학교,공학계열,5775,178,3.08
2011,단국대학교,예체능계열,2523,92,3.65
2011,단국대학교,인문사회계열,8969,242,2.7
2011,단국대학교,자연과학계열,2632,85,3.23
2011,단국대학교(천안) _분교,공학계열,5141,180,3.5
2011,단국대학교(천안) _분교,예체능계열,2768,121,4.37
2011,단국대학교(천안) _분교,의학계열,726,7,0.96
2011,단국대학교(천안) _분교,인문사회계열,7318,267,3.65
2011,단국대학교(천안) _분교,자연과학계열,5253,172,3.27
2011,대구가톨릭대학교,공학계열,6421,296,4.61
2011,대구가톨릭대학교,예체능계열,2218,162,7.3
2011,대구가톨릭대학교,의학계열,734,23,3.13
2011,대구가톨릭대학교,인문사회계열,10112,391,3.87
2011,대구가톨릭대학교,자연과학계열,6359,229,3.6
2011,대구교육대학교,예체능계열,429,2,0.47
2011,대구교육대학교,인문사회계열,2013,16,0.79
2011,대구교육대학교,자연과학계열,703,10,1.42
2011,대구대학교,공학계열,9859,552,5.6
2011,대구대학교,예체능계열,2619,129,4.93
2011,대구대학교,의학계열,197,19,9.64
2011,대구대학교,인문사회계열,15324,559,3.65
2011,대구대학교,자연과학계열,8843,390,4.41
2011,대구예술대학교,공학계열,33,4,12.12
2011,대구예술대학교,예체능계열,1787,224,12.53
2011,대구예술대학교,인문사회계열,720,80,11.11
2011,대구예술대학교,자연과학계열,33,4,12.12
2011,대구외국어대학교,예체능계열,93,9,9.68
2011,대구외국어대학교,인문사회계열,565,68,12.04
2011,대구한의대학교,공학계열,1935,121,6.25
2011,대구한의대학교,예체능계열,1369,106,7.74
2011,대구한의대학교,의학계열,729,10,1.37
2011,대구한의대학교,인문사회계열,3459,203,5.87
2011,대구한의대학교,자연과학계열,5128,256,4.99
2011,대신대학교,예체능계열,168,20,11.9
2011,대신대학교,인문사회계열,468,41,8.76
2011,대신대학교,자연과학계열,82,9,10.98
2011,대전가톨릭대학교,인문사회계열,155,12,7.74
2011,대전대학교,공학계열,5176,303,5.85
2011,대전대학교,예체능계열,1866,118,6.32
2011,대전대학교,의학계열,521,8,1.54
2011,대전대학교,인문사회계열,7984,434,5.44
2011,대전대학교,자연과학계열,3757,173,4.6
2011,대전신학교,인문사회계열,122,7,5.74
2011,대전신학대학교,인문사회계열,173,11,6.36
2011,대진대학교,공학계열,4456,323,7.25
2011,대진대학교,예체능계열,2435,191,7.84
2011,대진대학교,인문사회계열,5714,324,5.67
2011,대진대학교,자연과학계열,1779,111,6.24
2011,덕성여자대학교,공학계열,1326,42,3.17
2011,덕성여자대학교,예체능계열,1156,39,3.37
2011,덕성여자대학교,인문사회계열,5339,153,2.87
2011,덕성여자대학교,자연과학계열,2473,96,3.88
2011,동국대학교,공학계열,5756,147,2.55
2011,동국대학교,예체능계열,1822,42,2.31
2011,동국대학교,인문사회계열,12399,262,2.11
2011,동국대학교,자연과학계열,3625,92,2.54
2011,동국대학교(WISE) _분교,공학계열,2587,109,4.21
2011,동국대학교(WISE) _분교,예체능계열,1035,65,6.28
2011,동국대학교(WISE) _분교,의학계열,683,3,0.44
2011,동국대학교(WISE) _분교,인문사회계열,7537,363,4.82
2011,동국대학교(WISE) _분교,자연과학계열,2927,97,3.31
2011,동덕여자대학교,공학계열,2041,72,3.53
2011,동덕여자대학교,예체능계열,2764,109,3.94
2011,동덕여자대학교,의학계열,227,7,3.08
2011,동덕여자대학교,인문사회계열,5177,169,3.26
2011,동덕여자대학교,자연과학계열,2730,91,3.33
2011,동명대학교,공학계열,7260,686,9.45
2011,동명대학교,예체능계열,2627,279,10.62
2011,동명대학교,인문사회계열,5835,464,7.95
2011,동명대학교,자연과학계열,3160,315,9.97
2011,동명정보대학교,공학계열,909,96,10.56
2011,동명정보대학교,예체능계열,450,57,12.67
2011,동명정보대학교,인문사회계열,637,43,6.75
2011,동명정보대학교,자연과학계열,318,42,13.21
2011,동서대학교,공학계열,5984,429,7.17
2011,동서대학교,예체능계열,4006,290,7.24
2011,동서대학교,인문사회계열,8064,442,5.48
2011,동서대학교,자연과학계열,3026,151,4.99
2011,동신대학교,공학계열,3603,249,6.91
2011,동신대학교,예체능계열,1378,166,12.05
2011,동신대학교,의학계열,312,4,1.28
2011,동신대학교,인문사회계열,5044,411,8.15
2011,동신대학교,자연과학계열,4863,360,7.4
2011,동아대학교,공학계열,12340,296,2.4
2011,동아대학교,예체능계열,4125,138,3.35
2011,동아대학교,의학계열,181,4,2.21
2011,동아대학교,인문사회계열,13274,249,1.88
2011,동아대학교,자연과학계열,5617,115,2.05
2011,동양대학교,공학계열,3025,204,6.74
2011,동양대학교,예체능계열,646,67,10.37
2011,동양대학교,인문사회계열,3097,197,6.36
2011,동양대학교,자연과학계열,282,18,6.38
2011,동의대학교,공학계열,10293,603,5.86
2011,동의대학교,예체능계열,3347,203,6.07
2011,동의대학교,의학계열,310,4,1.29
2011,동의대학교,인문사회계열,11688,537,4.59
2011,동의대학교,자연과학계열,5516,277,5.02
2011,루터대학교,예체능계열,81,12,14.81
2011,루터대학교,인문사회계열,643,59,9.18
2011,루터대학교,자연과학계열,103,6,5.83
2011,명지대학교,공학계열,7905,339,4.29
2011,명지대학교,예체능계열,3104,144,4.64
2011,명지대학교,인문사회계열,394,20,5.08
2011,명지대학교,자연과학계열,2977,116,3.9
2011,명지대학교 _제2캠퍼스,공학계열,2187,82,3.75
2011,명지대학교 _제2캠퍼스,예체능계열,876,22,2.51
2011,명지대학교 _제2캠퍼스,인문사회계열,10612,385,3.63
2011,명지대학교 _제2캠퍼스,자연과학계열,637,18,2.83
2011,목원대학교,공학계열,3695,225,6.09
2011,목원대학교,예체능계열,3383,182,5.38
2011,목원대학교,인문사회계열,7540,430,5.7
2011,목원대학교,자연과학계열,3018,173,5.73
2011,목포가톨릭대학교,공학계열,432,5,1.16
2011,목포가톨릭대학교,인문사회계열,167,13,7.78
2011,목포가톨릭대학교,자연과학계열,524,9,1.72
2011,배재대학교,공학계열,4347,294,6.76
2011,배재대학교,예체능계열,1835,166,9.05
2011,배재대학교,인문사회계열,8643,516,5.97
2011,배재대학교,자연과학계열,2986,206,6.9
2011,백석대학교,공학계열,2480,152,6.13
2011,백석대학교,예체능계열,3414,182,5.33
2011,백석대학교,인문사회계열,12344,583,4.72
2011,백석대학교,자연과학계열,3179,176,5.54
2011,부산가톨릭대학교,공학계열,935,56,5.99
2011,부산가톨릭대학교,예체능계열,226,22,9.73
2011,부산가톨릭대학교,의학계열,162,8,4.94
2011,부산가톨릭대학교,인문사회계열,2025,97,4.79
2011,부산가톨릭대학교,자연과학계열,3360,94,2.8
2011,부산교육대학교,공학계열,135,2,1.48
2011,부산교육대학교,예체능계열,427,5,1.17
2011,부산교육대학교,인문사회계열,1782,16,0.9
2011,부산교육대학교,자연과학계열,836,8,0.96
2011,부산대학교,공학계열,12798,327,2.56
2011,부산대학교,예체능계열,2320,78,3.36
2011,부산대학교,의학계열,15,0,0.0
2011,부산대학교,인문사회계열,11611,192,1.65
2011,부산대학교,자연과학계열,7453,152,2.04
2011,부산외국어대학교,공학계열,1239,66,5.33
2011,부산외국어대학교,예체능계열,1220,69,5.66
2011,부산외국어대학교,인문사회계열,11390,451,3.96
2011,부산외국어대학교,자연과학계열,832,49,5.89
2011,부산장신대학교,인문사회계열,343,17,4.96
2011,부산장신대학교,자연과학계열,63,2,3.17
2011,삼육대학교,공학계열,1890,92,4.87
2011,삼육대학교,예체능계열,1455,70,4.81
2011,삼육대학교,인문사회계열,3853,180,4.67
2011,삼육대학교,자연과학계열,2741,120,4.38
2011,상명대학교,공학계열,1044,56,5.36
2011,상명대학교,예체능계열,2167,80,3.69
2011,상명대학교,인문사회계열,5521,158,2.86
2011,상명대학교,자연과학계열,2867,107,3.73
2011,상명대학교(천안) _분교,공학계열,2944,132,4.48
2011,상명대학교(천안) _분교,예체능계열,4126,177,4.29
2011,상명대학교(천안) _분교,인문사회계열,3520,128,3.64
2011,상명대학교(천안) _분교,자연과학계열,2187,88,4.02
2011,상주대학교,공학계열,1861,110,5.91
2011,상주대학교,예체능계열,428,25,5.84
2011,상주대학교,인문사회계열,526,21,3.99
2011,상주대학교,자연과학계열,719,29,4.03
2011,상지대학교,공학계열,3311,196,5.92
2011,상지대학교,예체능계열,1238,58,4.68
2011,상지대학교,의학계열,391,4,1.02
2011,상지대학교,인문사회계열,5540,264,4.77
2011,상지대학교,자연과학계열,3640,203,5.58
2011,서강대학교,공학계열,2603,73,2.8
2011,서강대학교,인문사회계열,8033,110,1.37
2011,서강대학교,자연과학계열,1316,43,3.27
2011,서경대학교,공학계열,3111,203,6.53
2011,서경대학교,예체능계열,2406,165,6.86
2011,서경대학교,인문사회계열,4496,254,5.65
2011,서경대학교,자연과학계열,1246,84,6.74
2011,서남대학교,공학계열,461,11,2.39
2011,서남대학교,예체능계열,212,21,9.91
2011,서남대학교,의학계열,296,11,3.72
2011,서남대학교,인문사회계열,342,20,5.85
2011,서남대학교,자연과학계열,1295,47,3.63
2011,서남대학교 _제2캠퍼스,공학계열,453,37,8.17
2011,서남대학교 _제2캠퍼스,예체능계열,119,12,10.08
2011,서남대학교 _제2캠퍼스,인문사회계열,1111,101,9.09
2011,서남대학교 _제2캠퍼스,자연과학계열,318,21,6.6
2011,서울과학기술대학교(산업대),공학계열,11189,260,2.32
2011,서울과학기술대학교(산업대),예체능계열,2714,61,2.25
2011,서울과학기술대학교(산업대),인문사회계열,1579,44,2.79
2011,서울과학기술대학교(산업대),자연과학계열,1996,43,2.15
2011,서울교육대학교,예체능계열,383,1,0.26
2011,서울교육대학교,인문사회계열,2005,19,0.95
2011,서울교육대학교,자연과학계열,623,8,1.28
2011,서울기독대학교,예체능계열,113,14,12.39
2011,서울기독대학교,인문사회계열,548,31,5.66
2011,서울기독대학교,자연과학계열,206,9,4.37
2011,서울대학교,공학계열,7569,90,1.19
2011,서울대학교,예체능계열,1832,22,1.2
2011,서울대학교,의학계열,795,3,0.38
2011,서울대학교,인문사회계열,9712,63,0.65
2011,서울대학교,자연과학계열,6667,106,1.59
2011,서울시립대학교,공학계열,4665,94,2.02
2011,서울시립대학교,예체능계열,806,9,1.12
2011,서울시립대학교,인문사회계열,7105,140,1.97
2011,서울시립대학교,자연과학계열,2713,67,2.47
2011,서울신학대학교,공학계열,29,2,6.9
2011,서울신학대학교,예체능계열,449,18,4.01
2011,서울신학대학교,인문사회계열,2075,89,4.29
2011,서울신학대학교,자연과학계열,342,13,3.8
2011,서울여자대학교,공학계열,2715,76,2.8
2011,서울여자대학교,예체능계열,1778,57,3.21
2011,서울여자대학교,인문사회계열,6586,168,2.55
2011,서울여자대학교,자연과학계열,4010,123,3.07
2011,서울장신대학교,예체능계열,162,18,11.11
2011,서울장신대학교,인문사회계열,532,15,2.82
2011,서울장신대학교,자연과학계열,211,4,1.9
2011,서울한영대학교,예체능계열,88,9,10.23
2011,서울한영대학교,인문사회계열,650,43,6.62
2011,서원대학교,공학계열,2400,172,7.17
2011,서원대학교,예체능계열,1848,131,7.09
2011,서원대학교,인문사회계열,6734,331,4.92
2011,서원대학교,자연과학계열,2401,126,5.25
2011,선교청대학교,공학계열,18,2,11.11
2011,선교청대학교,예체능계열,36,36,100.0
2011,선교청대학교,인문사회계열,139,3,2.16
2011,선교청대학교,자연과학계열,42,0,0.0
2011,선문대학교,공학계열,5916,384,6.49
2011,선문대학교,예체능계열,1499,105,7.0
2011,선문대학교,의학계열,294,20,6.8
2011,선문대학교,인문사회계열,7619,457,6.0
2011,선문대학교,자연과학계열,3748,194,5.18
2011,성결대학교,공학계열,1193,78,6.54
2011,성결대학교,예체능계열,983,50,5.09
2011,성결대학교,인문사회계열,3961,198,5.0
2011,성결대학교,자연과학계열,794,31,3.9
2011,성공회대학교,공학계열,1078,50,4.64
2011,성공회대학교,예체능계열,235,10,4.26
2011,성공회대학교,인문사회계열,2371,128,5.4
2011,성공회대학교,자연과학계열,521,23,4.41
2011,성균관대학교,공학계열,10123,240,2.37
2011,성균관대학교,예체능계열,2267,53,2.34
2011,성균관대학교,의학계열,144,0,0.0
2011,성균관대학교,인문사회계열,14694,280,1.91
2011,성균관대학교,자연과학계열,4197,169,4.03
2011,성신여자대학교,공학계열,2291,66,2.88
2011,성신여자대학교,예체능계열,2798,71,2.54
2011,성신여자대학교,인문사회계열,8026,223,2.78
2011,성신여자대학교,자연과학계열,3118,95,3.05
2011,세명대학교,공학계열,5369,324,6.03
2011,세명대학교,예체능계열,1608,123,7.65
2011,세명대학교,의학계열,301,1,0.33
2011,세명대학교,인문사회계열,6623,313,4.73
2011,세명대학교,자연과학계열,5030,266,5.29
2011,세종대학교,공학계열,8219,244,2.97
2011,세종대학교,예체능계열,3049,94,3.08
2011,세종대학교,인문사회계열,6269,195,3.11
2011,세종대학교,자연과학계열,2832,111,3.92
2011,세한대학교,공학계열,833,80,9.6
2011,세한대학교,예체능계열,1986,241,12.13
2011,세한대학교,인문사회계열,3483,284,8.15
2011,세한대학교,자연과학계열,1260,67,5.32
2011,수원가톨릭대학교,인문사회계열,242,5,2.07
2011,수원대학교,공학계열,6867,383,5.58
2011,수원대학교,예체능계열,3384,283,8.36
2011,수원대학교,인문사회계열,5091,251,4.93
2011,수원대학교,자연과학계열,4223,218,5.16
2011,숙명여자대학교,공학계열,1196,37,3.09
2011,숙명여자대학교,예체능계열,2053,44,2.14
2011,숙명여자대학교,인문사회계열,9573,204,2.13
2011,숙명여자대학교,자연과학계열,3277,120,3.66
2011,순복음총회신학교,인문사회계열,141,37,26.24
2011,순복음총회신학교,자연과학계열,20,5,25.0
2011,순천향대학교,공학계열,6044,338,5.59
2011,순천향대학교,예체능계열,1954,152,7.78
2011,순천향대학교,의학계열,571,5,0.88
2011,순천향대학교,인문사회계열,7422,339,4.57
2011,순천향대학교,자연과학계열,5054,251,4.97
2011,숭실대학교,공학계열,8729,216,2.47
2011,숭실대학교,예체능계열,487,22,4.52
2011,숭실대학교,인문사회계열,10191,259,2.54
2011,숭실대학교,자연과학계열,2847,75,2.63
2011,신경주대학교,공학계열,1175,118,10.04
2011,신경주대학교,예체능계열,697,76,10.9
2011,신경주대학교,인문사회계열,5140,445,8.66
2011,신경주대학교,자연과학계열,1995,121,6.07
2011,신라대학교,공학계열,4207,247,5.87
2011,신라대학교,예체능계열,2043,165,8.08
2011,신라대학교,인문사회계열,8625,365,4.23
2011,신라대학교,자연과학계열,3539,172,4.86
2011,아신대학교,인문사회계열,932,51,5.47
2011,아주대학교,공학계열,7765,206,2.65
2011,아주대학교,예체능계열,776,8,1.03
2011,아주대학교,의학계열,128,0,0.0
2011,아주대학교,인문사회계열,6147,116,1.89
2011,아주대학교,자연과학계열,2111,72,3.41
2011,안양대학교,공학계열,2492,146,5.86
2011,안양대학교,예체능계열,1211,80,6.61
2011,안양대학교,인문사회계열,3731,213,5.71
2011,안양대학교,자연과학계열,1269,76,5.99
2011,안양대학교 _제2캠퍼스,공학계열,386,23,5.96
2011,안양대학교 _제2캠퍼스,인문사회계열,366,26,7.1
2011,안양대학교 _제2캠퍼스,자연과학계열,386,23,5.96
2011,연세대학교,공학계열,7258,117,1.61
2011,연세대학교,예체능계열,1299,18,1.39
2011,연세대학교,의학계열,720,2,0.28
2011,연세대학교,인문사회계열,14620,125,0.85
2011,연세대학교,자연과학계열,5111,108,2.11
2011,연세대학교(미래) _분교,공학계열,1947,43,2.21
2011,연세대학교(미래) _분교,예체능계열,172,5,2.91
2011,연세대학교(미래) _분교,의학계열,671,8,1.19
2011,연세대학교(미래) _분교,인문사회계열,5020,141,2.81
2011,연세대학교(미래) _분교,자연과학계열,5835,113,1.94
2011,영남대학교,공학계열,12524,397,3.17
2011,영남대학교,예체능계열,3308,104,3.14
2011,영남대학교,의학계열,304,3,0.99
2011,영남대학교,인문사회계열,14432,379,2.63
2011,영남대학교,자연과학계열,6966,216,3.1
2011,영남신학대학교,인문사회계열,719,35,4.87
2011,영남신학대학교,자연과학계열,193,13,6.74
2011,영산대학교,공학계열,1151,89,7.73
2011,영산대학교,예체능계열,767,103,13.43
2011,영산대학교,인문사회계열,2734,267,9.77
2011,영산대학교,자연과학계열,1100,86,7.82
2011,영산대학교 _제2캠퍼스,공학계열,344,37,10.76
2011,영산대학교 _제2캠퍼스,예체능계열,858,89,10.37
2011,영산대학교 _제2캠퍼스,인문사회계열,2128,166,7.8
2011,영산대학교 _제2캠퍼스,자연과학계열,1530,119,7.78
2011,영산대학교(산업대),공학계열,112,10,8.93
2011,영산대학교(산업대),예체능계열,92,10,10.87
2011,영산대학교(산업대),인문사회계열,387,46,11.89
2011,영산대학교(산업대),자연과학계열,80,10,12.5
2011,영산대학교(산업대) _제2캠퍼스,공학계열,36,10,27.78
2011,영산대학교(산업대) _제2캠퍼스,예체능계열,81,17,20.99
2011,영산대학교(산업대) _제2캠퍼스,인문사회계열,263,33,12.55
2011,영산대학교(산업대) _제2캠퍼스,자연과학계열,151,19,12.58
2011,영산선학대학교,인문사회계열,57,9,15.79
2011,예수대학교,인문사회계열,107,9,8.41
2011,예수대학교,자연과학계열,512,2,0.39
2011,예원예술대학교,공학계열,21,2,9.52
2011,예원예술대학교,예체능계열,1133,98,8.65
2011,예원예술대학교,인문사회계열,249,26,10.44
2011,예원예술대학교,자연과학계열,21,2,9.52
2011,용인대학교,공학계열,1490,73,4.9
2011,용인대학교,예체능계열,5137,220,4.28
2011,용인대학교,인문사회계열,3064,125,4.08
2011,용인대학교,자연과학계열,2470,97,3.93
2011,우석대학교,공학계열,3121,150,4.81
2011,우석대학교,예체능계열,2211,157,7.1
2011,우석대학교,의학계열,232,4,1.72
2011,우석대학교,인문사회계열,6145,303,4.93
2011,우석대학교,자연과학계열,4511,222,4.92
2011,우송대학교,공학계열,2659,107,4.02
2011,우송대학교,예체능계열,986,60,6.09
2011,우송대학교,인문사회계열,5043,210,4.16
2011,우송대학교,자연과학계열,3019,116,3.84
2011,우송대학교(산업대),공학계열,918,85,9.26
2011,우송대학교(산업대),예체능계열,632,47,7.44
2011,우송대학교(산업대),인문사회계열,2190,112,5.11
2011,우송대학교(산업대),자연과학계열,1307,72,5.51
2011,울산과학기술원,공학계열,1564,23,1.47
2011,울산과학기술원,인문사회계열,402,8,1.99
2011,울산과학기술원,자연과학계열,326,10,3.07
2011,울산대학교,공학계열,9692,274,2.83
2011,울산대학교,예체능계열,1886,71,3.76
2011,울산대학교,의학계열,244,1,0.41
2011,울산대학교,인문사회계열,7982,200,2.51
2011,울산대학교,자연과학계열,3829,87,2.27
2011,원광대학교,공학계열,6354,311,4.89
2011,원광대학교,예체능계열,3428,162,4.73
2011,원광대학교,의학계열,1630,20,1.23
2011,원광대학교,인문사회계열,13488,525,3.89
2011,원광대학교,자연과학계열,6862,269,3.92
2011,위덕대학교,공학계열,1511,175,11.58
2011,위덕대학교,예체능계열,735,98,13.33
2011,위덕대학교,인문사회계열,1818,147,8.09
2011,위덕대학교,자연과학계열,1088,92,8.46
2011,유원대학교,공학계열,1575,120,7.62
2011,유원대학교,예체능계열,1334,138,10.34
2011,유원대학교,의학계열,128,11,8.59
2011,유원대학교,인문사회계열,2226,144,6.47
2011,유원대학교,자연과학계열,2343,148,6.32
2011,을지대학교,공학계열,356,7,1.97
2011,을지대학교,의학계열,291,3,1.03
2011,을지대학교,인문사회계열,162,2,1.23
2011,을지대학교,자연과학계열,1003,18,1.79
2011,을지대학교 _제2캠퍼스,공학계열,1099,24,2.18
2011,을지대학교 _제2캠퍼스,예체능계열,76,4,5.26
2011,을지대학교 _제2캠퍼스,인문사회계열,1291,44,3.41
2011,을지대학교 _제2캠퍼스,자연과학계열,4243,129,3.04
2011,이화여자대학교,공학계열,1763,47,2.67
2011,이화여자대학교,예체능계열,3219,37,1.15
2011,이화여자대학교,의학계열,172,2,1.16
2011,이화여자대학교,인문사회계열,11446,154,1.35
2011,이화여자대학교,자연과학계열,4418,145,3.28
2011,인제대학교,공학계열,5227,243,4.65
2011,인제대학교,예체능계열,1444,75,5.19
2011,인제대학교,의학계열,197,4,2.03
2011,인제대학교,인문사회계열,5695,238,4.18
2011,인제대학교,자연과학계열,6023,214,3.55
2011,인제대학교 _제2캠퍼스,공학계열,371,2,0.54
2011,인제대학교 _제2캠퍼스,의학계열,407,0,0.0
2011,인제대학교 _제2캠퍼스,자연과학계열,778,2,0.26
2011,인천가톨릭대학교,인문사회계열,138,9,6.52
2011,인천가톨릭대학교 _제2캠퍼스,공학계열,221,13,5.88
2011,인천가톨릭대학교 _제2캠퍼스,예체능계열,666,41,6.16
2011,인천가톨릭대학교 _제2캠퍼스,인문사회계열,240,16,6.67
2011,인천가톨릭대학교 _제2캠퍼스,자연과학계열,240,16,6.67
2011,인천대학교,공학계열,6460,241,3.73
2011,인천대학교,예체능계열,1406,57,4.05
2011,인천대학교,인문사회계열,6329,194,3.07
2011,인천대학교,자연과학계열,3448,121,3.51
2011,인하대학교,공학계열,13518,232,1.72
2011,인하대학교,예체능계열,1095,25,2.28
2011,인하대학교,의학계열,70,0,0.0
2011,인하대학교,인문사회계열,12643,205,1.62
2011,인하대학교,자연과학계열,3875,71,1.83
2011,장로회신학대학교,예체능계열,293,10,3.41
2011,장로회신학대학교,인문사회계열,963,25,2.6
2011,전남대학교,공학계열,7280,221,3.04
2011,전남대학교,예체능계열,1484,30,2.02
2011,전남대학교,의학계열,712,1,0.14
2011,전남대학교,인문사회계열,10727,240,2.24
2011,전남대학교,자연과학계열,8417,255,3.03
2011,전남대학교 _제2캠퍼스,공학계열,3008,238,7.91
2011,전남대학교 _제2캠퍼스,예체능계열,753,43,5.71
2011,전남대학교 _제2캠퍼스,인문사회계열,2035,77,3.78
2011,전남대학교 _제2캠퍼스,자연과학계열,2499,117,4.68
2011,전북대학교,공학계열,11075,273,2.47
2011,전북대학교,예체능계열,1258,59,4.69
2011,전북대학교,의학계열,212,1,0.47
2011,전북대학교,인문사회계열,10030,209,2.08
2011,전북대학교,자연과학계열,7270,119,1.64
2011,전북대학교 _제2캠퍼스,공학계열,208,14,6.73
2011,전북대학교 _제2캠퍼스,예체능계열,128,3,2.34
2011,전북대학교 _제2캠퍼스,인문사회계열,121,0,0.0
2011,전북대학교 _제2캠퍼스,자연과학계열,734,21,2.86
2011,전주교육대학교,예체능계열,392,1,0.26
2011,전주교육대학교,인문사회계열,670,6,0.9
2011,전주교육대학교,자연과학계열,523,3,0.57
2011,전주대학교,공학계열,3821,234,6.12
2011,전주대학교,예체능계열,2882,194,6.73
2011,전주대학교,인문사회계열,10186,471,4.62
2011,전주대학교,자연과학계열,3301,173,5.24
2011,제주교육대학교,예체능계열,38,0,0.0
2011,제주교육대학교,인문사회계열,145,0,0.0
2011,제주교육대학교,자연과학계열,54,0,0.0
2011,제주대학교,공학계열,4268,137,3.21
2011,제주대학교,예체능계열,1512,86,5.69
2011,제주대학교,의학계열,201,1,0.5
2011,제주대학교,인문사회계열,7684,156,2.03
2011,제주대학교,자연과학계열,4510,159,3.53
2011,조선대학교,공학계열,12272,288,2.35
2011,조선대학교,예체능계열,3309,249,7.52
2011,조선대학교,의학계열,271,1,0.37
2011,조선대학교,인문사회계열,13114,296,2.26
2011,조선대학교,자연과학계열,6024,187,3.1
2011,중부대학교,공학계열,3931,199,5.06
2011,중부대학교,예체능계열,3595,204,5.67
2011,중부대학교,인문사회계열,6986,373,5.34
2011,중부대학교,자연과학계열,4617,231,5.0
2011,중앙대학교,공학계열,5888,158,2.68
2011,중앙대학교,예체능계열,709,12,1.69
2011,중앙대학교,의학계열,250,0,0.0
2011,중앙대학교,인문사회계열,11361,192,1.69
2011,중앙대학교,자연과학계열,3326,96,2.89
2011,중앙대학교 _제2캠퍼스,공학계열,1666,37,2.22
2011,중앙대학교 _제2캠퍼스,예체능계열,4786,118,2.47
2011,중앙대학교 _제2캠퍼스,인문사회계열,7222,189,2.62
2011,중앙대학교 _제2캠퍼스,자연과학계열,2493,62,2.49
2011,중앙승가대학교,인문사회계열,279,17,6.09
2011,중앙승가대학교,자연과학계열,111,3,2.7
2011,중원대학교,공학계열,458,14,3.06
2011,중원대학교,예체능계열,152,7,4.61
2011,중원대학교,인문사회계열,412,18,4.37
2011,중원대학교,자연과학계열,233,11,4.72
2011,진주교육대학교,예체능계열,435,4,0.92
2011,진주교육대학교,인문사회계열,763,4,0.52
2011,진주교육대학교,자연과학계열,604,7,1.16
2011,진주산업대학교(산업대),공학계열,2926,189,6.46
2011,진주산업대학교(산업대),예체능계열,131,11,8.4
2011,진주산업대학교(산업대),인문사회계열,967,37,3.83
2011,진주산업대학교(산업대),자연과학계열,1487,87,5.85
2011,차의과학대학교,공학계열,343,6,1.75
2011,차의과학대학교,의학계열,104,1,0.96
2011,차의과학대학교,인문사회계열,343,8,2.33
2011,차의과학대학교,자연과학계열,409,7,1.71
2011,청운대학교,공학계열,4133,313,7.57
2011,청운대학교,예체능계열,2286,190,8.31
2011,청운대학교,인문사회계열,5554,375,6.75
2011,청운대학교,자연과학계열,1918,125,6.52
2011,청주교육대학교,예체능계열,358,2,0.56
2011,청주교육대학교,인문사회계열,1519,10,0.66
2011,청주교육대학교,자연과학계열,529,6,1.13
2011,청주대학교,공학계열,5385,259,4.81
2011,청주대학교,예체능계열,2757,125,4.53
2011,청주대학교,인문사회계열,12366,491,3.97
2011,청주대학교,자연과학계열,3366,137,4.07
2011,초당대학교(산업대),공학계열,1489,33,2.22
2011,초당대학교(산업대),예체능계열,1038,52,5.01
2011,초당대학교(산업대),인문사회계열,1878,74,3.94
2011,초당대학교(산업대),자연과학계열,2624,71,2.71
2011,총신대학교,예체능계열,370,23,6.22
2011,총신대학교,인문사회계열,1799,58,3.22
2011,총신대학교,자연과학계열,363,10,2.75
2011,추계예술대학교,예체능계열,1360,47,3.46
2011,추계예술대학교,인문사회계열,397,13,3.27
2011,춘천교육대학교,예체능계열,423,6,1.42
2011,춘천교육대학교,인문사회계열,3412,18,0.53
2011,춘천교육대학교,자연과학계열,592,5,0.84
2011,충남대학교,공학계열,10024,223,2.22
2011,충남대학교,예체능계열,1755,52,2.96
2011,충남대학교,의학계열,413,7,1.69
2011,충남대학교,인문사회계열,9970,189,1.9
2011,충남대학교,자연과학계열,7811,233,2.98
2011,충북대학교,공학계열,8236,218,2.65
2011,충북대학교,예체능계열,794,34,4.28
2011,충북대학교,의학계열,335,7,2.09
2011,충북대학교,인문사회계열,7701,164,2.13
2011,충북대학교,자연과학계열,7023,209,2.98
2011,칼빈대학교,예체능계열,84,6,7.14
2011,칼빈대학교,인문사회계열,568,24,4.23
2011,탐라대학교,공학계열,124,11,8.87
2011,탐라대학교,예체능계열,265,56,21.13
2011,탐라대학교,인문사회계열,760,210,27.63
2011,탐라대학교,자연과학계열,282,100,35.46
2011,평택대학교,공학계열,1049,76,7.24
2011,평택대학교,예체능계열,953,79,8.29
2011,평택대학교,인문사회계열,4210,260,6.18
2011,평택대학교,자연과학계열,1352,88,6.51
2011,포항공과대학교,공학계열,1119,5,0.45
2011,포항공과대학교,예체능계열,154,0,0.0
2011,포항공과대학교,자연과학계열,483,6,1.24
2011,한경대학교(산업대),공학계열,4291,274,6.39
2011,한경대학교(산업대),예체능계열,870,85,9.77
2011,한경대학교(산업대),인문사회계열,1674,85,5.08
2011,한경대학교(산업대),자연과학계열,3154,201,6.37
2011,한국과학기술원,공학계열,1994,15,0.75
2011,한국과학기술원,예체능계열,1980,41,2.07
2011,한국과학기술원,인문사회계열,122,1,0.82
2011,한국과학기술원,자연과학계열,1307,16,1.22
2011,한국교원대학교,공학계열,315,11,3.49
2011,한국교원대학교,예체능계열,277,6,2.17
2011,한국교원대학교,인문사회계열,2083,33,1.58
2011,한국교원대학교,자연과학계열,949,16,1.69
2011,한국교통대학교(산업대),공학계열,4466,211,4.72
2011,한국교통대학교(산업대),예체능계열,314,17,5.41
2011,한국교통대학교(산업대),인문사회계열,1222,61,4.99
2011,한국교통대학교(산업대),자연과학계열,990,39,3.94
2011,한국국제대학교,공학계열,1622,116,7.15
2011,한국국제대학교,예체능계열,764,90,11.78
2011,한국국제대학교,인문사회계열,2491,165,6.62
2011,한국국제대학교,자연과학계열,1873,105,5.61
2011,한국기술교육대학교,공학계열,6057,184,3.04
2011,한국기술교육대학교,예체능계열,278,11,3.96
2011,한국기술교육대학교,인문사회계열,1035,36,3.48
2011,한국기술교육대학교,자연과학계열,993,48,4.83
2011,한국방송통신대학교,공학계열,58573,13055,22.29
2011,한국방송통신대학교,예체능계열,6445,1502,23.3
2011,한국방송통신대학교,인문사회계열,214067,44232,20.66
2011,한국방송통신대학교,자연과학계열,57012,11084,19.44
2011,한국산업기술대학교(산업대),공학계열,6180,526,8.51
2011,한국산업기술대학교(산업대),예체능계열,910,89,9.78
2011,한국산업기술대학교(산업대),인문사회계열,585,56,9.57
2011,한국성서대학교,공학계열,190,22,11.58
2011,한국성서대학교,인문사회계열,737,38,5.16
2011,한국성서대학교,자연과학계열,262,22,8.4
2011,한국예술종합학교,공학계열,241,6,2.49
2011,한국예술종합학교,예체능계열,2936,68,2.32
2011,한국예술종합학교,인문사회계열,382,10,2.62
2011,한국외국어대학교,공학계열,500,19,3.8
2011,한국외국어대학교,예체능계열,43,4,9.3
2011,한국외국어대학교,인문사회계열,12391,274,2.21
2011,한국외국어대학교,자연과학계열,216,9,4.17
2011,한국외국어대학교(용인) _분교,공학계열,2524,106,4.2
2011,한국외국어대학교(용인) _분교,예체능계열,380,22,5.79
2011,한국외국어대학교(용인) _분교,인문사회계열,8374,287,3.43
2011,한국외국어대학교(용인) _분교,자연과학계열,2060,82,3.98
2011,한국전통문화대학교(각종),공학계열,215,3,1.4
2011,한국전통문화대학교(각종),예체능계열,181,4,2.21
2011,한국전통문화대학교(각종),인문사회계열,204,3,1.47
2011,한국전통문화대학교(각종),자연과학계열,92,2,2.17
2011,한국체육대학교,예체능계열,2912,74,2.54
2011,한국체육대학교,인문사회계열,239,4,1.67
2011,한국체육대학교,자연과학계열,1069,28,2.62
2011,한국침례신학대학교,예체능계열,250,22,8.8
2011,한국침례신학대학교,인문사회계열,1751,71,4.05
2011,한국침례신학대학교,자연과학계열,299,11,3.68
2011,한국항공대학교,공학계열,5526,139,2.52
2011,한국항공대학교,인문사회계열,1587,41,2.58
2011,한국항공대학교,자연과학계열,1047,17,1.62
2011,한남대학교,공학계열,6614,273,4.13
2011,한남대학교,예체능계열,2196,85,3.87
2011,한남대학교,인문사회계열,11497,381,3.31
2011,한남대학교,자연과학계열,3312,127,3.83
2011,한동대학교,공학계열,1216,11,0.9
2011,한동대학교,인문사회계열,3597,35,0.97
2011,한동대학교,자연과학계열,465,13,2.8
2011,한라대학교,공학계열,3835,300,7.82
2011,한라대학교,예체능계열,986,104,10.55
2011,한라대학교,인문사회계열,2562,156,6.09
2011,한라대학교,자연과학계열,882,51,5.78
2011,한려대학교,공학계열,57,0,0.0
2011,한려대학교,인문사회계열,61,23,37.7
2011,한려대학교,자연과학계열,267,35,13.11
2011,한려대학교(산업대),공학계열,239,32,13.39
2011,한려대학교(산업대),예체능계열,66,22,33.33
2011,한려대학교(산업대),인문사회계열,101,32,31.68
2011,한려대학교(산업대),자연과학계열,649,42,6.47
2011,한림대학교,공학계열,2336,114,4.88
2011,한림대학교,예체능계열,1523,78,5.12
2011,한림대학교,의학계열,465,6,1.29
2011,한림대학교,인문사회계열,7368,267,3.62
2011,한림대학교,자연과학계열,3562,126,3.54
2011,한민학교,예체능계열,256,22,8.59
2011,한민학교,인문사회계열,610,107,17.54
2011,한민학교,자연과학계열,252,77,30.56
2011,한밭대학교(산업대),공학계열,6328,245,3.87
2011,한밭대학교(산업대),예체능계열,381,19,4.99
2011,한밭대학교(산업대),인문사회계열,1841,48,2.61
2011,한밭대학교(산업대),자연과학계열,370,8,2.16
2011,한북대학교,공학계열,551,41,7.44
2011,한북대학교,예체능계열,237,19,8.02
2011,한북대학교,인문사회계열,1334,89,6.67
2011,한북대학교,자연과학계열,897,64,7.13
2011,한서대학교,공학계열,3983,199,5.0
2011,한서대학교,예체능계열,3203,265,8.27
2011,한서대학교,인문사회계열,4192,267,6.37
2011,한서대학교,자연과학계열,4743,236,4.98
2011,한성대학교,공학계열,2360,103,4.36
2011,한성대학교,예체능계열,1981,95,4.8
2011,한성대학교,인문사회계열,3195,131,4.1
2011,한성대학교,자연과학계열,486,16,3.29
2011,한세대학교,공학계열,667,56,8.4
2011,한세대학교,예체능계열,1067,81,7.59
2011,한세대학교,인문사회계열,2303,118,5.12
2011,한세대학교,자연과학계열,236,15,6.36
2011,한신대학교,공학계열,1996,123,6.16
2011,한신대학교,예체능계열,573,34,5.93
2011,한신대학교,인문사회계열,6538,400,6.12
2011,한신대학교,자연과학계열,2082,133,6.39
2011,한양대학교,공학계열,9790,224,2.29
2011,한양대학교,예체능계열,2384,56,2.35
2011,한양대학교,의학계열,418,5,1.2
2011,한양대학교,인문사회계열,10266,182,1.77
2011,한양대학교,자연과학계열,3973,129,3.25
2011,한양대학교(ERICA) _분교,공학계열,6074,110,1.81
2011,한양대학교(ERICA) _분교,예체능계열,2389,44,1.84
2011,한양대학교(ERICA) _분교,인문사회계열,5712,90,1.58
2011,한양대학교(ERICA) _분교,자연과학계열,2158,48,2.22
2011,한일장신대학교,예체능계열,204,21,10.29
2011,한일장신대학교,인문사회계열,1087,85,7.82
2011,한일장신대학교,자연과학계열,71,7,9.86
2011,한중대학교,공학계열,934,60,6.42
2011,한중대학교,예체능계열,503,53,10.54
2011,한중대학교,인문사회계열,950,90,9.47
2011,한중대학교,자연과학계열,707,44,6.22
2011,협성대학교,공학계열,996,92,9.24
2011,협성대학교,예체능계열,2000,145,7.25
2011,협성대학교,의학계열,226,9,3.98
2011,협성대학교,인문사회계열,4354,305,7.01
2011,협성대학교,자연과학계열,1039,57,5.49
2011,호남대학교,공학계열,3641,307,8.43
2011,호남대학교,예체능계열,2738,290,10.59
2011,호남대학교,인문사회계열,4786,352,7.35
2011,호남대학교,자연과학계열,3232,202,6.25
2011,호남신학대학교,예체능계열,231,15,6.49
2011,호남신학대학교,인문사회계열,739,46,6.22
2011,호서대학교,공학계열,10424,563,5.4
2011,호서대학교,예체능계열,2939,221,7.52
2011,호서대학교,인문사회계열,8087,431,5.33
2011,호서대학교,자연과학계열,3939,190,4.82
2011,호원대학교,공학계열,2134,163,7.64
2011,호원대학교,예체능계열,1578,139,8.81
2011,호원대학교,인문사회계열,2864,247,8.62
2011,호원대학교,자연과학계열,1150,61,5.3
2011,홍익대학교,공학계열,7809,211,2.7
2011,홍익대학교,예체능계열,3262,37,1.13
2011,홍익대학교,인문사회계열,6483,146,2.25
2011,홍익대학교,자연과학계열,571,8,1.4
2011,홍익대학교(세종) _분교,공학계열,4448,226,5.08
2011,홍익대학교(세종) _분교,예체능계열,2610,51,1.95
2011,홍익대학교(세종) _분교,인문사회계열,3684,112,3.04
2011,화성의과학대학교,공학계열,300,28,9.33
2011,화성의과학대학교,예체능계열,159,7,4.4
2011,화성의과학대학교,인문사회계열,648,60,9.26
2011,화성의과학대학교,자연과학계열,590,56,9.49
