기준년도,학교,계열,편제정원,"재학생 충원율(%)
(B/A) × 100"
2012,가야대학교,인문ㆍ사회계열,144,22.2
2012,가야대학교 _제2캠퍼스,인문ㆍ사회계열,1400,100.6
2012,가야대학교 _제2캠퍼스,자연과학계열,1206,96.1
2012,가야대학교 _제2캠퍼스,공학계열,40,40
2012,가천대학교,인문ㆍ사회계열,5550,122.4
2012,가천대학교,자연과학계열,2909,109.6
2012,가천대학교,공학계열,5450,101.4
2012,가천대학교,의학계열,120,95.8
2012,가천대학교,예ㆍ체능계열,2012,101.8
2012,가톨릭관동대학교,의학계열,196,119.4
2012,가톨릭관동대학교,공학계열,1622,89.4
2012,가톨릭관동대학교,자연과학계열,618,113.9
2012,가톨릭관동대학교,인문ㆍ사회계열,5860,100.6
2012,가톨릭관동대학교,예ㆍ체능계열,1492,80.8
2012,가톨릭꽃동네대학교,인문ㆍ사회계열,320,104.4
2012,가톨릭꽃동네대학교,자연과학계열,160,107.5
2012,가톨릭대학교,예ㆍ체능계열,208,104.3
2012,가톨릭대학교,공학계열,1248,118.8
2012,가톨릭대학교,자연과학계열,1330,111.7
2012,가톨릭대학교,인문ㆍ사회계열,3586,123
2012,가톨릭대학교 _제2캠퍼스,의학계열,92,154.3
2012,가톨릭대학교 _제2캠퍼스,자연과학계열,300,119
2012,가톨릭대학교 _제3캠퍼스,인문ㆍ사회계열,320,65.9
2012,감리교신학대학교,인문ㆍ사회계열,800,113.8
2012,강남대학교,예ㆍ체능계열,688,112.4
2012,강남대학교,공학계열,1028,99.4
2012,강남대학교,인문ㆍ사회계열,4912,114
2012,강서대학교,예ㆍ체능계열,165,88.5
2012,강서대학교,인문ㆍ사회계열,1155,122.1
2012,강원대학교,자연과학계열,5040,104.3
2012,강원대학교,인문ㆍ사회계열,4587,118.2
2012,강원대학교,예ㆍ체능계열,768,107.8
2012,강원대학교,의학계열,160,91.9
2012,강원대학교,공학계열,2817,115
2012,강원대학교 _제2캠퍼스,예ㆍ체능계열,941,88.2
2012,강원대학교 _제2캠퍼스,공학계열,3441,89.7
2012,강원대학교 _제2캠퍼스,자연과학계열,1437,94.2
2012,강원대학교 _제2캠퍼스,인문ㆍ사회계열,1129,103.9
2012,건국대학교,인문ㆍ사회계열,4201,178.3
2012,건국대학교,자연과학계열,2879,91.6
2012,건국대학교,의학계열,276,127.9
2012,건국대학교,예ㆍ체능계열,1466,132.5
2012,건국대학교,공학계열,3316,128
2012,건국대학교(글로컬) _분교,인문ㆍ사회계열,3105,123.8
2012,건국대학교(글로컬) _분교,예ㆍ체능계열,1370,110.9
2012,건국대학교(글로컬) _분교,공학계열,696,155.7
2012,건국대학교(글로컬) _분교,자연과학계열,1869,89
2012,건동대학교,공학계열,280,23.2
2012,건동대학교,자연과학계열,160,20
2012,건동대학교,인문ㆍ사회계열,280,23.2
2012,건동대학교,예ㆍ체능계열,478,48.5
2012,건양대학교,인문ㆍ사회계열,3735,103.5
2012,건양대학교,자연과학계열,523,96.6
2012,건양대학교,공학계열,1725,93.2
2012,건양대학교 _제2캠퍼스,자연과학계열,1348,116.3
2012,건양대학교 _제2캠퍼스,의학계열,196,120.9
2012,건양대학교 _제2캠퍼스,인문ㆍ사회계열,220,115.9
2012,경기대학교,자연과학계열,1232,104.6
2012,경기대학교,예ㆍ체능계열,1580,104.9
2012,경기대학교,공학계열,2588,108.9
2012,경기대학교,인문ㆍ사회계열,5040,123.4
2012,경기대학교 _제2캠퍼스,예ㆍ체능계열,440,108
2012,경기대학교 _제2캠퍼스,인문ㆍ사회계열,1736,115.4
2012,경남과학기술대학교,예ㆍ체능계열,120,105
2012,경남과학기술대학교,인문ㆍ사회계열,1344,102.1
2012,경남과학기술대학교,자연과학계열,1214,99.9
2012,경남과학기술대학교,공학계열,2675,99
2012,경남대학교,인문ㆍ사회계열,7267,103.6
2012,경남대학교,자연과학계열,1655,95.6
2012,경남대학교,공학계열,3347,95.1
2012,경남대학교,예ㆍ체능계열,940,106.3
2012,경동대학교,예ㆍ체능계열,120,76.7
2012,경동대학교,공학계열,550,101.3
2012,경동대학교,자연과학계열,915,79.7
2012,경동대학교,인문ㆍ사회계열,1967,79.9
2012,경북대학교,예ㆍ체능계열,716,102.4
2012,경북대학교,의학계열,228,113.2
2012,경북대학교,공학계열,4604,133.7
2012,경북대학교,자연과학계열,4641,119.2
2012,경북대학교,인문ㆍ사회계열,5499,137.9
2012,경북대학교 _제2캠퍼스,공학계열,2493,94.2
2012,경북대학교 _제2캠퍼스,예ㆍ체능계열,229,138.4
2012,경북대학교 _제2캠퍼스,자연과학계열,972,95
2012,경북대학교 _제2캠퍼스,인문ㆍ사회계열,470,97.7
2012,경북외국어대학교,인문ㆍ사회계열,600,60.8
2012,경상국립대학교,예ㆍ체능계열,280,101.4
2012,경상국립대학교,의학계열,200,116.5
2012,경상국립대학교,공학계열,4370,113.6
2012,경상국립대학교,자연과학계열,3721,106.3
2012,경상국립대학교,인문ㆍ사회계열,4575,117
2012,경성대학교,자연과학계열,1525,100.2
2012,경성대학교,공학계열,2640,102.7
2012,경성대학교,예ㆍ체능계열,2420,100
2012,경성대학교,인문ㆍ사회계열,5880,113.8
2012,경운대학교,예ㆍ체능계열,1435,90
2012,경운대학교,공학계열,930,93.8
2012,경운대학교,자연과학계열,1585,100.2
2012,경운대학교,인문ㆍ사회계열,1800,103
2012,경인교육대학교,예ㆍ체능계열,630,49.5
2012,경인교육대학교,자연과학계열,801,53.8
2012,경인교육대학교,인문ㆍ사회계열,1367,51.5
2012,경일대학교,인문ㆍ사회계열,2400,89.1
2012,경일대학교,공학계열,3101,85.5
2012,경일대학교,예ㆍ체능계열,1074,87
2012,경일대학교,자연과학계열,295,93.6
2012,경희대학교,인문ㆍ사회계열,7573,150.2
2012,경희대학교,자연과학계열,3886,116.1
2012,경희대학교,공학계열,4110,119.6
2012,경희대학교,의학계열,444,106.8
2012,경희대학교,예ㆍ체능계열,3680,110.8
2012,계명대학교,자연과학계열,2497,113.8
2012,계명대학교,의학계열,304,103
2012,계명대학교,공학계열,3443,107.2
2012,계명대학교,인문ㆍ사회계열,10338,125.3
2012,계명대학교,예ㆍ체능계열,3590,105.6
2012,고려대학교,자연과학계열,3778,116.9
2012,고려대학교,공학계열,3238,128.6
2012,고려대학교,인문ㆍ사회계열,7516,144.1
2012,고려대학교,의학계열,212,118.4
2012,고려대학교,예ㆍ체능계열,500,113
2012,고려대학교(세종) _분교,인문ㆍ사회계열,3160,119.2
2012,고려대학교(세종) _분교,자연과학계열,863,112.4
2012,고려대학교(세종) _분교,예ㆍ체능계열,485,110.5
2012,고려대학교(세종) _분교,공학계열,1472,119.6
2012,고신대학교,인문ㆍ사회계열,1980,118.4
2012,고신대학교,자연과학계열,1302,81.9
2012,고신대학교,예ㆍ체능계열,476,89.5
2012,고신대학교,의학계열,304,97.4
2012,공주교육대학교,예ㆍ체능계열,319,109.7
2012,공주교육대학교,자연과학계열,535,105.8
2012,공주교육대학교,인문ㆍ사회계열,821,108
2012,광신대학교,인문ㆍ사회계열,415,107
2012,광신대학교,예ㆍ체능계열,105,82.9
2012,광운대학교,인문ㆍ사회계열,2640,133.5
2012,광운대학교,자연과학계열,600,119.5
2012,광운대학교,공학계열,3655,124.6
2012,광운대학교,예ㆍ체능계열,160,96.3
2012,광주가톨릭대학교,인문ㆍ사회계열,165,51.5
2012,광주과학기술원,공학계열,400,54.8
2012,광주교육대학교,인문ㆍ사회계열,670,105.7
2012,광주교육대학교,자연과학계열,502,108.2
2012,광주교육대학교,예ㆍ체능계열,365,109.6
2012,광주대학교,인문ㆍ사회계열,3755,103.4
2012,광주대학교,자연과학계열,938,95.5
2012,광주대학교,예ㆍ체능계열,1327,80.4
2012,광주대학교,공학계열,1036,85.5
2012,광주여자대학교,인문ㆍ사회계열,1704,103.5
2012,광주여자대학교,자연과학계열,2050,104.7
2012,광주여자대학교,예ㆍ체능계열,216,86.6
2012,광주여자대학교,공학계열,70,80
2012,국립강릉원주대학교,인문ㆍ사회계열,2339,107
2012,국립강릉원주대학교,예ㆍ체능계열,456,95.8
2012,국립강릉원주대학교,의학계열,160,98.1
2012,국립강릉원주대학교,자연과학계열,2045,97.8
2012,국립강릉원주대학교,공학계열,1067,98.8
2012,국립강릉원주대학교 _제2캠퍼스,자연과학계열,290,105.5
2012,국립강릉원주대학교 _제2캠퍼스,공학계열,1117,98
2012,국립강릉원주대학교 _제2캠퍼스,인문ㆍ사회계열,423,91
2012,국립강릉원주대학교 _제2캠퍼스,예ㆍ체능계열,331,99.4
2012,국립경국대학교,예ㆍ체능계열,444,93.5
2012,국립경국대학교,공학계열,1898,101.8
2012,국립경국대학교,자연과학계열,1954,99.7
2012,국립경국대학교,인문ㆍ사회계열,2056,102.5
2012,국립공주대학교,인문ㆍ사회계열,3421,120.6
2012,국립공주대학교,공학계열,4254,120.2
2012,국립공주대학교,자연과학계열,3711,108.6
2012,국립공주대학교,예ㆍ체능계열,845,108.8
2012,국립군산대학교,인문ㆍ사회계열,2069,105.9
2012,국립군산대학교,자연과학계열,1917,96.5
2012,국립군산대학교,공학계열,3100,94.5
2012,국립군산대학교,예ㆍ체능계열,626,102.2
2012,국립금오공과대학교,공학계열,4798,124
2012,국립금오공과대학교,인문ㆍ사회계열,200,183
2012,국립금오공과대학교,자연과학계열,400,106.5
2012,국립목포대학교,예ㆍ체능계열,456,97.4
2012,국립목포대학교,공학계열,2328,112.3
2012,국립목포대학교,자연과학계열,1556,100.3
2012,국립목포대학교,인문ㆍ사회계열,2830,118.2
2012,국립목포해양대학교,공학계열,2464,101
2012,국립부경대학교,인문ㆍ사회계열,3951,135.9
2012,국립부경대학교,자연과학계열,2354,108.5
2012,국립부경대학교,공학계열,7336,122.9
2012,국립부경대학교,예ㆍ체능계열,486,108.6
2012,국립순천대학교,예ㆍ체능계열,787,105.8
2012,국립순천대학교,공학계열,1978,103.4
2012,국립순천대학교,자연과학계열,2244,95.5
2012,국립순천대학교,인문ㆍ사회계열,2300,112.7
2012,국립창원대학교,인문ㆍ사회계열,3125,123.3
2012,국립창원대학교,자연과학계열,1407,90.7
2012,국립창원대학교,공학계열,2454,120.4
2012,국립창원대학교,예ㆍ체능계열,584,120.9
2012,국립한국교통대학교,인문ㆍ사회계열,1984,103.1
2012,국립한국교통대학교,자연과학계열,640,105.9
2012,국립한국교통대학교,예ㆍ체능계열,260,112.3
2012,국립한국교통대학교,공학계열,5511,104.9
2012,국립한국해양대학교,인문ㆍ사회계열,1280,131.5
2012,국립한국해양대학교,자연과학계열,790,116.1
2012,국립한국해양대학교,공학계열,3420,117.1
2012,국립한국해양대학교,예ㆍ체능계열,100,103
2012,국립한밭대학교,공학계열,5669,107.2
2012,국립한밭대학교,인문ㆍ사회계열,1714,117.1
2012,국립한밭대학교,예ㆍ체능계열,460,110.9
2012,국민대학교,예ㆍ체능계열,2186,108.9
2012,국민대학교,공학계열,2983,126.1
2012,국민대학교,자연과학계열,1271,114.1
2012,국민대학교,인문ㆍ사회계열,5547,136.8
2012,극동대학교,예ㆍ체능계열,950,90.1
2012,극동대학교,공학계열,480,92.3
2012,극동대학교,자연과학계열,905,100.7
2012,극동대학교,인문ㆍ사회계열,2065,103.5
2012,금강대학교,인문ㆍ사회계열,465,85.2
2012,김천대학교,자연과학계열,1858,80.5
2012,김천대학교,공학계열,120,50
2012,김천대학교,예ㆍ체능계열,90,76.7
2012,김천대학교,인문ㆍ사회계열,1005,70.7
2012,나사렛대학교,예ㆍ체능계열,369,103.8
2012,나사렛대학교,인문ㆍ사회계열,3527,112.2
2012,나사렛대학교,자연과학계열,1500,92.3
2012,남부대학교,예ㆍ체능계열,664,82.8
2012,남부대학교,공학계열,240,87.5
2012,남부대학교,인문ㆍ사회계열,727,99.2
2012,남부대학교,자연과학계열,1665,100.7
2012,남서울대학교,예ㆍ체능계열,1774,101.7
2012,남서울대학교,인문ㆍ사회계열,5465,108.2
2012,남서울대학교,공학계열,2565,87.6
2012,남서울대학교,자연과학계열,550,96.4
2012,단국대학교,예ㆍ체능계열,1520,105.9
2012,단국대학교,인문ㆍ사회계열,4270,135.7
2012,단국대학교,자연과학계열,1080,111
2012,단국대학교,공학계열,2700,121.6
2012,단국대학교(천안) _분교,인문ㆍ사회계열,4015,117.3
2012,단국대학교(천안) _분교,자연과학계열,2326,106.5
2012,단국대학교(천안) _분교,공학계열,2109,116.8
2012,단국대학교(천안) _분교,의학계열,440,108.2
2012,단국대학교(천안) _분교,예ㆍ체능계열,1930,106.2
2012,대구가톨릭대학교,인문ㆍ사회계열,5949,109.7
2012,대구가톨릭대학교,자연과학계열,3312,102.4
2012,대구가톨릭대학교,공학계열,1807,108.1
2012,대구가톨릭대학교,의학계열,160,113.1
2012,대구가톨릭대학교,예ㆍ체능계열,1524,97.2
2012,대구교육대학교,인문ㆍ사회계열,858,108.5
2012,대구교육대학교,자연과학계열,589,105.4
2012,대구교육대학교,예ㆍ체능계열,362,108.3
2012,대구대학교,공학계열,3906,104.7
2012,대구대학교,자연과학계열,3583,100.6
2012,대구대학교,인문ㆍ사회계열,9033,110.6
2012,대구대학교,예ㆍ체능계열,1680,100.1
2012,대구예술대학교,예ㆍ체능계열,1940,68.2
2012,대구외국어대학교,인문ㆍ사회계열,520,72.1
2012,대구한의대학교,인문ㆍ사회계열,2065,97
2012,대구한의대학교,자연과학계열,2979,97.2
2012,대구한의대학교,공학계열,842,85.5
2012,대구한의대학교,의학계열,444,99.3
2012,대구한의대학교,예ㆍ체능계열,690,82.2
2012,대신대학교,예ㆍ체능계열,170,62.4
2012,대신대학교,인문ㆍ사회계열,425,82.4
2012,대전가톨릭대학교,인문ㆍ사회계열,160,74.4
2012,대전대학교,예ㆍ체능계열,823,81
2012,대전대학교,의학계열,296,109.5
2012,대전대학교,공학계열,2093,94.3
2012,대전대학교,인문ㆍ사회계열,4879,106.4
2012,대전대학교,자연과학계열,1645,110.8
2012,대전신학대학교,인문ㆍ사회계열,240,69.6
2012,대진대학교,공학계열,2318,96.5
2012,대진대학교,자연과학계열,830,99
2012,대진대학교,인문ㆍ사회계열,3470,116
2012,대진대학교,예ㆍ체능계열,1182,96
2012,덕성여자대학교,자연과학계열,1220,105.7
2012,덕성여자대학교,공학계열,364,102.2
2012,덕성여자대학교,예ㆍ체능계열,694,114.1
2012,덕성여자대학교,인문ㆍ사회계열,2882,130.2
2012,동국대학교,예ㆍ체능계열,970,121
2012,동국대학교,공학계열,3099,118.8
2012,동국대학교,자연과학계열,1448,105.7
2012,동국대학교,인문ㆍ사회계열,5343,142.7
2012,동국대학교(WISE) _분교,인문ㆍ사회계열,4220,117
2012,동국대학교(WISE) _분교,자연과학계열,1598,106.8
2012,동국대학교(WISE) _분교,공학계열,1035,90.5
2012,동국대학교(WISE) _분교,의학계열,372,115.1
2012,동국대학교(WISE) _분교,예ㆍ체능계열,605,95.7
2012,동덕여자대학교,인문ㆍ사회계열,2948,128.8
2012,동덕여자대학교,자연과학계열,1280,107.6
2012,동덕여자대학교,예ㆍ체능계열,2560,101.8
2012,동명대학교,인문ㆍ사회계열,3320,103.3
2012,동명대학교,자연과학계열,340,157.6
2012,동명대학교,공학계열,3800,102.9
2012,동명대학교,예ㆍ체능계열,1280,79.4
2012,동서대학교,인문ㆍ사회계열,4940,115.9
2012,동서대학교,자연과학계열,610,102
2012,동서대학교,공학계열,3280,92.5
2012,동서대학교,예ㆍ체능계열,1755,104.7
2012,동신대학교,자연과학계열,2490,105.1
2012,동신대학교,인문ㆍ사회계열,2610,99
2012,동신대학교,공학계열,1260,76.1
2012,동신대학교,의학계열,160,128.8
2012,동신대학교,예ㆍ체능계열,460,72.6
2012,동아대학교,인문ㆍ사회계열,7960,125.7
2012,동아대학교,예ㆍ체능계열,2348,90.5
2012,동아대학교,의학계열,96,103.1
2012,동아대학교,공학계열,5020,118
2012,동아대학교,자연과학계열,2933,101.9
2012,동양대학교,자연과학계열,105,112.4
2012,동양대학교,인문ㆍ사회계열,2011,103
2012,동양대학교,공학계열,2070,90.8
2012,동양대학교,예ㆍ체능계열,428,74.1
2012,동의대학교,예ㆍ체능계열,1650,86.2
2012,동의대학교,인문ㆍ사회계열,6845,119.8
2012,동의대학교,자연과학계열,2430,97.6
2012,동의대학교,공학계열,5035,101.7
2012,동의대학교,의학계열,200,93
2012,디지털서울문화예술대학교,인문ㆍ사회계열,1890,99
2012,디지털서울문화예술대학교,예ㆍ체능계열,2080,87
2012,루터대학교,인문ㆍ사회계열,700,70.6
2012,명지대학교,자연과학계열,1044,95.7
2012,명지대학교,공학계열,4390,106.3
2012,명지대학교,예ㆍ체능계열,1550,102.5
2012,명지대학교 _제2캠퍼스,인문ㆍ사회계열,5320,137.3
2012,목원대학교,예ㆍ체능계열,2642,97.5
2012,목원대학교,공학계열,1558,97.1
2012,목원대학교,자연과학계열,1046,100
2012,목원대학교,인문ㆍ사회계열,4168,111.6
2012,목포가톨릭대학교,인문ㆍ사회계열,160,93.8
2012,목포가톨릭대학교,자연과학계열,360,113.6
2012,배재대학교,자연과학계열,1847,92.7
2012,배재대학교,인문ㆍ사회계열,4835,105.2
2012,배재대학교,공학계열,1585,87.4
2012,배재대학교,예ㆍ체능계열,1093,87.1
2012,백석대학교,예ㆍ체능계열,2686,96.1
2012,백석대학교,자연과학계열,2000,112.8
2012,백석대학교,인문ㆍ사회계열,7996,109.9
2012,부산가톨릭대학교,공학계열,430,77.7
2012,부산가톨릭대학교,자연과학계열,2240,119.2
2012,부산가톨릭대학교,인문ㆍ사회계열,1205,91.4
2012,부산교육대학교,인문ㆍ사회계열,793,105.9
2012,부산교육대학교,자연과학계열,561,107.3
2012,부산교육대학교,예ㆍ체능계열,368,105.2
2012,부산대학교,자연과학계열,4422,107.3
2012,부산대학교,예ㆍ체능계열,1436,108.1
2012,부산대학교,공학계열,6417,121.6
2012,부산대학교,인문ㆍ사회계열,5764,132.8
2012,부산디지털대학교,인문ㆍ사회계열,4000,56.3
2012,부산외국어대학교,자연과학계열,120,81.7
2012,부산외국어대학교,공학계열,490,83.9
2012,부산외국어대학교,예ㆍ체능계열,330,81.5
2012,부산외국어대학교,인문ㆍ사회계열,7660,109
2012,부산장신대학교,인문ㆍ사회계열,280,98.2
2012,삼육대학교,인문ㆍ사회계열,1910,116.6
2012,삼육대학교,자연과학계열,2040,105.2
2012,삼육대학교,공학계열,358,91.9
2012,삼육대학교,예ㆍ체능계열,780,108.1
2012,상명대학교,예ㆍ체능계열,1080,99.2
2012,상명대학교,인문ㆍ사회계열,2740,121.4
2012,상명대학교,자연과학계열,1490,125.5
2012,상명대학교,공학계열,290,106.2
2012,상명대학교(천안) _분교,인문ㆍ사회계열,1590,110.3
2012,상명대학교(천안) _분교,자연과학계열,490,109.4
2012,상명대학교(천안) _분교,공학계열,1080,103.7
2012,상명대학교(천안) _분교,예ㆍ체능계열,2640,111
2012,상지대학교,인문ㆍ사회계열,4080,104
2012,상지대학교,자연과학계열,1855,94.3
2012,상지대학교,공학계열,1115,89.6
2012,상지대학교,의학계열,240,105.8
2012,상지대학교,예ㆍ체능계열,954,95
2012,서강대학교,인문ㆍ사회계열,4140,138.4
2012,서강대학교,자연과학계열,856,106.1
2012,서강대학교,공학계열,1564,115.3
2012,서경대학교,자연과학계열,320,138.1
2012,서경대학교,예ㆍ체능계열,1400,115.6
2012,서경대학교,공학계열,1600,102.3
2012,서경대학교,인문ㆍ사회계열,2320,125.5
2012,서남대학교,예ㆍ체능계열,822,11.2
2012,서남대학교,의학계열,196,93.9
2012,서남대학교,공학계열,217,7.8
2012,서남대학교,자연과학계열,1896,42.4
2012,서남대학교,인문ㆍ사회계열,951,11.3
2012,서남대학교 _제2캠퍼스,예ㆍ체능계열,133,51.1
2012,서남대학교 _제2캠퍼스,자연과학계열,395,51.9
2012,서남대학교 _제2캠퍼스,공학계열,340,42.6
2012,서남대학교 _제2캠퍼스,인문ㆍ사회계열,3076,19.5
2012,서울과학기술대학교,인문ㆍ사회계열,1027,116.9
2012,서울과학기술대학교,자연과학계열,520,104.6
2012,서울과학기술대학교,공학계열,7074,121.7
2012,서울과학기술대학교,예ㆍ체능계열,1120,136
2012,서울교육대학교,예ㆍ체능계열,329,111.2
2012,서울교육대학교,인문ㆍ사회계열,825,108.6
2012,서울교육대학교,자연과학계열,524,106.9
2012,서울기독대학교,인문ㆍ사회계열,440,125
2012,서울기독대학교,예ㆍ체능계열,240,87.5
2012,서울대학교,의학계열,428,132.9
2012,서울대학교,예ㆍ체능계열,1140,124.5
2012,서울대학교,공학계열,3162,118.2
2012,서울대학교,자연과학계열,3644,117.2
2012,서울대학교,인문ㆍ사회계열,4457,148.7
2012,서울디지털대학교,인문ㆍ사회계열,8860,92.2
2012,서울디지털대학교,예ㆍ체능계열,3140,86.1
2012,서울시립대학교,예ㆍ체능계열,544,111.6
2012,서울시립대학교,공학계열,2640,123.6
2012,서울시립대학교,자연과학계열,680,116.3
2012,서울시립대학교,인문ㆍ사회계열,3248,132.7
2012,서울신학대학교,인문ㆍ사회계열,1830,108.4
2012,서울신학대학교,예ㆍ체능계열,330,103.3
2012,서울여자대학교,예ㆍ체능계열,800,108.3
2012,서울여자대학교,자연과학계열,2200,109.5
2012,서울여자대학교,인문ㆍ사회계열,3920,125.2
2012,서울장신대학교,인문ㆍ사회계열,348,118.1
2012,서울장신대학교,예ㆍ체능계열,140,89.3
2012,서울한영대학교,예ㆍ체능계열,80,80
2012,서울한영대학교,인문ㆍ사회계열,720,96.3
2012,서원대학교,예ㆍ체능계열,1030,89.5
2012,서원대학교,공학계열,830,88.7
2012,서원대학교,인문ㆍ사회계열,3848,97.1
2012,서원대학교,자연과학계열,1300,96.7
2012,선교청대학교,인문ㆍ사회계열,215,53
2012,선문대학교,자연과학계열,1118,105.2
2012,선문대학교,예ㆍ체능계열,679,83.5
2012,선문대학교,공학계열,2906,89.7
2012,선문대학교,인문ㆍ사회계열,4549,116.9
2012,성결대학교,예ㆍ체능계열,720,116.7
2012,성결대학교,공학계열,1240,99.7
2012,성결대학교,인문ㆍ사회계열,3160,109.7
2012,성공회대학교,자연과학계열,160,109.4
2012,성공회대학교,공학계열,600,90.7
2012,성공회대학교,인문ㆍ사회계열,1400,117.8
2012,성균관대학교,예ㆍ체능계열,1236,115.6
2012,성균관대학교,인문ㆍ사회계열,6448,154.2
2012,성균관대학교,자연과학계열,1684,110.6
2012,성균관대학교,공학계열,4599,129.9
2012,성균관대학교,의학계열,80,100
2012,성신여자대학교,자연과학계열,1981,116.9
2012,성신여자대학교,예ㆍ체능계열,2040,104.5
2012,성신여자대학교,인문ㆍ사회계열,4852,122.7
2012,세명대학교,공학계열,1160,90.2
2012,세명대학교,인문ㆍ사회계열,4120,97.6
2012,세명대학교,자연과학계열,1980,96.8
2012,세명대학교,의학계열,160,123.1
2012,세명대학교,예ㆍ체능계열,1120,87.9
2012,세종대학교,자연과학계열,985,87.8
2012,세종대학교,공학계열,4220,122.4
2012,세종대학교,예ㆍ체능계열,1340,118.1
2012,세종대학교,인문ㆍ사회계열,2735,131.1
2012,세한대학교,인문ㆍ사회계열,1880,90.9
2012,세한대학교,자연과학계열,820,97.1
2012,세한대학교,공학계열,250,48.8
2012,세한대학교,예ㆍ체능계열,1900,77.3
2012,송원대학교,자연과학계열,240,102.9
2012,송원대학교,공학계열,200,102.5
2012,송원대학교,인문ㆍ사회계열,300,105
2012,송원대학교,예ㆍ체능계열,60,105
2012,수원가톨릭대학교,인문ㆍ사회계열,360,52.2
2012,수원대학교,인문ㆍ사회계열,3115,117.1
2012,수원대학교,자연과학계열,1560,99.5
2012,수원대학교,공학계열,3340,110
2012,수원대학교,예ㆍ체능계열,2460,99.3
2012,숙명여자대학교,자연과학계열,1955,108.7
2012,숙명여자대학교,예ㆍ체능계열,1520,109.3
2012,숙명여자대학교,인문ㆍ사회계열,5637,129.1
2012,순복음총회신학교,인문ㆍ사회계열,600,34.5
2012,순천향대학교,예ㆍ체능계열,1040,98.1
2012,순천향대학교,공학계열,2620,104.1
2012,순천향대학교,자연과학계열,2379,100.8
2012,순천향대학교,인문ㆍ사회계열,3975,121.7
2012,순천향대학교,의학계열,372,100.5
2012,숭실대학교,인문ㆍ사회계열,4873,149.6
2012,숭실대학교,자연과학계열,955,104.7
2012,숭실대학교,공학계열,4722,125.3
2012,숭실대학교,예ㆍ체능계열,180,97.8
2012,신경주대학교,공학계열,485,44.1
2012,신경주대학교,자연과학계열,681,73
2012,신경주대학교,인문ㆍ사회계열,4003,67.7
2012,신경주대학교,예ㆍ체능계열,505,53.5
2012,신라대학교,공학계열,1405,89.9
2012,신라대학교,예ㆍ체능계열,1141,92.7
2012,신라대학교,자연과학계열,2011,95.9
2012,신라대학교,인문ㆍ사회계열,5223,108
2012,아신대학교,인문ㆍ사회계열,860,83.8
2012,아주대학교,의학계열,80,123.8
2012,아주대학교,공학계열,4012,129.3
2012,아주대학교,인문ㆍ사회계열,2676,132.8
2012,아주대학교,자연과학계열,1139,114.7
2012,안양대학교,예ㆍ체능계열,280,88.2
2012,안양대학교,공학계열,1515,105.9
2012,안양대학교,자연과학계열,390,97.7
2012,안양대학교,인문ㆍ사회계열,2283,109.6
2012,안양대학교 _제2캠퍼스,공학계열,280,89.6
2012,안양대학교 _제2캠퍼스,인문ㆍ사회계열,280,89.3
2012,연세대학교,예ㆍ체능계열,880,115.7
2012,연세대학교,의학계열,340,125.6
2012,연세대학교,공학계열,3744,123.9
2012,연세대학교,자연과학계열,2298,137.2
2012,연세대학교,인문ㆍ사회계열,6564,149.8
2012,연세대학교(미래) _분교,인문ㆍ사회계열,2380,132.5
2012,연세대학교(미래) _분교,의학계열,372,121.8
2012,연세대학교(미래) _분교,공학계열,932,126.3
2012,연세대학교(미래) _분교,자연과학계열,2934,110.1
2012,영남대학교,인문ㆍ사회계열,8594,125.1
2012,영남대학교,자연과학계열,3746,105.3
2012,영남대학교,공학계열,5350,130.8
2012,영남대학교,의학계열,152,118.4
2012,영남대학교,예ㆍ체능계열,2002,103.7
2012,영남신학대학교,인문ㆍ사회계열,560,97
2012,영산대학교,예ㆍ체능계열,460,77.6
2012,영산대학교,공학계열,635,75.7
2012,영산대학교,자연과학계열,345,112.2
2012,영산대학교,인문ㆍ사회계열,2441,74.2
2012,영산대학교 _제2캠퍼스,자연과학계열,540,109.4
2012,영산대학교 _제2캠퍼스,인문ㆍ사회계열,1436,138.2
2012,영산대학교 _제2캠퍼스,예ㆍ체능계열,800,97.5
2012,영산대학교 _제2캠퍼스,공학계열,120,70.8
2012,영산선학대학교,인문ㆍ사회계열,200,19.5
2012,예수대학교,자연과학계열,450,112.7
2012,예수대학교,인문ㆍ사회계열,104,86.5
2012,예원예술대학교,예ㆍ체능계열,867,103.9
2012,예원예술대학교,인문ㆍ사회계열,129,91.5
2012,용인대학교,인문ㆍ사회계열,1531,105.9
2012,용인대학교,자연과학계열,1061,107.2
2012,용인대학교,예ㆍ체능계열,3288,105.8
2012,우석대학교,공학계열,975,95.2
2012,우석대학교,예ㆍ체능계열,1435,90
2012,우석대학교,자연과학계열,2295,100.6
2012,우석대학교,인문ㆍ사회계열,3035,108.5
2012,우석대학교,의학계열,120,139.2
2012,우송대학교,예ㆍ체능계열,875,89
2012,우송대학교,공학계열,2480,82.7
2012,우송대학교,자연과학계열,1270,92.7
2012,우송대학교,인문ㆍ사회계열,4148,104.4
2012,울산과학기술원,인문ㆍ사회계열,600,62
2012,울산과학기술원,공학계열,2150,86.3
2012,울산대학교,예ㆍ체능계열,1350,98.5
2012,울산대학교,의학계열,160,95.6
2012,울산대학교,공학계열,4130,128.5
2012,울산대학교,자연과학계열,2060,110.4
2012,울산대학교,인문ㆍ사회계열,4146,117.5
2012,원광대학교,의학계열,994,104.9
2012,원광대학교,인문ㆍ사회계열,7451,105.6
2012,원광대학교,자연과학계열,3774,99.4
2012,원광대학교,공학계열,2578,97.2
2012,원광대학교,예ㆍ체능계열,1974,89.6
2012,원광디지털대학교,예ㆍ체능계열,722,62.2
2012,원광디지털대학교,인문ㆍ사회계열,3272,64.4
2012,원광디지털대학교,자연과학계열,2006,65.1
2012,위덕대학교,예ㆍ체능계열,352,72.7
2012,위덕대학교,공학계열,952,76.4
2012,위덕대학교,자연과학계열,790,82.5
2012,위덕대학교,인문ㆍ사회계열,1461,90.8
2012,유원대학교,예ㆍ체능계열,610,63.4
2012,유원대학교,공학계열,1225,62.8
2012,유원대학교,자연과학계열,995,95.4
2012,유원대학교,인문ㆍ사회계열,1490,74.6
2012,을지대학교,인문ㆍ사회계열,80,103.8
2012,을지대학교,자연과학계열,508,114.8
2012,을지대학교,의학계열,160,111.3
2012,을지대학교 _제2캠퍼스,인문ㆍ사회계열,800,111
2012,을지대학교 _제2캠퍼스,자연과학계열,3188,115.9
2012,이화여자대학교,인문ㆍ사회계열,6088,140.7
2012,이화여자대학교,자연과학계열,2690,112.2
2012,이화여자대학교,공학계열,1078,110.1
2012,이화여자대학교,예ㆍ체능계열,2580,114.7
2012,인제대학교,예ㆍ체능계열,912,94.7
2012,인제대학교,인문ㆍ사회계열,3626,105.3
2012,인제대학교,자연과학계열,2560,111
2012,인제대학교,공학계열,1988,100.7
2012,인제대학교 _제2캠퍼스,의학계열,372,103.5
2012,인제대학교 _제2캠퍼스,자연과학계열,320,158.1
2012,인천가톨릭대학교,인문ㆍ사회계열,135,85.9
2012,인천가톨릭대학교 _제2캠퍼스,예ㆍ체능계열,665,95.5
2012,인천대학교,예ㆍ체능계열,894,144.5
2012,인천대학교,공학계열,3885,159.3
2012,인천대학교,자연과학계열,1182,106.7
2012,인천대학교,인문ㆍ사회계열,3759,142.6
2012,인하대학교,예ㆍ체능계열,560,99.6
2012,인하대학교,공학계열,5915,138.4
2012,인하대학교,자연과학계열,1440,111.5
2012,인하대학교,인문ㆍ사회계열,6245,135.6
2012,장로회신학대학교,인문ㆍ사회계열,400,115.5
2012,장로회신학대학교,예ㆍ체능계열,201,105.5
2012,전남대학교,예ㆍ체능계열,916,107.6
2012,전남대학교,의학계열,448,115.2
2012,전남대학교,공학계열,3298,125.2
2012,전남대학교,자연과학계열,4738,114.3
2012,전남대학교,인문ㆍ사회계열,4694,139.2
2012,전남대학교 _제2캠퍼스,인문ㆍ사회계열,932,92.9
2012,전남대학교 _제2캠퍼스,자연과학계열,1268,101.6
2012,전남대학교 _제2캠퍼스,공학계열,1286,82.1
2012,전남대학교 _제2캠퍼스,예ㆍ체능계열,104,83.7
2012,전북대학교,인문ㆍ사회계열,5186,125.7
2012,전북대학교,자연과학계열,5032,106.9
2012,전북대학교,공학계열,5441,114.6
2012,전북대학교,의학계열,200,101.5
2012,전북대학교,예ㆍ체능계열,764,105.4
2012,전주교육대학교,예ㆍ체능계열,333,109.9
2012,전주교육대학교,자연과학계열,447,108.3
2012,전주교육대학교,인문ㆍ사회계열,567,107.9
2012,전주대학교,예ㆍ체능계열,1706,85.5
2012,전주대학교,공학계열,2232,84.7
2012,전주대학교,인문ㆍ사회계열,5595,115
2012,전주대학교,자연과학계열,1785,100.8
2012,정석대학,공학계열,295,41.4
2012,정석대학,인문ㆍ사회계열,105,43.8
2012,제주국제대학교,공학계열,312,65.7
2012,제주국제대학교,인문ㆍ사회계열,811,59.3
2012,제주국제대학교,자연과학계열,95,44.2
2012,제주국제대학교,예ㆍ체능계열,380,50
2012,제주대학교,예ㆍ체능계열,708,94.9
2012,제주대학교,의학계열,160,115.6
2012,제주대학교,공학계열,1794,94.8
2012,제주대학교,자연과학계열,2664,98
2012,제주대학교,인문ㆍ사회계열,4114,116.7
2012,조선대학교,예ㆍ체능계열,2250,103.1
2012,조선대학교,인문ㆍ사회계열,8163,108.9
2012,조선대학교,자연과학계열,2830,100.3
2012,조선대학교,공학계열,6140,103.7
2012,중부대학교,예ㆍ체능계열,1740,95.6
2012,중부대학교,자연과학계열,1169,99.2
2012,중부대학교,인문ㆍ사회계열,3965,104.2
2012,중부대학교,공학계열,2050,91.9
2012,중앙대학교,인문ㆍ사회계열,5460,138.8
2012,중앙대학교,자연과학계열,1817,103.5
2012,중앙대학교,공학계열,2990,125.8
2012,중앙대학교,의학계열,172,101.7
2012,중앙대학교,예ㆍ체능계열,501,109.4
2012,중앙대학교 _제2캠퍼스,자연과학계열,1124,114.7
2012,중앙대학교 _제2캠퍼스,인문ㆍ사회계열,2943,129.2
2012,중앙대학교 _제2캠퍼스,예ㆍ체능계열,3018,106.9
2012,중앙승가대학교,인문ㆍ사회계열,480,54
2012,중원대학교,인문ㆍ사회계열,895,66.9
2012,중원대학교,예ㆍ체능계열,160,18.1
2012,중원대학교,공학계열,898,54.5
2012,중원대학교,자연과학계열,500,85.6
2012,진주교육대학교,인문ㆍ사회계열,654,107
2012,진주교육대학교,자연과학계열,506,108.5
2012,진주교육대학교,예ㆍ체능계열,381,101.3
2012,차의과학대학교,자연과학계열,550,108.4
2012,차의과학대학교,인문ㆍ사회계열,310,95.2
2012,청운대학교,공학계열,1540,102.9
2012,청운대학교,자연과학계열,320,106.3
2012,청운대학교,인문ㆍ사회계열,3160,108.2
2012,청운대학교,예ㆍ체능계열,700,80.6
2012,청주교육대학교,예ㆍ체능계열,319,106.3
2012,청주교육대학교,자연과학계열,459,107
2012,청주교육대학교,인문ㆍ사회계열,597,109.4
2012,청주대학교,자연과학계열,1414,97.3
2012,청주대학교,인문ㆍ사회계열,6352,118
2012,청주대학교,공학계열,2399,99.3
2012,청주대학교,예ㆍ체능계열,1898,94.4
2012,초당대학교,예ㆍ체능계열,635,78
2012,초당대학교,공학계열,445,75.3
2012,초당대학교,인문ㆍ사회계열,1695,97.6
2012,초당대학교,자연과학계열,1530,105.3
2012,총신대학교,인문ㆍ사회계열,1160,128.6
2012,총신대학교,예ㆍ체능계열,280,95.4
2012,추계예술대학교,인문ㆍ사회계열,260,115
2012,추계예술대학교,예ㆍ체능계열,900,102.4
2012,춘천교육대학교,인문ㆍ사회계열,672,106.1
2012,춘천교육대학교,자연과학계열,517,101.4
2012,춘천교육대학교,예ㆍ체능계열,361,106.1
2012,충남대학교,인문ㆍ사회계열,5024,128.8
2012,충남대학교,자연과학계열,4651,108.8
2012,충남대학교,공학계열,4498,117.9
2012,충남대학교,의학계열,216,124.5
2012,충남대학교,예ㆍ체능계열,965,99.7
2012,충북대학교,인문ㆍ사회계열,3975,121.3
2012,충북대학교,자연과학계열,3690,106
2012,충북대학교,공학계열,4244,114.3
2012,충북대학교,의학계열,284,101.8
2012,충북대학교,예ㆍ체능계열,421,95
2012,칼빈대학교,예ㆍ체능계열,80,73.8
2012,칼빈대학교,인문ㆍ사회계열,360,108.9
2012,평택대학교,예ㆍ체능계열,865,94.1
2012,평택대학교,인문ㆍ사회계열,2345,114.6
2012,평택대학교,자연과학계열,590,97.8
2012,포항공과대학교,자연과학계열,373,115.3
2012,포항공과대학교,공학계열,847,116.2
2012,한경국립대학교,공학계열,2586,106.6
2012,한경국립대학교,인문ㆍ사회계열,843,128.1
2012,한경국립대학교,자연과학계열,1681,107.9
2012,한경국립대학교,예ㆍ체능계열,338,109.8
2012,한국공학대학교,공학계열,5080,121.4
2012,한국공학대학교,인문ㆍ사회계열,440,126.4
2012,한국과학기술원,공학계열,1841,106.1
2012,한국과학기술원,자연과학계열,962,106.2
2012,한국과학기술원,인문ㆍ사회계열,957,106.1
2012,한국교원대학교,인문ㆍ사회계열,1252,108.4
2012,한국교원대학교,자연과학계열,583,105.5
2012,한국교원대학교,공학계열,160,104.4
2012,한국교원대학교,예ㆍ체능계열,240,98.8
2012,한국국제대학교,공학계열,770,83.8
2012,한국국제대학교,예ㆍ체능계열,765,87.7
2012,한국국제대학교,자연과학계열,1068,98.3
2012,한국국제대학교,인문ㆍ사회계열,1869,89.6
2012,한국기술교육대학교,공학계열,3070,113.4
2012,한국기술교육대학교,인문ㆍ사회계열,549,132.8
2012,한국방송통신대학교,자연과학계열,51689,65.3
2012,한국방송통신대학교,인문ㆍ사회계열,191290,66.3
2012,한국성서대학교,자연과학계열,115,100
2012,한국성서대학교,인문ㆍ사회계열,695,126.9
2012,한국성서대학교,공학계열,150,84
2012,한국예술종합학교,예ㆍ체능계열,2232,103.7
2012,한국외국어대학교,인문ㆍ사회계열,6704,134
2012,한국외국어대학교(용인) _분교,인문ㆍ사회계열,4800,122.8
2012,한국외국어대학교(용인) _분교,자연과학계열,1092,108.7
2012,한국외국어대학교(용인) _분교,공학계열,996,120.2
2012,한국전통문화대학교(각종),인문ㆍ사회계열,160,101.3
2012,한국전통문화대학교(각종),공학계열,240,69.2
2012,한국전통문화대학교(각종),예ㆍ체능계열,160,103.1
2012,한국체육대학교,예ㆍ체능계열,2360,104.3
2012,한국침례신학대학교,인문ㆍ사회계열,1340,100
2012,한국침례신학대학교,예ㆍ체능계열,260,88.5
2012,한국항공대학교,자연과학계열,600,133.3
2012,한국항공대학교,공학계열,2400,122.8
2012,한국항공대학교,인문ㆍ사회계열,560,122.9
2012,한남대학교,공학계열,2510,103
2012,한남대학교,자연과학계열,1625,94
2012,한남대학교,인문ㆍ사회계열,6857,107
2012,한남대학교,예ㆍ체능계열,1033,100.4
2012,한동대학교,인문ㆍ사회계열,1858,144.1
2012,한동대학교,자연과학계열,303,93.4
2012,한동대학교,공학계열,879,94.2
2012,한라대학교,인문ㆍ사회계열,1660,99
2012,한라대학교,공학계열,2040,90.5
2012,한라대학교,예ㆍ체능계열,280,86.4
2012,한려대학교,자연과학계열,960,68.5
2012,한려대학교,공학계열,120,6.7
2012,한려대학교,예ㆍ체능계열,60,20
2012,한려대학교,인문ㆍ사회계열,1108,13
2012,한림대학교,인문ㆍ사회계열,3910,126.6
2012,한림대학교,자연과학계열,2187,103
2012,한림대학교,공학계열,820,122
2012,한림대학교,의학계열,304,97
2012,한림대학교,예ㆍ체능계열,291,107.9
2012,한북대학교,예ㆍ체능계열,270,65.9
2012,한북대학교,공학계열,190,75.8
2012,한북대학교,자연과학계열,250,92
2012,한북대학교,인문ㆍ사회계열,1040,78.8
2012,한서대학교,공학계열,2119,105.2
2012,한서대학교,자연과학계열,1424,110.3
2012,한서대학교,인문ㆍ사회계열,1930,109.7
2012,한서대학교,예ㆍ체능계열,1927,98.9
2012,한성대학교,예ㆍ체능계열,1440,115.1
2012,한성대학교,공학계열,1880,108.1
2012,한성대학교,인문ㆍ사회계열,3160,116.7
2012,한세대학교,자연과학계열,50,104
2012,한세대학교,예ㆍ체능계열,739,113
2012,한세대학교,인문ㆍ사회계열,1351,122.3
2012,한세대학교,공학계열,220,115.5
2012,한신대학교,예ㆍ체능계열,160,129.4
2012,한신대학교,공학계열,924,94.4
2012,한신대학교,자연과학계열,384,90.1
2012,한신대학교,인문ㆍ사회계열,3572,113.9
2012,한양대학교,공학계열,4549,134.3
2012,한양대학교,자연과학계열,1613,121.4
2012,한양대학교,인문ㆍ사회계열,4112,145.4
2012,한양대학교,예ㆍ체능계열,1238,108.4
2012,한양대학교,의학계열,220,111.8
2012,한양대학교(ERICA) _분교,인문ㆍ사회계열,2870,125.5
2012,한양대학교(ERICA) _분교,자연과학계열,840,101.4
2012,한양대학교(ERICA) _분교,공학계열,2641,129.6
2012,한양대학교(ERICA) _분교,예ㆍ체능계열,1404,106.2
2012,한일장신대학교,예ㆍ체능계열,200,87
2012,한일장신대학교,인문ㆍ사회계열,1080,84.9
2012,한중대학교,예ㆍ체능계열,775,53.9
2012,한중대학교,공학계열,655,54.7
2012,한중대학교,자연과학계열,470,100
2012,한중대학교,인문ㆍ사회계열,1080,64.5
2012,협성대학교,자연과학계열,160,113.1
2012,협성대학교,공학계열,560,98.4
2012,협성대학교,예ㆍ체능계열,1000,100
2012,협성대학교,인문ㆍ사회계열,2600,115
2012,호남대학교,예ㆍ체능계열,1645,94.4
2012,호남대학교,공학계열,1641,91.4
2012,호남대학교,자연과학계열,1055,107
2012,호남대학교,인문ㆍ사회계열,3211,102.5
2012,호남신학대학교,예ㆍ체능계열,200,95
2012,호남신학대학교,인문ㆍ사회계열,480,86.5
2012,호서대학교,자연과학계열,1210,103.6
2012,호서대학교,공학계열,5080,98.6
2012,호서대학교,예ㆍ체능계열,2105,91.9
2012,호서대학교,인문ㆍ사회계열,4235,106.6
2012,호원대학교,인문ㆍ사회계열,2160,86.2
2012,호원대학교,자연과학계열,810,86.7
2012,호원대학교,공학계열,1450,78.2
2012,호원대학교,예ㆍ체능계열,1400,82.2
2012,홍익대학교,인문ㆍ사회계열,3560,117.2
2012,홍익대학교,자연과학계열,160,111.9
2012,홍익대학교,공학계열,4205,120.2
2012,홍익대학교,예ㆍ체능계열,2000,128.1
2012,홍익대학교(세종) _분교,공학계열,2476,104.7
2012,홍익대학교(세종) _분교,인문ㆍ사회계열,1720,113.8
2012,홍익대학교(세종) _분교,예ㆍ체능계열,1640,122.7
2012,화성의과학대학교,예ㆍ체능계열,185,60
2012,화성의과학대학교,자연과학계열,271,86.3
2012,화성의과학대학교,인문ㆍ사회계열,736,62.4
2011,가야대학교,인문ㆍ사회계열,168,25.6
2011,가야대학교 _제2캠퍼스,인문ㆍ사회계열,1440,99.9
2011,가야대학교 _제2캠퍼스,자연과학계열,1112,95.4
2011,가야대학교 _제2캠퍼스,공학계열,80,32.5
2011,가천대학교,자연과학계열,1075,99.1
2011,가천대학교,공학계열,4785,98
2011,가천대학교,의학계열,120,98.3
2011,가천대학교,예ㆍ체능계열,1740,99.7
2011,가천대학교,인문ㆍ사회계열,5013,119
2011,가천의과학대학교,인문ㆍ사회계열,420,109
2011,가천의과학대학교,자연과학계열,1699,123
2011,가천의과학대학교,예ㆍ체능계열,304,97.4
2011,가천의과학대학교,공학계열,885,96
2011,가톨릭관동대학교,인문ㆍ사회계열,5848,93.3
2011,가톨릭관동대학교,공학계열,1597,79.7
2011,가톨릭관동대학교,의학계열,196,111.7
2011,가톨릭관동대학교,예ㆍ체능계열,1521,74.2
2011,가톨릭관동대학교,자연과학계열,618,167
2011,가톨릭꽃동네대학교,인문ㆍ사회계열,320,102.8
2011,가톨릭꽃동네대학교,자연과학계열,160,96.9
2011,가톨릭대학교,자연과학계열,1300,112.3
2011,가톨릭대학교,인문ㆍ사회계열,3599,119.5
2011,가톨릭대학교,공학계열,1262,109.2
2011,가톨릭대학교,예ㆍ체능계열,208,97.1
2011,가톨릭대학교 _제2캠퍼스,의학계열,185,130.8
2011,가톨릭대학교 _제2캠퍼스,자연과학계열,280,120.7
2011,가톨릭대학교 _제3캠퍼스,인문ㆍ사회계열,320,65.6
2011,감리교신학대학교,인문ㆍ사회계열,800,113.3
2011,강남대학교,예ㆍ체능계열,688,113.2
2011,강남대학교,공학계열,1028,106
2011,강남대학교,인문ㆍ사회계열,4912,117.8
2011,강서대학교,예ㆍ체능계열,180,86.1
2011,강서대학교,인문ㆍ사회계열,1140,122.5
2011,강원대학교,공학계열,2829,113.6
2011,강원대학교,의학계열,160,100
2011,강원대학교,예ㆍ체능계열,758,101.7
2011,강원대학교,자연과학계열,4977,104
2011,강원대학교,인문ㆍ사회계열,4678,116.2
2011,강원대학교 _제2캠퍼스,공학계열,3485,85.6
2011,강원대학교 _제2캠퍼스,자연과학계열,1192,94.8
2011,강원대학교 _제2캠퍼스,인문ㆍ사회계열,1176,102.6
2011,강원대학교 _제2캠퍼스,예ㆍ체능계열,941,81.3
2011,건국대학교,의학계열,276,127.2
2011,건국대학교,공학계열,3316,124.6
2011,건국대학교,자연과학계열,2832,95.7
2011,건국대학교,인문ㆍ사회계열,4267,168.6
2011,건국대학교,예ㆍ체능계열,1477,132.8
2011,건국대학교(글로컬) _분교,인문ㆍ사회계열,3095,124
2011,건국대학교(글로컬) _분교,자연과학계열,2089,76.1
2011,건국대학교(글로컬) _분교,공학계열,516,194.2
2011,건국대학교(글로컬) _분교,예ㆍ체능계열,1340,114.2
2011,건동대학교,예ㆍ체능계열,460,56.7
2011,건동대학교,공학계열,380,26.3
2011,건동대학교,자연과학계열,210,38.6
2011,건동대학교,인문ㆍ사회계열,380,36.3
2011,건양대학교,인문ㆍ사회계열,3825,103.2
2011,건양대학교,자연과학계열,524,96.6
2011,건양대학교,공학계열,1790,94.4
2011,건양대학교 _제2캠퍼스,인문ㆍ사회계열,225,111.6
2011,건양대학교 _제2캠퍼스,자연과학계열,1218,116.3
2011,건양대학교 _제2캠퍼스,의학계열,196,112.8
2011,경기대학교,자연과학계열,1241,100.2
2011,경기대학교,인문ㆍ사회계열,5094,125.4
2011,경기대학교,예ㆍ체능계열,1580,108
2011,경기대학교,공학계열,2493,106.2
2011,경기대학교 _제2캠퍼스,예ㆍ체능계열,440,107
2011,경기대학교 _제2캠퍼스,공학계열,74,90.5
2011,경기대학교 _제2캠퍼스,인문ㆍ사회계열,1662,107.2
2011,경남과학기술대학교,예ㆍ체능계열,120,103.3
2011,경남과학기술대학교,공학계열,2869,99.7
2011,경남과학기술대학교,자연과학계열,1202,100
2011,경남과학기술대학교,인문ㆍ사회계열,1333,107.2
2011,경남대학교,예ㆍ체능계열,955,101
2011,경남대학교,인문ㆍ사회계열,7390,104.8
2011,경남대학교,자연과학계열,1545,93.7
2011,경남대학교,공학계열,3331,95.6
2011,경동대학교,공학계열,590,96.8
2011,경동대학교,자연과학계열,670,75.7
2011,경동대학교,인문ㆍ사회계열,2220,81.7
2011,경동대학교,예ㆍ체능계열,120,95
2011,경북대학교,의학계열,231,110
2011,경북대학교,인문ㆍ사회계열,5590,134.2
2011,경북대학교,자연과학계열,4605,120.2
2011,경북대학교,공학계열,4640,129.7
2011,경북대학교,예ㆍ체능계열,702,102.7
2011,경북대학교 _제2캠퍼스,예ㆍ체능계열,174,95.4
2011,경북대학교 _제2캠퍼스,공학계열,1909,53.3
2011,경북대학교 _제2캠퍼스,자연과학계열,684,80
2011,경북대학교 _제2캠퍼스,인문ㆍ사회계열,390,79
2011,경북외국어대학교,인문ㆍ사회계열,600,64.2
2011,경상국립대학교,자연과학계열,3705,105.1
2011,경상국립대학교,공학계열,4372,112.4
2011,경상국립대학교,의학계열,200,112.5
2011,경상국립대학교,예ㆍ체능계열,280,98.2
2011,경상국립대학교,인문ㆍ사회계열,4589,114.9
2011,경성대학교,예ㆍ체능계열,2440,103.9
2011,경성대학교,공학계열,2570,104.1
2011,경성대학교,자연과학계열,1585,91.9
2011,경성대학교,인문ㆍ사회계열,5885,113.5
2011,경운대학교(산업대),자연과학계열,1385,104.8
2011,경운대학교(산업대),인문ㆍ사회계열,2010,101.3
2011,경운대학교(산업대),공학계열,880,95.3
2011,경운대학교(산업대),예ㆍ체능계열,1625,86
2011,경인교육대학교,예ㆍ체능계열,705,97.9
2011,경인교육대학교,자연과학계열,886,104
2011,경인교육대학교,인문ㆍ사회계열,1452,104.7
2011,경일대학교,인문ㆍ사회계열,2335,84.6
2011,경일대학교,자연과학계열,145,109
2011,경일대학교,공학계열,2992,75.3
2011,경일대학교,예ㆍ체능계열,968,87.3
2011,경희대학교,의학계열,456,111.2
2011,경희대학교,예ㆍ체능계열,1000,97.9
2011,경희대학교,자연과학계열,2386,118.7
2011,경희대학교,인문ㆍ사회계열,5913,150.9
2011,경희대학교 _분교,공학계열,4165,119.3
2011,경희대학교 _분교,예ㆍ체능계열,2680,115.7
2011,경희대학교 _분교,인문ㆍ사회계열,1720,154.4
2011,경희대학교 _분교,자연과학계열,1410,117.3
2011,계명대학교,자연과학계열,2437,105.1
2011,계명대학교,공학계열,3387,102.3
2011,계명대학교,의학계열,304,153
2011,계명대학교,예ㆍ체능계열,3580,105
2011,계명대학교,인문ㆍ사회계열,10464,124.7
2011,고려대학교,공학계열,3232,127.2
2011,고려대학교,자연과학계열,3768,115.6
2011,고려대학교,인문ㆍ사회계열,7626,140.6
2011,고려대학교,예ㆍ체능계열,490,114.9
2011,고려대학교,의학계열,265,122.6
2011,고려대학교(세종) _분교,예ㆍ체능계열,515,103.1
2011,고려대학교(세종) _분교,공학계열,1472,118.5
2011,고려대학교(세종) _분교,자연과학계열,833,114
2011,고려대학교(세종) _분교,인문ㆍ사회계열,3160,116
2011,고신대학교,의학계열,304,96.1
2011,고신대학교,인문ㆍ사회계열,1782,123.6
2011,고신대학교,자연과학계열,1482,65.5
2011,고신대학교,예ㆍ체능계열,504,79.8
2011,공주교육대학교,자연과학계열,597,103.9
2011,공주교육대학교,예ㆍ체능계열,319,108.2
2011,공주교육대학교,인문ㆍ사회계열,904,106.9
2011,광신대학교,인문ㆍ사회계열,450,101.1
2011,광신대학교,예ㆍ체능계열,110,81.8
2011,광운대학교,자연과학계열,600,111
2011,광운대학교,인문ㆍ사회계열,2640,127.7
2011,광운대학교,공학계열,3655,122.4
2011,광운대학교,예ㆍ체능계열,160,91.9
2011,광주가톨릭대학교,인문ㆍ사회계열,170,55.9
2011,광주과학기술원,공학계열,200,98
2011,광주교육대학교,인문ㆍ사회계열,725,106.9
2011,광주교육대학교,예ㆍ체능계열,394,106.6
2011,광주교육대학교,자연과학계열,544,104.6
2011,광주대학교,인문ㆍ사회계열,3810,104
2011,광주대학교,자연과학계열,726,93.4
2011,광주대학교,공학계열,948,82.7
2011,광주대학교,예ㆍ체능계열,1192,81
2011,광주여자대학교,예ㆍ체능계열,226,81.4
2011,광주여자대학교,인문ㆍ사회계열,1789,105.1
2011,광주여자대학교,자연과학계열,1980,104.1
2011,광주여자대학교,공학계열,45,84.4
2011,국립강릉원주대학교,예ㆍ체능계열,457,93.9
2011,국립강릉원주대학교,인문ㆍ사회계열,2334,109.5
2011,국립강릉원주대학교,자연과학계열,2029,91.3
2011,국립강릉원주대학교,공학계열,1075,95.5
2011,국립강릉원주대학교,의학계열,160,95
2011,국립강릉원주대학교 _제2캠퍼스,자연과학계열,285,108.4
2011,국립강릉원주대학교 _제2캠퍼스,공학계열,1125,88.6
2011,국립강릉원주대학교 _제2캠퍼스,예ㆍ체능계열,334,97.6
2011,국립강릉원주대학교 _제2캠퍼스,인문ㆍ사회계열,429,86
2011,국립경국대학교,자연과학계열,1960,98.5
2011,국립경국대학교,공학계열,1904,98.7
2011,국립경국대학교,예ㆍ체능계열,444,95.3
2011,국립경국대학교,인문ㆍ사회계열,2044,106.7
2011,국립공주대학교,예ㆍ체능계열,846,110.5
2011,국립공주대학교,공학계열,4296,113
2011,국립공주대학교,인문ㆍ사회계열,3450,122.8
2011,국립공주대학교,자연과학계열,3687,106.5
2011,국립군산대학교,자연과학계열,1863,92.9
2011,국립군산대학교,인문ㆍ사회계열,2090,105.3
2011,국립군산대학교,공학계열,3116,96.9
2011,국립군산대학교,예ㆍ체능계열,643,97
2011,국립금오공과대학교,인문ㆍ사회계열,200,118
2011,국립금오공과대학교,자연과학계열,480,100.6
2011,국립금오공과대학교,공학계열,4727,126.6
2011,국립목포대학교,예ㆍ체능계열,468,98.5
2011,국립목포대학교,인문ㆍ사회계열,2846,121.1
2011,국립목포대학교,공학계열,2364,107.8
2011,국립목포대학교,자연과학계열,1492,98.6
2011,국립목포해양대학교,공학계열,2464,99.6
2011,국립부경대학교,인문ㆍ사회계열,3952,133.3
2011,국립부경대학교,자연과학계열,2414,103.5
2011,국립부경대학교,공학계열,7281,125
2011,국립부경대학교,예ㆍ체능계열,480,105.6
2011,국립순천대학교,자연과학계열,2194,94.8
2011,국립순천대학교,인문ㆍ사회계열,2286,114.3
2011,국립순천대학교,공학계열,2038,101
2011,국립순천대학교,예ㆍ체능계열,791,102.7
2011,국립창원대학교,예ㆍ체능계열,590,121.7
2011,국립창원대학교,공학계열,2461,116.5
2011,국립창원대학교,자연과학계열,1394,86.7
2011,국립창원대학교,인문ㆍ사회계열,3126,123.2
2011,국립한국교통대학교,인문ㆍ사회계열,1844,102.5
2011,국립한국교통대학교,예ㆍ체능계열,244,104.5
2011,국립한국교통대학교,공학계열,5540,103.1
2011,국립한국교통대학교,자연과학계열,592,105.9
2011,국립한국해양대학교,공학계열,3417,117.1
2011,국립한국해양대학교,자연과학계열,793,111.2
2011,국립한국해양대학교,인문ㆍ사회계열,1280,122.7
2011,국립한국해양대학교,예ㆍ체능계열,100,101
2011,국민대학교,인문ㆍ사회계열,5612,126.4
2011,국민대학교,자연과학계열,1236,114.9
2011,국민대학교,공학계열,2983,121.7
2011,국민대학교,예ㆍ체능계열,2156,106.8
2011,극동대학교,예ㆍ체능계열,945,87
2011,극동대학교,공학계열,435,89.9
2011,극동대학교,자연과학계열,795,98.9
2011,극동대학교,인문ㆍ사회계열,2225,99.3
2011,금강대학교,인문ㆍ사회계열,400,88
2011,김천대학교,예ㆍ체능계열,60,85
2011,김천대학교,공학계열,80,67.5
2011,김천대학교,자연과학계열,1230,90.2
2011,김천대학교,인문ㆍ사회계열,690,86.7
2011,나사렛대학교,예ㆍ체능계열,359,112
2011,나사렛대학교,자연과학계열,1365,96.2
2011,나사렛대학교,인문ㆍ사회계열,3672,110.6
2011,남부대학교,인문ㆍ사회계열,757,94.1
2011,남부대학교,자연과학계열,1620,86.7
2011,남부대학교,공학계열,240,86.7
2011,남부대학교,예ㆍ체능계열,699,76.3
2011,남서울대학교(산업대),예ㆍ체능계열,1840,104.4
2011,남서울대학교(산업대),공학계열,2560,90.2
2011,남서울대학교(산업대),자연과학계열,480,98.5
2011,남서울대학교(산업대),인문ㆍ사회계열,5640,106.6
2011,단국대학교,예ㆍ체능계열,1520,105.3
2011,단국대학교,공학계열,2710,119.5
2011,단국대학교,자연과학계열,1080,107.4
2011,단국대학교,인문ㆍ사회계열,4260,125.9
2011,단국대학교(천안) _분교,예ㆍ체능계열,1900,105.2
2011,단국대학교(천안) _분교,의학계열,440,107.7
2011,단국대학교(천안) _분교,공학계열,2103,117.5
2011,단국대학교(천안) _분교,자연과학계열,2242,106.2
2011,단국대학교(천안) _분교,인문ㆍ사회계열,4135,113.6
2011,대구가톨릭대학교,예ㆍ체능계열,1529,98
2011,대구가톨릭대학교,공학계열,1694,109.2
2011,대구가톨릭대학교,인문ㆍ사회계열,6250,105.6
2011,대구가톨릭대학교,자연과학계열,3127,102.9
2011,대구가톨릭대학교,의학계열,160,111.9
2011,대구교육대학교,예ㆍ체능계열,380,111.1
2011,대구교육대학교,자연과학계열,647,105.3
2011,대구교육대학교,인문ㆍ사회계열,932,104.8
2011,대구대학교,인문ㆍ사회계열,9090,111.5
2011,대구대학교,자연과학계열,3438,102.1
2011,대구대학교,공학계열,3964,103.6
2011,대구대학교,예ㆍ체능계열,1720,96.4
2011,대구예술대학교,예ㆍ체능계열,1940,67.6
2011,대구외국어대학교,인문ㆍ사회계열,520,77.3
2011,대구한의대학교,예ㆍ체능계열,700,85.9
2011,대구한의대학교,의학계열,456,99.6
2011,대구한의대학교,공학계열,844,85.9
2011,대구한의대학교,자연과학계열,2962,97.7
2011,대구한의대학교,인문ㆍ사회계열,2070,99.7
2011,대신대학교,인문ㆍ사회계열,470,81.5
2011,대신대학교,예ㆍ체능계열,165,67.3
2011,대전가톨릭대학교,인문ㆍ사회계열,160,71.3
2011,대전대학교,예ㆍ체능계열,831,83.6
2011,대전대학교,인문ㆍ사회계열,4916,104
2011,대전대학교,자연과학계열,1605,108.8
2011,대전대학교,공학계열,2093,87.8
2011,대전대학교,의학계열,304,109.5
2011,대전신학대학교,인문ㆍ사회계열,240,103.3
2011,대진대학교,예ㆍ체능계열,1190,92
2011,대진대학교,공학계열,2319,94.4
2011,대진대학교,자연과학계열,831,95.4
2011,대진대학교,인문ㆍ사회계열,3460,116.6
2011,덕성여자대학교,인문ㆍ사회계열,2882,123.6
2011,덕성여자대학교,자연과학계열,1220,104.9
2011,덕성여자대학교,공학계열,364,107.1
2011,덕성여자대학교,예ㆍ체능계열,694,111.7
2011,동국대학교,예ㆍ체능계열,940,123.8
2011,동국대학교,공학계열,3077,121.4
2011,동국대학교,자연과학계열,1431,106.6
2011,동국대학교,인문ㆍ사회계열,5412,142.1
2011,동국대학교(WISE) _분교,인문ㆍ사회계열,4206,115.7
2011,동국대학교(WISE) _분교,자연과학계열,1567,107
2011,동국대학교(WISE) _분교,공학계열,1080,85.5
2011,동국대학교(WISE) _분교,의학계열,410,113.9
2011,동국대학교(WISE) _분교,예ㆍ체능계열,605,91.2
2011,동덕여자대학교,예ㆍ체능계열,2560,99.4
2011,동덕여자대학교,인문ㆍ사회계열,2948,123.2
2011,동덕여자대학교,자연과학계열,1280,101.4
2011,동명대학교,인문ㆍ사회계열,3230,99
2011,동명대학교,예ㆍ체능계열,1522,88
2011,동명대학교,공학계열,4088,96
2011,동명대학교,자연과학계열,120,139.2
2011,동서대학교,인문ㆍ사회계열,4920,114.5
2011,동서대학교,자연과학계열,455,93.6
2011,동서대학교,공학계열,3400,90
2011,동서대학교,예ㆍ체능계열,1825,99.3
2011,동신대학교,의학계열,160,125
2011,동신대학교,예ㆍ체능계열,470,77.7
2011,동신대학교,공학계열,1275,76.3
2011,동신대학교,자연과학계열,2320,106.3
2011,동신대학교,인문ㆍ사회계열,2755,95.3
2011,동아대학교,자연과학계열,2888,100.5
2011,동아대학교,공학계열,5030,112.1
2011,동아대학교,의학계열,121,104.1
2011,동아대학교,예ㆍ체능계열,2304,95.5
2011,동아대학교,인문ㆍ사회계열,8140,122.3
2011,동양대학교,자연과학계열,55,109.1
2011,동양대학교,인문ㆍ사회계열,1997,91.9
2011,동양대학교,공학계열,2110,75.9
2011,동양대학교,예ㆍ체능계열,462,59.5
2011,동의대학교,의학계열,200,94.5
2011,동의대학교,공학계열,5095,99.3
2011,동의대학교,자연과학계열,2335,95.2
2011,동의대학교,인문ㆍ사회계열,6875,116.8
2011,동의대학교,예ㆍ체능계열,1675,87.1
2011,디지털서울문화예술대학교,예ㆍ체능계열,1970,85.5
2011,디지털서울문화예술대학교,인문ㆍ사회계열,2010,97.8
2011,루터대학교,인문ㆍ사회계열,800,72.3
2011,명신대학교,예ㆍ체능계열,210,50.5
2011,명신대학교,자연과학계열,130,23.8
2011,명신대학교,인문ㆍ사회계열,460,92.6
2011,명지대학교,자연과학계열,1044,94.7
2011,명지대학교,공학계열,4380,103.4
2011,명지대학교,예ㆍ체능계열,1560,101.9
2011,명지대학교 _제2캠퍼스,인문ㆍ사회계열,5320,129.6
2011,목원대학교,인문ㆍ사회계열,4347,101.5
2011,목원대학교,자연과학계열,1009,89.3
2011,목원대학교,공학계열,1587,85.8
2011,목원대학교,예ㆍ체능계열,2725,92.1
2011,목포가톨릭대학교,자연과학계열,370,111.9
2011,목포가톨릭대학교,인문ㆍ사회계열,170,84.1
2011,배재대학교,예ㆍ체능계열,1099,85.4
2011,배재대학교,자연과학계열,1775,90.3
2011,배재대학교,인문ㆍ사회계열,4888,108.1
2011,배재대학교,공학계열,1598,89.9
2011,백석대학교,인문ㆍ사회계열,8213,104.8
2011,백석대학교,자연과학계열,1870,109.8
2011,백석대학교,예ㆍ체능계열,2637,94.7
2011,부산가톨릭대학교,공학계열,440,76.6
2011,부산가톨릭대학교,인문ㆍ사회계열,1240,87.5
2011,부산가톨릭대학교,자연과학계열,2200,123.4
2011,부산교육대학교,인문ㆍ사회계열,859,106.8
2011,부산교육대학교,자연과학계열,650,102.9
2011,부산교육대학교,예ㆍ체능계열,390,104.9
2011,부산대학교,예ㆍ체능계열,1411,109.1
2011,부산대학교,공학계열,6388,120.1
2011,부산대학교,자연과학계열,4415,106.3
2011,부산대학교,인문ㆍ사회계열,5915,130.1
2011,부산디지털대학교,인문ㆍ사회계열,3600,64.4
2011,부산외국어대학교,예ㆍ체능계열,340,78.5
2011,부산외국어대학교,공학계열,480,89.8
2011,부산외국어대학교,자연과학계열,120,70.8
2011,부산외국어대학교,인문ㆍ사회계열,7660,108.9
2011,부산장신대학교,인문ㆍ사회계열,280,97.1
2011,삼육대학교,인문ㆍ사회계열,1926,114.8
2011,삼육대학교,자연과학계열,2009,105.3
2011,삼육대학교,공학계열,359,80.5
2011,삼육대학교,예ㆍ체능계열,794,106.5
2011,상명대학교,인문ㆍ사회계열,2755,122.8
2011,상명대학교,자연과학계열,1555,118.5
2011,상명대학교,공학계열,210,108.1
2011,상명대학교,예ㆍ체능계열,1080,103.2
2011,상명대학교(천안) _분교,인문ㆍ사회계열,1670,104.3
2011,상명대학교(천안) _분교,공학계열,1080,101.8
2011,상명대학교(천안) _분교,자연과학계열,440,100.7
2011,상명대학교(천안) _분교,예ㆍ체능계열,2610,116.8
2011,상주대학교,예ㆍ체능계열,105,139
2011,상주대학교,자연과학계열,128,230.5
2011,상주대학교,인문ㆍ사회계열,250,166
2011,상주대학교,공학계열,668,201.5
2011,상지대학교,자연과학계열,1845,96.4
2011,상지대학교,인문ㆍ사회계열,4105,103.8
2011,상지대학교,공학계열,1110,91.3
2011,상지대학교,의학계열,240,102.5
2011,상지대학교,예ㆍ체능계열,964,95.4
2011,서강대학교,인문ㆍ사회계열,4170,134.4
2011,서강대학교,자연과학계열,856,113.6
2011,서강대학교,공학계열,1564,112
2011,서경대학교,예ㆍ체능계열,1400,100.8
2011,서경대학교,자연과학계열,320,150.6
2011,서경대학교,인문ㆍ사회계열,2320,119.3
2011,서경대학교,공학계열,1600,99.3
2011,서남대학교,예ㆍ체능계열,1014,10.8
2011,서남대학교,인문ㆍ사회계열,1441,10.5
2011,서남대학교,자연과학계열,2082,41.1
2011,서남대학교,공학계열,380,11.3
2011,서남대학교,의학계열,196,95.4
2011,서남대학교 _제2캠퍼스,인문ㆍ사회계열,2662,24.9
2011,서남대학교 _제2캠퍼스,공학계열,214,65
2011,서남대학교 _제2캠퍼스,자연과학계열,213,77.9
2011,서남대학교 _제2캠퍼스,예ㆍ체능계열,124,46
2011,서울과학기술대학교(산업대),공학계열,8133,115.7
2011,서울과학기술대학교(산업대),자연과학계열,546,102
2011,서울과학기술대학교(산업대),인문ㆍ사회계열,955,115.9
2011,서울과학기술대학교(산업대),예ㆍ체능계열,1198,131.7
2011,서울교육대학교,자연과학계열,565,106.4
2011,서울교육대학교,예ㆍ체능계열,350,104.9
2011,서울교육대학교,인문ㆍ사회계열,914,105.4
2011,서울기독대학교,예ㆍ체능계열,240,83.3
2011,서울기독대학교,인문ㆍ사회계열,440,102.5
2011,서울대학교,자연과학계열,3570,119.2
2011,서울대학교,의학계열,496,121.6
2011,서울대학교,예ㆍ체능계열,1140,121.9
2011,서울대학교,인문ㆍ사회계열,4534,147.5
2011,서울대학교,공학계열,3162,116.8
2011,서울디지털대학교,인문ㆍ사회계열,9365,86.9
2011,서울디지털대학교,예ㆍ체능계열,2635,97.5
2011,서울시립대학교,예ㆍ체능계열,544,105.7
2011,서울시립대학교,공학계열,2640,119.1
2011,서울시립대학교,자연과학계열,680,117.2
2011,서울시립대학교,인문ㆍ사회계열,3285,127.3
2011,서울신학대학교,예ㆍ체능계열,335,111.6
2011,서울신학대학교,인문ㆍ사회계열,1825,108.1
2011,서울여자대학교,예ㆍ체능계열,800,108
2011,서울여자대학교,인문ㆍ사회계열,3920,120.7
2011,서울여자대학교,자연과학계열,2200,106.9
2011,서울장신대학교,인문ㆍ사회계열,348,117.5
2011,서울장신대학교,예ㆍ체능계열,140,93.6
2011,서울한영대학교,인문ㆍ사회계열,732,88.1
2011,서울한영대학교,예ㆍ체능계열,82,78
2011,서원대학교,인문ㆍ사회계열,3843,97.4
2011,서원대학교,자연과학계열,1300,92.5
2011,서원대학교,예ㆍ체능계열,1050,89.4
2011,서원대학교,공학계열,815,85.8
2011,선교청대학교,예ㆍ체능계열,240,18.8
2011,선교청대학교,인문ㆍ사회계열,255,53.3
2011,선문대학교,자연과학계열,1160,90.6
2011,선문대학교,예ㆍ체능계열,655,87.3
2011,선문대학교,인문ㆍ사회계열,4662,112.5
2011,선문대학교,공학계열,2785,93.1
2011,성결대학교,예ㆍ체능계열,720,116.9
2011,성결대학교,공학계열,1240,98.9
2011,성결대학교,인문ㆍ사회계열,3160,109
2011,성공회대학교,자연과학계열,160,118.8
2011,성공회대학교,공학계열,600,89.3
2011,성공회대학교,인문ㆍ사회계열,1400,117.4
2011,성균관대학교,인문ㆍ사회계열,6538,156.4
2011,성균관대학교,자연과학계열,1684,111.7
2011,성균관대학교,공학계열,4599,131.9
2011,성균관대학교,의학계열,80,128.8
2011,성균관대학교,예ㆍ체능계열,1236,115.5
2011,성신여자대학교,인문ㆍ사회계열,4888,120.5
2011,성신여자대학교,예ㆍ체능계열,1917,111.9
2011,성신여자대학교,자연과학계열,2071,111.5
2011,세명대학교,인문ㆍ사회계열,4160,98.6
2011,세명대학교,자연과학계열,1900,95.9
2011,세명대학교,공학계열,1160,91.3
2011,세명대학교,의학계열,160,118.1
2011,세명대학교,예ㆍ체능계열,1180,84.1
2011,세종대학교,예ㆍ체능계열,1340,116.6
2011,세종대학교,인문ㆍ사회계열,2760,126.9
2011,세종대학교,공학계열,3660,124
2011,세종대학교,자연과학계열,1520,93.2
2011,세한대학교,예ㆍ체능계열,1950,75.5
2011,세한대학교,공학계열,290,66.6
2011,세한대학교,자연과학계열,810,95.2
2011,세한대학교,인문ㆍ사회계열,2050,91.4
2011,수원가톨릭대학교,인문ㆍ사회계열,360,45.3
2011,수원대학교,인문ㆍ사회계열,2960,118.9
2011,수원대학교,예ㆍ체능계열,2450,98.4
2011,수원대학교,공학계열,3515,109
2011,수원대학교,자연과학계열,1555,100.3
2011,숙명여자대학교,예ㆍ체능계열,1520,107.2
2011,숙명여자대학교,인문ㆍ사회계열,5634,125.8
2011,숙명여자대학교,자연과학계열,1958,107.1
2011,순복음총회신학교,인문ㆍ사회계열,400,47.3
2011,순천향대학교,예ㆍ체능계열,1040,93.3
2011,순천향대학교,의학계열,372,98.4
2011,순천향대학교,공학계열,2620,101.2
2011,순천향대학교,자연과학계열,2369,98.7
2011,순천향대학교,인문ㆍ사회계열,3985,125
2011,숭실대학교,자연과학계열,963,98.2
2011,숭실대학교,공학계열,4647,124.7
2011,숭실대학교,예ㆍ체능계열,180,97.2
2011,숭실대학교,인문ㆍ사회계열,4940,136.3
2011,신경주대학교,예ㆍ체능계열,535,55.5
2011,신경주대학교,공학계열,565,52.2
2011,신경주대학교,자연과학계열,587,79.7
2011,신경주대학교,인문ㆍ사회계열,3987,78.4
2011,신라대학교,인문ㆍ사회계열,5232,108
2011,신라대학교,자연과학계열,1951,96.4
2011,신라대학교,공학계열,1404,89.8
2011,신라대학교,예ㆍ체능계열,1213,91.3
2011,아신대학교,인문ㆍ사회계열,880,86.3
2011,아주대학교,인문ㆍ사회계열,2721,131.5
2011,아주대학교,자연과학계열,1082,109.5
2011,아주대학교,공학계열,4023,125.8
2011,아주대학교,의학계열,100,126
2011,아주대학교,예ㆍ체능계열,39,92.3
2011,안양대학교,예ㆍ체능계열,280,88.2
2011,안양대학교,공학계열,1580,103.3
2011,안양대학교,자연과학계열,360,101.4
2011,안양대학교,인문ㆍ사회계열,2248,109.4
2011,안양대학교 _제2캠퍼스,인문ㆍ사회계열,280,87.5
2011,안양대학교 _제2캠퍼스,공학계열,280,87.9
2011,연세대학교,의학계열,425,119.8
2011,연세대학교,자연과학계열,2265,132.1
2011,연세대학교,인문ㆍ사회계열,6641,146.8
2011,연세대학교,예ㆍ체능계열,888,115.4
2011,연세대학교,공학계열,3742,120.5
2011,연세대학교(미래) _분교,의학계열,372,120.2
2011,연세대학교(미래) _분교,공학계열,932,125
2011,연세대학교(미래) _분교,자연과학계열,2934,111.2
2011,연세대학교(미래) _분교,인문ㆍ사회계열,2380,129.2
2011,영남대학교,자연과학계열,3694,104.4
2011,영남대학교,공학계열,5385,128.4
2011,영남대학교,의학계열,190,115.8
2011,영남대학교,예ㆍ체능계열,1967,103.6
2011,영남대학교,인문ㆍ사회계열,8733,122.8
2011,영남신학대학교,인문ㆍ사회계열,560,105.7
2011,영산대학교,예ㆍ체능계열,455,75.6
2011,영산대학교,인문ㆍ사회계열,2770,86.8
2011,영산대학교,자연과학계열,235,97
2011,영산대학교,공학계열,620,70
2011,영산대학교 _제2캠퍼스,공학계열,90,107.8
2011,영산대학교 _제2캠퍼스,자연과학계열,555,103.6
2011,영산대학교 _제2캠퍼스,인문ㆍ사회계열,1275,120.4
2011,영산대학교 _제2캠퍼스,예ㆍ체능계열,800,94.3
2011,영산선학대학교,인문ㆍ사회계열,200,19.5
2011,예수대학교,인문ㆍ사회계열,115,83.5
2011,예수대학교,자연과학계열,445,110.6
2011,예원예술대학교,예ㆍ체능계열,841,112.1
2011,예원예술대학교,인문ㆍ사회계열,124,75.8
2011,용인대학교,인문ㆍ사회계열,1486,104.4
2011,용인대학교,자연과학계열,1086,105.5
2011,용인대학교,예ㆍ체능계열,3308,106.7
2011,우석대학교,인문ㆍ사회계열,3120,105
2011,우석대학교,자연과학계열,2240,98.2
2011,우석대학교,공학계열,975,92
2011,우석대학교,의학계열,120,131.7
2011,우석대학교,예ㆍ체능계열,1405,87.7
2011,우송대학교,예ㆍ체능계열,915,106.6
2011,우송대학교,인문ㆍ사회계열,3861,115.3
2011,우송대학교,자연과학계열,1075,92.8
2011,우송대학교,공학계열,2292,84
2011,울산과학기술원,인문ㆍ사회계열,450,70.9
2011,울산과학기술원,공학계열,1550,90.5
2011,울산대학교,공학계열,4190,126.3
2011,울산대학교,인문ㆍ사회계열,4260,114.3
2011,울산대학교,자연과학계열,2020,107.9
2011,울산대학교,예ㆍ체능계열,1370,99.1
2011,울산대학교,의학계열,160,100.6
2011,원광대학교,자연과학계열,3718,99.4
2011,원광대학교,공학계열,2707,94.2
2011,원광대학교,의학계열,1004,107.2
2011,원광대학교,예ㆍ체능계열,2013,89.8
2011,원광대학교,인문ㆍ사회계열,7811,102.1
2011,원광디지털대학교,인문ㆍ사회계열,2925,70.9
2011,원광디지털대학교,자연과학계열,1878,76.6
2011,원광디지털대학교,예ㆍ체능계열,697,72
2011,위덕대학교,예ㆍ체능계열,381,69.6
2011,위덕대학교,공학계열,1022,75
2011,위덕대학교,자연과학계열,704,80
2011,위덕대학교,인문ㆍ사회계열,1453,92.8
2011,유원대학교,예ㆍ체능계열,640,62
2011,유원대학교,공학계열,1255,55.4
2011,유원대학교,자연과학계열,945,92.7
2011,유원대학교,인문ㆍ사회계열,1480,71.4
2011,을지대학교,의학계열,160,111.3
2011,을지대학교,자연과학계열,508,113.8
2011,을지대학교,인문ㆍ사회계열,120,100
2011,을지대학교 _제2캠퍼스,인문ㆍ사회계열,800,113.9
2011,을지대학교 _제2캠퍼스,자연과학계열,3188,118.6
2011,이화여자대학교,자연과학계열,2689,113.2
2011,이화여자대학교,공학계열,1050,109.3
2011,이화여자대학교,예ㆍ체능계열,2553,112.1
2011,이화여자대학교,인문ㆍ사회계열,6219,135.1
2011,인제대학교,자연과학계열,2521,110
2011,인제대학교,공학계열,2016,98.9
2011,인제대학교,예ㆍ체능계열,912,95.5
2011,인제대학교,인문ㆍ사회계열,3637,103.6
2011,인제대학교 _제2캠퍼스,자연과학계열,320,158.4
2011,인제대학교 _제2캠퍼스,의학계열,372,105.9
2011,인천가톨릭대학교,인문ㆍ사회계열,140,70.7
2011,인천가톨릭대학교 _제2캠퍼스,예ㆍ체능계열,560,92.1
2011,인천대학교,예ㆍ체능계열,744,130.1
2011,인천대학교,공학계열,3500,145.8
2011,인천대학교,자연과학계열,1150,110.3
2011,인천대학교,인문ㆍ사회계열,3326,143.9
2011,인하대학교,예ㆍ체능계열,560,97.1
2011,인하대학교,인문ㆍ사회계열,6280,130.5
2011,인하대학교,자연과학계열,1460,108.8
2011,인하대학교,공학계열,5897,136.8
2011,인하대학교,의학계열,49,136.7
2011,장로회신학대학교,인문ㆍ사회계열,400,120.3
2011,장로회신학대학교,예ㆍ체능계열,201,110
2011,전남대학교,인문ㆍ사회계열,4965,134.6
2011,전남대학교,자연과학계열,4747,119.1
2011,전남대학교,공학계열,3331,125.2
2011,전남대학교,의학계열,511,66.5
2011,전남대학교,예ㆍ체능계열,939,106.4
2011,전남대학교 _제2캠퍼스,예ㆍ체능계열,108,92.6
2011,전남대학교 _제2캠퍼스,공학계열,1317,78.7
2011,전남대학교 _제2캠퍼스,자연과학계열,1312,107
2011,전남대학교 _제2캠퍼스,인문ㆍ사회계열,953,96
2011,전북대학교,예ㆍ체능계열,764,116.9
2011,전북대학교,의학계열,200,102.5
2011,전북대학교,공학계열,5459,115.6
2011,전북대학교,자연과학계열,4302,102.6
2011,전북대학교,인문ㆍ사회계열,5134,123.3
2011,전북대학교 _제2캠퍼스,자연과학계열,710,73.1
2011,전북대학교 _제2캠퍼스,인문ㆍ사회계열,120,63.3
2011,전주교육대학교,인문ㆍ사회계열,608,108.6
2011,전주교육대학교,자연과학계열,479,106.3
2011,전주교육대학교,예ㆍ체능계열,360,105.6
2011,전주대학교,인문ㆍ사회계열,5750,114.5
2011,전주대학교,자연과학계열,1660,99.5
2011,전주대학교,공학계열,2172,91.3
2011,전주대학교,예ㆍ체능계열,1746,84.3
2011,정석대학,인문ㆍ사회계열,55,100
2011,정석대학,공학계열,145,75.9
2011,제주대학교,인문ㆍ사회계열,4075,117.7
2011,제주대학교,예ㆍ체능계열,706,98.9
2011,제주대학교,의학계열,160,114.4
2011,제주대학교,공학계열,1369,99.8
2011,제주대학교,자연과학계열,3045,95.1
2011,조선대학교,인문ㆍ사회계열,8088,110.1
2011,조선대학교,자연과학계열,2770,100.6
2011,조선대학교,의학계열,205,127.8
2011,조선대학교,예ㆍ체능계열,2260,102.5
2011,조선대학교,공학계열,6269,100.3
2011,중부대학교,인문ㆍ사회계열,4040,98.6
2011,중부대학교,자연과학계열,1120,97.1
2011,중부대학교,공학계열,2040,83.6
2011,중부대학교,예ㆍ체능계열,1740,89.3
2011,중앙대학교,인문ㆍ사회계열,5468,133
2011,중앙대학교,예ㆍ체능계열,503,97.6
2011,중앙대학교,의학계열,215,108.4
2011,중앙대학교,공학계열,2980,120.8
2011,중앙대학교,자연과학계열,1614,105.3
2011,중앙대학교(안성) _분교,자연과학계열,1006,109.7
2011,중앙대학교(안성) _분교,인문ㆍ사회계열,3489,128.1
2011,중앙대학교(안성) _분교,예ㆍ체능계열,2665,110.7
2011,중앙승가대학교,인문ㆍ사회계열,480,56.5
2011,중원대학교,공학계열,658,65.8
2011,중원대학교,자연과학계열,235,66.8
2011,중원대학교,인문ㆍ사회계열,460,69.1
2011,진주교육대학교,인문ㆍ사회계열,710,104.9
2011,진주교육대학교,예ㆍ체능계열,421,100.7
2011,진주교육대학교,자연과학계열,560,104.6
2011,차의과학대학교,자연과학계열,390,115.1
2011,차의과학대학교,인문ㆍ사회계열,260,108.5
2011,청운대학교,자연과학계열,275,110.2
2011,청운대학교,공학계열,1490,106.4
2011,청운대학교,예ㆍ체능계열,750,77.3
2011,청운대학교,인문ㆍ사회계열,3205,112.6
2011,청주교육대학교,인문ㆍ사회계열,678,108.6
2011,청주교육대학교,자연과학계열,480,106.5
2011,청주교육대학교,예ㆍ체능계열,334,103.6
2011,청주대학교,예ㆍ체능계열,1975,96.5
2011,청주대학교,자연과학계열,1196,95.8
2011,청주대학교,인문ㆍ사회계열,6555,119.4
2011,청주대학교,공학계열,2350,103.4
2011,초당대학교(산업대),예ㆍ체능계열,725,61.8
2011,초당대학교(산업대),공학계열,475,58.5
2011,초당대학교(산업대),인문ㆍ사회계열,2060,77.8
2011,초당대학교(산업대),자연과학계열,1645,88.8
2011,총신대학교,인문ㆍ사회계열,1160,120.8
2011,총신대학교,예ㆍ체능계열,280,108.9
2011,추계예술대학교,예ㆍ체능계열,900,108.3
2011,추계예술대학교,인문ㆍ사회계열,260,111.9
2011,춘천교육대학교,인문ㆍ사회계열,1696,103.1
2011,충남대학교,예ㆍ체능계열,971,98.5
2011,충남대학교,의학계열,326,121.2
2011,충남대학교,공학계열,4557,114.4
2011,충남대학교,자연과학계열,4604,107.4
2011,충남대학교,인문ㆍ사회계열,5084,126
2011,충북대학교,공학계열,4212,113.7
2011,충북대학교,의학계열,284,93.3
2011,충북대학교,예ㆍ체능계열,421,96.4
2011,충북대학교,자연과학계열,3758,103.2
2011,충북대학교,인문ㆍ사회계열,4021,119.4
2011,칼빈대학교,예ㆍ체능계열,80,77.5
2011,칼빈대학교,인문ㆍ사회계열,360,110.6
2011,탐라대학교,인문ㆍ사회계열,596,55
2011,탐라대학교,공학계열,112,34.8
2011,탐라대학교,예ㆍ체능계열,356,38.5
2011,평택대학교,예ㆍ체능계열,810,92.1
2011,평택대학교,자연과학계열,575,88.3
2011,평택대학교,인문ㆍ사회계열,2415,108.7
2011,포항공과대학교,공학계열,818,113.6
2011,포항공과대학교,자연과학계열,382,105
2011,한경대학교(산업대),인문ㆍ사회계열,880,130.5
2011,한경대학교(산업대),자연과학계열,1748,107
2011,한경대학교(산업대),공학계열,2704,105.1
2011,한경대학교(산업대),예ㆍ체능계열,348,104.3
2011,한국교원대학교,인문ㆍ사회계열,1276,105.3
2011,한국교원대학교,자연과학계열,586,107.8
2011,한국교원대학교,예ㆍ체능계열,240,104.6
2011,한국교원대학교,공학계열,160,115
2011,한국국제대학교,공학계열,760,62.6
2011,한국국제대학교,자연과학계열,980,85.6
2011,한국국제대학교,인문ㆍ사회계열,1932,76.6
2011,한국국제대학교,예ㆍ체능계열,800,74.8
2011,한국기술교육대학교,공학계열,3037,107.1
2011,한국기술교육대학교,인문ㆍ사회계열,582,122
2011,한국방송통신대학교,인문ㆍ사회계열,187700,72.8
2011,한국방송통신대학교,자연과학계열,51100,70.3
2011,한국산업기술대학교(산업대),인문ㆍ사회계열,420,141.9
2011,한국산업기술대학교(산업대),공학계열,5100,115.4
2011,한국성서대학교,공학계열,155,76.8
2011,한국성서대학교,자연과학계열,70,101.4
2011,한국성서대학교,인문ㆍ사회계열,735,120.4
2011,한국예술종합학교,예ㆍ체능계열,2232,107.9
2011,한국외국어대학교,인문ㆍ사회계열,6741,130.5
2011,한국외국어대학교(용인) _분교,자연과학계열,1092,106.4
2011,한국외국어대학교(용인) _분교,인문ㆍ사회계열,4800,120.6
2011,한국외국어대학교(용인) _분교,공학계열,996,124.1
2011,한국전통문화대학교(각종),자연과학계열,80,92.5
2011,한국전통문화대학교(각종),인문ㆍ사회계열,160,96.9
2011,한국전통문화대학교(각종),공학계열,160,91.3
2011,한국전통문화대학교(각종),예ㆍ체능계열,160,95.6
2011,한국체육대학교,예ㆍ체능계열,2360,104.1
2011,한국침례신학대학교,예ㆍ체능계열,260,82.7
2011,한국침례신학대학교,인문ㆍ사회계열,1340,100.1
2011,한국항공대학교,공학계열,2400,118.8
2011,한국항공대학교,인문ㆍ사회계열,590,120.5
2011,한국항공대학교,자연과학계열,570,131.4
2011,한남대학교,예ㆍ체능계열,1038,94.9
2011,한남대학교,공학계열,2510,102.3
2011,한남대학교,자연과학계열,1585,93.1
2011,한남대학교,인문ㆍ사회계열,6897,103.6
2011,한동대학교,자연과학계열,342,95.9
2011,한동대학교,공학계열,766,97.5
2011,한동대학교,인문ㆍ사회계열,1932,141.7
2011,한라대학교,인문ㆍ사회계열,1660,96.3
2011,한라대학교,공학계열,2040,86.3
2011,한라대학교,예ㆍ체능계열,280,81.8
2011,한려대학교,자연과학계열,920,76.2
2011,한려대학교,공학계열,240,15
2011,한려대학교,예ㆍ체능계열,130,26.2
2011,한려대학교,인문ㆍ사회계열,1062,23.4
2011,한림대학교,의학계열,304,101
2011,한림대학교,예ㆍ체능계열,306,102.9
2011,한림대학교,공학계열,840,113.8
2011,한림대학교,자연과학계열,2172,102.1
2011,한림대학교,인문ㆍ사회계열,3890,128.2
2011,한민학교,예ㆍ체능계열,150,140
2011,한민학교,인문ㆍ사회계열,970,55.3
2011,한밭대학교(산업대),예ㆍ체능계열,460,99.6
2011,한밭대학교(산업대),공학계열,6108,101.7
2011,한밭대학교(산업대),인문ㆍ사회계열,1672,122.2
2011,한북대학교,예ㆍ체능계열,240,66.3
2011,한북대학교,공학계열,160,84.4
2011,한북대학교,자연과학계열,220,87.7
2011,한북대학교,인문ㆍ사회계열,880,81
2011,한서대학교,예ㆍ체능계열,1902,103.3
2011,한서대학교,공학계열,2091,101.3
2011,한서대학교,자연과학계열,1404,109
2011,한서대학교,인문ㆍ사회계열,2003,107.9
2011,한성대학교,인문ㆍ사회계열,3160,113.8
2011,한성대학교,공학계열,1880,104.7
2011,한성대학교,예ㆍ체능계열,1440,114.8
2011,한세대학교,예ㆍ체능계열,724,103.9
2011,한세대학교,공학계열,250,98.4
2011,한세대학교,자연과학계열,25,100
2011,한세대학교,인문ㆍ사회계열,1361,129.6
2011,한신대학교,예ㆍ체능계열,160,110
2011,한신대학교,공학계열,924,95.9
2011,한신대학교,자연과학계열,384,83.9
2011,한신대학교,인문ㆍ사회계열,3572,110.4
2011,한양대학교,인문ㆍ사회계열,4182,147.5
2011,한양대학교,자연과학계열,1613,116.7
2011,한양대학교,공학계열,4559,132.6
2011,한양대학교,의학계열,275,109.8
2011,한양대학교,예ㆍ체능계열,1233,106.7
2011,한양대학교(ERICA) _분교,인문ㆍ사회계열,2885,126.1
2011,한양대학교(ERICA) _분교,자연과학계열,816,101.6
2011,한양대학교(ERICA) _분교,공학계열,2662,130.4
2011,한양대학교(ERICA) _분교,예ㆍ체능계열,1392,102.5
2011,한일장신대학교,인문ㆍ사회계열,1160,92.4
2011,한일장신대학교,예ㆍ체능계열,190,95.3
2011,한중대학교,인문ㆍ사회계열,1185,67.5
2011,한중대학교,자연과학계열,460,100.9
2011,한중대학교,공학계열,678,58.6
2011,한중대학교,예ㆍ체능계열,713,60.7
2011,협성대학교,예ㆍ체능계열,990,99.1
2011,협성대학교,공학계열,560,94.5
2011,협성대학교,자연과학계열,160,110
2011,협성대학교,인문ㆍ사회계열,2610,110.7
2011,호남대학교,인문ㆍ사회계열,3245,99.2
2011,호남대학교,자연과학계열,915,101.2
2011,호남대학교,공학계열,1752,85.7
2011,호남대학교,예ㆍ체능계열,1640,87.9
2011,호남신학대학교,인문ㆍ사회계열,480,94.8
2011,호남신학대학교,예ㆍ체능계열,200,93.5
2011,호서대학교,인문ㆍ사회계열,4210,106
2011,호서대학교,자연과학계열,1145,103.1
2011,호서대학교,공학계열,5220,96.7
2011,호서대학교,예ㆍ체능계열,2065,89.2
2011,호원대학교,자연과학계열,475,88.8
2011,호원대학교,공학계열,1705,84.4
2011,호원대학교,예ㆍ체능계열,1480,76.4
2011,호원대학교,인문ㆍ사회계열,2220,98.3
2011,홍익대학교,인문ㆍ사회계열,3560,114.3
2011,홍익대학교,자연과학계열,160,114.4
2011,홍익대학교,공학계열,4205,120.1
2011,홍익대학교,예ㆍ체능계열,2000,126.9
2011,홍익대학교(세종) _분교,예ㆍ체능계열,1640,118.4
2011,홍익대학교(세종) _분교,공학계열,2476,104.9
2011,홍익대학교(세종) _분교,인문ㆍ사회계열,1720,109.2
2011,화성의과학대학교,예ㆍ체능계열,150,64.7
2011,화성의과학대학교,인문ㆍ사회계열,616,60.4
2011,화성의과학대학교,자연과학계열,212,89.2
2010,가야대학교,인문ㆍ사회계열,217,32.3
2010,가야대학교,자연과학계열,70,0
2010,가야대학교 _제2캠퍼스,자연과학계열,938,101.3
2010,가야대학교 _제2캠퍼스,공학계열,115,37.4
2010,가야대학교 _제2캠퍼스,인문ㆍ사회계열,1460,105.5
2010,가천대학교,공학계열,4770,96.7
2010,가천대학교,의학계열,120,104.2
2010,가천대학교,예ㆍ체능계열,1750,98.4
2010,가천대학교,인문ㆍ사회계열,4938,108.2
2010,가천대학교,자연과학계열,1150,85.1
2010,가천의과학대학교,예ㆍ체능계열,331,83.7
2010,가천의과학대학교,공학계열,940,106.2
2010,가천의과학대학교,자연과학계열,1577,122.1
2010,가천의과학대학교,인문ㆍ사회계열,460,120.9
2010,가톨릭관동대학교,인문ㆍ사회계열,5831,84
2010,가톨릭관동대학교,자연과학계열,628,123.2
2010,가톨릭관동대학교,공학계열,1586,68.1
2010,가톨릭관동대학교,의학계열,196,117.3
2010,가톨릭관동대학교,예ㆍ체능계열,1550,74.5
2010,가톨릭꽃동네대학교,자연과학계열,160,96.3
2010,가톨릭꽃동네대학교,인문ㆍ사회계열,320,103.4
2010,가톨릭대학교,인문ㆍ사회계열,3610,118.8
2010,가톨릭대학교,자연과학계열,1280,108
2010,가톨릭대학교,공학계열,1268,106.9
2010,가톨릭대학교,예ㆍ체능계열,208,94.7
2010,가톨릭대학교 _제2캠퍼스,의학계열,278,129.5
2010,가톨릭대학교 _제2캠퍼스,자연과학계열,352,89.5
2010,가톨릭대학교 _제3캠퍼스,인문ㆍ사회계열,320,69.1
2010,감리교신학대학교,인문ㆍ사회계열,800,111.9
2010,강남대학교,인문ㆍ사회계열,4917,116.1
2010,강남대학교,공학계열,1028,100.6
2010,강남대학교,예ㆍ체능계열,691,103.9
2010,강서대학교,인문ㆍ사회계열,1130,108.9
2010,강서대학교,예ㆍ체능계열,190,94.7
2010,강원대학교,인문ㆍ사회계열,4773,118.1
2010,강원대학교,자연과학계열,4906,103.1
2010,강원대학교,공학계열,2844,113.2
2010,강원대학교,의학계열,209,101.9
2010,강원대학교,예ㆍ체능계열,748,105.2
2010,강원대학교 _제2캠퍼스,인문ㆍ사회계열,1242,97.3
2010,강원대학교 _제2캠퍼스,자연과학계열,937,93.6
2010,강원대학교 _제2캠퍼스,공학계열,3509,83.6
2010,강원대학교 _제2캠퍼스,예ㆍ체능계열,946,75.4
2010,건국대학교,인문ㆍ사회계열,4360,156.7
2010,건국대학교,자연과학계열,2822,94.2
2010,건국대학교,공학계열,3316,122.1
2010,건국대학교,의학계열,277,123.5
2010,건국대학교,예ㆍ체능계열,1424,125.8
2010,건국대학교(글로컬) _분교,인문ㆍ사회계열,3085,115.6
2010,건국대학교(글로컬) _분교,자연과학계열,2309,82.4
2010,건국대학교(글로컬) _분교,공학계열,336,234.2
2010,건국대학교(글로컬) _분교,예ㆍ체능계열,1310,113.4
2010,건동대학교,자연과학계열,250,28
2010,건동대학교,공학계열,450,21.3
2010,건동대학교,예ㆍ체능계열,350,58.6
2010,건동대학교,인문ㆍ사회계열,460,27
2010,건양대학교,인문ㆍ사회계열,4133,108.3
2010,건양대학교,자연과학계열,529,97.7
2010,건양대학교,예ㆍ체능계열,12,66.7
2010,건양대학교,공학계열,1805,98.8
2010,건양대학교 _제2캠퍼스,자연과학계열,1183,106.5
2010,건양대학교 _제2캠퍼스,의학계열,196,123.5
2010,경기대학교,인문ㆍ사회계열,5188,119.6
2010,경기대학교,자연과학계열,1254,99
2010,경기대학교,공학계열,2418,105.3
2010,경기대학교,예ㆍ체능계열,1580,109.4
2010,경기대학교 _제2캠퍼스,공학계열,148,85.8
2010,경기대학교 _제2캠퍼스,인문ㆍ사회계열,1588,105.2
2010,경기대학교 _제2캠퍼스,예ㆍ체능계열,440,112.3
2010,경남대학교,자연과학계열,1450,93.2
2010,경남대학교,예ㆍ체능계열,980,104.1
2010,경남대학교,공학계열,3315,93.5
2010,경남대학교,인문ㆍ사회계열,7480,102
2010,경동대학교,인문ㆍ사회계열,2350,75.6
2010,경동대학교,자연과학계열,350,95.1
2010,경동대학교,공학계열,780,70.6
2010,경동대학교,예ㆍ체능계열,120,90.8
2010,경북대학교,공학계열,4724,131.9
2010,경북대학교,자연과학계열,4532,120.3
2010,경북대학교,인문ㆍ사회계열,5680,132.8
2010,경북대학교,의학계열,234,117.9
2010,경북대학교,예ㆍ체능계열,688,103.6
2010,경북대학교 _제2캠퍼스,인문ㆍ사회계열,260,86.2
2010,경북대학교 _제2캠퍼스,자연과학계열,424,95
2010,경북대학교 _제2캠퍼스,예ㆍ체능계열,116,108.6
2010,경북대학교 _제2캠퍼스,공학계열,1344,72.1
2010,경북외국어대학교,인문ㆍ사회계열,600,62.3
2010,경상국립대학교,인문ㆍ사회계열,4616,109.7
2010,경상국립대학교,자연과학계열,3694,105.3
2010,경상국립대학교,공학계열,4370,108.6
2010,경상국립대학교,의학계열,200,108.5
2010,경상국립대학교,예ㆍ체능계열,280,99.6
2010,경성대학교,공학계열,2490,103.4
2010,경성대학교,자연과학계열,1670,86.4
2010,경성대학교,인문ㆍ사회계열,5870,112.4
2010,경성대학교,예ㆍ체능계열,2450,101.9
2010,경운대학교(산업대),인문ㆍ사회계열,2130,91.5
2010,경운대학교(산업대),자연과학계열,1210,100.8
2010,경운대학교(산업대),공학계열,840,83.6
2010,경운대학교(산업대),예ㆍ체능계열,1720,75.8
2010,경인교육대학교,자연과학계열,969,103.3
2010,경인교육대학교,예ㆍ체능계열,778,100.4
2010,경인교육대학교,인문ㆍ사회계열,1522,104.9
2010,경일대학교,공학계열,2867,76.5
2010,경일대학교,인문ㆍ사회계열,2295,80.8
2010,경일대학교,예ㆍ체능계열,783,97.3
2010,경일대학교,자연과학계열,25,116
2010,경희대학교,예ㆍ체능계열,1000,99.3
2010,경희대학교,자연과학계열,2326,120.6
2010,경희대학교,인문ㆍ사회계열,5981,143.8
2010,경희대학교,의학계열,523,105.4
2010,경희대학교 _분교,인문ㆍ사회계열,1720,158
2010,경희대학교 _분교,예ㆍ체능계열,2700,114
2010,경희대학교 _분교,공학계열,4215,114.6
2010,경희대학교 _분교,자연과학계열,1285,124.5
2010,계명대학교,예ㆍ체능계열,3530,108.8
2010,계명대학교,의학계열,304,157.2
2010,계명대학교,공학계열,3312,102.1
2010,계명대학교,인문ㆍ사회계열,10654,120.2
2010,계명대학교,자연과학계열,2372,106.2
2010,고려대학교,의학계열,318,117.9
2010,고려대학교,인문ㆍ사회계열,7777,138.2
2010,고려대학교,자연과학계열,3726,113
2010,고려대학교,공학계열,3211,128.8
2010,고려대학교,예ㆍ체능계열,480,113.3
2010,고려대학교(세종) _분교,예ㆍ체능계열,540,107.2
2010,고려대학교(세종) _분교,인문ㆍ사회계열,3160,117.6
2010,고려대학교(세종) _분교,자연과학계열,870,110.1
2010,고려대학교(세종) _분교,공학계열,1410,123.4
2010,고신대학교,자연과학계열,1677,56.4
2010,고신대학교,인문ㆍ사회계열,1569,139.8
2010,고신대학교,예ㆍ체능계열,522,80.3
2010,고신대학교,의학계열,304,94.1
2010,공주교육대학교,인문ㆍ사회계열,959,104.6
2010,공주교육대학교,예ㆍ체능계열,350,101.7
2010,공주교육대학교,자연과학계열,639,99.8
2010,광신대학교,인문ㆍ사회계열,455,86.4
2010,광신대학교,예ㆍ체능계열,115,65.2
2010,광운대학교,인문ㆍ사회계열,2640,124.9
2010,광운대학교,자연과학계열,600,104
2010,광운대학교,공학계열,3655,118.7
2010,광운대학교,예ㆍ체능계열,160,83.8
2010,광주가톨릭대학교,인문ㆍ사회계열,175,58.9
2010,광주과학기술원,공학계열,100,99
2010,광주교육대학교,인문ㆍ사회계열,1772,46.2
2010,광주대학교,예ㆍ체능계열,1003,93.9
2010,광주대학교,공학계열,859,82.7
2010,광주대학교,자연과학계열,445,89.4
2010,광주대학교,인문ㆍ사회계열,3993,95.2
2010,광주여자대학교,인문ㆍ사회계열,1878,103.7
2010,광주여자대학교,자연과학계열,1886,100.5
2010,광주여자대학교,예ㆍ체능계열,256,77.3
2010,광주여자대학교,공학계열,20,85
2010,국립강릉원주대학교,의학계열,160,99.4
2010,국립강릉원주대학교,인문ㆍ사회계열,2329,107.3
2010,국립강릉원주대학교,공학계열,1083,93.8
2010,국립강릉원주대학교,자연과학계열,2013,90.9
2010,국립강릉원주대학교,예ㆍ체능계열,458,97.8
2010,국립강릉원주대학교 _제2캠퍼스,인문ㆍ사회계열,435,87.6
2010,국립강릉원주대학교 _제2캠퍼스,자연과학계열,280,126.1
2010,국립강릉원주대학교 _제2캠퍼스,공학계열,1133,86.6
2010,국립강릉원주대학교 _제2캠퍼스,예ㆍ체능계열,337,89.9
2010,국립경국대학교,예ㆍ체능계열,444,99.3
2010,국립경국대학교,공학계열,1912,101.2
2010,국립경국대학교,자연과학계열,1960,98.5
2010,국립경국대학교,인문ㆍ사회계열,2044,106.7
2010,국립공주대학교,인문ㆍ사회계열,3482,119
2010,국립공주대학교,예ㆍ체능계열,847,107
2010,국립공주대학교,공학계열,4325,110.8
2010,국립공주대학교,자연과학계열,3694,107.1
2010,국립군산대학교,인문ㆍ사회계열,2112,101.8
2010,국립군산대학교,예ㆍ체능계열,656,101.2
2010,국립군산대학교,공학계열,3135,96.9
2010,국립군산대학교,자연과학계열,1812,89.3
2010,국립금오공과대학교,공학계열,4945,123.1
2010,국립금오공과대학교,자연과학계열,480,101.9
2010,국립목포대학교,인문ㆍ사회계열,2862,116
2010,국립목포대학교,자연과학계열,1408,93.8
2010,국립목포대학교,공학계열,2420,103.8
2010,국립목포대학교,예ㆍ체능계열,480,94.6
2010,국립목포해양대학교,공학계열,2464,98.5
2010,국립부경대학교,인문ㆍ사회계열,3953,131.8
2010,국립부경대학교,자연과학계열,2274,106
2010,국립부경대학교,공학계열,7446,121.2
2010,국립부경대학교,예ㆍ체능계열,480,108.5
2010,국립순천대학교,자연과학계열,2276,91.9
2010,국립순천대학교,인문ㆍ사회계열,2258,116.4
2010,국립순천대학교,공학계열,2055,102.8
2010,국립순천대학교,예ㆍ체능계열,760,105.5
2010,국립창원대학교,인문ㆍ사회계열,3128,115.9
2010,국립창원대학교,자연과학계열,1381,87.5
2010,국립창원대학교,공학계열,2472,117.4
2010,국립창원대학교,예ㆍ체능계열,596,121.6
2010,국립한국교통대학교,자연과학계열,146,106.2
2010,국립한국교통대학교,공학계열,1372,108.1
2010,국립한국교통대학교,예ㆍ체능계열,60,113.3
2010,국립한국교통대학교,인문ㆍ사회계열,523,107.5
2010,국립한국해양대학교,자연과학계열,798,109.4
2010,국립한국해양대학교,인문ㆍ사회계열,1284,117.8
2010,국립한국해양대학교,예ㆍ체능계열,100,110
2010,국립한국해양대학교,공학계열,3425,116.1
2010,국민대학교,예ㆍ체능계열,2126,111.1
2010,국민대학교,공학계열,2983,115.1
2010,국민대학교,자연과학계열,1201,113.2
2010,국민대학교,인문ㆍ사회계열,5677,119.8
2010,극동대학교,자연과학계열,615,93.8
2010,극동대학교,인문ㆍ사회계열,2435,91.7
2010,극동대학교,예ㆍ체능계열,940,84.7
2010,극동대학교,공학계열,410,79.8
2010,금강대학교,인문ㆍ사회계열,400,83.8
2010,김천대학교,인문ㆍ사회계열,345,104.3
2010,김천대학교,자연과학계열,615,108.9
2010,김천대학교,공학계열,40,100
2010,김천대학교,예ㆍ체능계열,30,100
2010,나사렛대학교,자연과학계열,1217,98.2
2010,나사렛대학교,인문ㆍ사회계열,3834,109.6
2010,나사렛대학교,예ㆍ체능계열,345,60.6
2010,남부대학교,인문ㆍ사회계열,777,74.6
2010,남부대학교,자연과학계열,1550,74.3
2010,남부대학교,공학계열,240,70
2010,남부대학교,예ㆍ체능계열,749,61.7
2010,남서울대학교(산업대),인문ㆍ사회계열,5635,101.7
2010,남서울대학교(산업대),자연과학계열,385,93
2010,남서울대학교(산업대),공학계열,2580,91.5
2010,남서울대학교(산업대),예ㆍ체능계열,1920,100.1
2010,단국대학교,예ㆍ체능계열,1470,101.4
2010,단국대학교,공학계열,2680,114.6
2010,단국대학교,자연과학계열,1150,109.6
2010,단국대학교,인문ㆍ사회계열,4270,119.6
2010,단국대학교(천안) _분교,인문ㆍ사회계열,4210,108.4
2010,단국대학교(천안) _분교,자연과학계열,2143,104.9
2010,단국대학교(천안) _분교,공학계열,2147,114.5
2010,단국대학교(천안) _분교,의학계열,440,108.6
2010,단국대학교(천안) _분교,예ㆍ체능계열,1880,102.2
2010,대구가톨릭대학교,인문ㆍ사회계열,6389,102.7
2010,대구가톨릭대학교,자연과학계열,2913,104.8
2010,대구가톨릭대학교,공학계열,1611,112.5
2010,대구가톨릭대학교,예ㆍ체능계열,1537,98
2010,대구가톨릭대학교 _제2캠퍼스,인문ㆍ사회계열,150,71.3
2010,대구가톨릭대학교 _제3캠퍼스,의학계열,160,117.5
2010,대구교육대학교,예ㆍ체능계열,400,107.3
2010,대구교육대학교,자연과학계열,712,102.4
2010,대구교육대학교,인문ㆍ사회계열,978,103.7
2010,대구대학교,인문ㆍ사회계열,9100,109.2
2010,대구대학교,자연과학계열,3304,100.2
2010,대구대학교,공학계열,4018,99.5
2010,대구대학교,예ㆍ체능계열,1760,93.1
2010,대구대학교 _제2캠퍼스,자연과학계열,30,103.3
2010,대구예술대학교,예ㆍ체능계열,1955,60.8
2010,대구외국어대학교,인문ㆍ사회계열,500,75.2
2010,대구외국어대학교,자연과학계열,20,40
2010,대구한의대학교,예ㆍ체능계열,720,87.5
2010,대구한의대학교,의학계열,468,102.1
2010,대구한의대학교,공학계열,839,85.7
2010,대구한의대학교,자연과학계열,2940,97.1
2010,대구한의대학교,인문ㆍ사회계열,2065,102.3
2010,대신대학교,인문ㆍ사회계열,510,79.8
2010,대신대학교,예ㆍ체능계열,150,73.3
2010,대전가톨릭대학교,인문ㆍ사회계열,160,59.4
2010,대전대학교,예ㆍ체능계열,831,82.4
2010,대전대학교,인문ㆍ사회계열,4622,101.9
2010,대전대학교,자연과학계열,1887,97.8
2010,대전대학교,공학계열,2097,84.3
2010,대전대학교,의학계열,312,109.9
2010,대전신학교,인문ㆍ사회계열,240,71.3
2010,대전신학대학교,인문ㆍ사회계열,120,80.8
2010,대진대학교,예ㆍ체능계열,1201,87.3
2010,대진대학교,인문ㆍ사회계열,3455,107.2
2010,대진대학교,자연과학계열,832,93.1
2010,대진대학교,공학계열,2312,93.1
2010,덕성여자대학교,인문ㆍ사회계열,2882,115.7
2010,덕성여자대학교,자연과학계열,1220,105.3
2010,덕성여자대학교,공학계열,364,96.7
2010,덕성여자대학교,예ㆍ체능계열,694,112
2010,동국대학교,인문ㆍ사회계열,5552,138
2010,동국대학교,자연과학계열,1445,101.3
2010,동국대학교,공학계열,3063,119.8
2010,동국대학교,예ㆍ체능계열,910,123.8
2010,동국대학교(WISE) _분교,예ㆍ체능계열,620,90.2
2010,동국대학교(WISE) _분교,인문ㆍ사회계열,4362,110.1
2010,동국대학교(WISE) _분교,자연과학계열,1538,106.8
2010,동국대학교(WISE) _분교,공학계열,1075,85.8
2010,동국대학교(WISE) _분교,의학계열,448,111.2
2010,동덕여자대학교,자연과학계열,1137,102.6
2010,동덕여자대학교,공학계열,143,113.3
2010,동덕여자대학교,예ㆍ체능계열,2560,102.1
2010,동덕여자대학교,인문ㆍ사회계열,2948,117.3
2010,동명대학교,예ㆍ체능계열,1722,52.8
2010,동명대학교,공학계열,4098,67.1
2010,동명대학교,자연과학계열,30,116.7
2010,동명대학교,인문ㆍ사회계열,3110,76.1
2010,동서대학교,예ㆍ체능계열,1880,97.7
2010,동서대학교,공학계열,3580,88.6
2010,동서대학교,자연과학계열,280,98.9
2010,동서대학교,인문ㆍ사회계열,4860,114.8
2010,동신대학교,예ㆍ체능계열,445,71.5
2010,동신대학교,인문ㆍ사회계열,2925,86.9
2010,동신대학교,자연과학계열,2205,97.6
2010,동신대학교,공학계열,1245,81.5
2010,동신대학교,의학계열,160,123.8
2010,동아대학교,예ㆍ체능계열,2224,97.1
2010,동아대학교,의학계열,146,117.1
2010,동아대학교,자연과학계열,2833,97.3
2010,동아대학교,인문ㆍ사회계열,8320,115.4
2010,동아대학교,공학계열,5045,108.9
2010,동양대학교,예ㆍ체능계열,473,67.4
2010,동양대학교,인문ㆍ사회계열,1991,91.8
2010,동양대학교,자연과학계열,25,116
2010,동양대학교,공학계열,2135,70.3
2010,동의대학교,인문ㆍ사회계열,6910,116.3
2010,동의대학교,자연과학계열,2250,93.2
2010,동의대학교,공학계열,5145,96
2010,동의대학교,의학계열,200,91
2010,동의대학교,예ㆍ체능계열,1675,82.6
2010,디지털서울문화예술대학교,인문ㆍ사회계열,1580,89.6
2010,디지털서울문화예술대학교,예ㆍ체능계열,2210,79.4
2010,루터대학교,인문ㆍ사회계열,800,64.1
2010,명신대학교,예ㆍ체능계열,240,55
2010,명신대학교,의학계열,90,52.2
2010,명신대학교,자연과학계열,20,0
2010,명신대학교,인문ㆍ사회계열,450,120.2
2010,명지대학교,공학계열,4380,107.2
2010,명지대학교,자연과학계열,1044,94.3
2010,명지대학교,예ㆍ체능계열,1560,101.9
2010,명지대학교 _제2캠퍼스,인문ㆍ사회계열,5320,123.4
2010,목원대학교,인문ㆍ사회계열,4452,96.7
2010,목원대학교,예ㆍ체능계열,2715,94
2010,목원대학교,공학계열,1566,83.8
2010,목원대학교,자연과학계열,935,87.9
2010,목포가톨릭대학교,자연과학계열,380,113.4
2010,목포가톨릭대학교,인문ㆍ사회계열,180,82.2
2010,배재대학교,공학계열,1600,88.1
2010,배재대학교,자연과학계열,1760,86.6
2010,배재대학교,예ㆍ체능계열,1110,87.2
2010,배재대학교,인문ㆍ사회계열,4890,106.1
2010,백석대학교,인문ㆍ사회계열,8367,102.6
2010,백석대학교,자연과학계열,1815,108
2010,백석대학교,예ㆍ체능계열,2538,93.5
2010,부산가톨릭대학교,인문ㆍ사회계열,1275,84.6
2010,부산가톨릭대학교,자연과학계열,2165,120.3
2010,부산가톨릭대학교,공학계열,440,72
2010,부산교육대학교,인문ㆍ사회계열,929,104.3
2010,부산교육대학교,예ㆍ체능계열,402,104.5
2010,부산교육대학교,자연과학계열,726,102.5
2010,부산대학교,예ㆍ체능계열,1381,108.5
2010,부산대학교,공학계열,6359,120.2
2010,부산대학교,자연과학계열,4413,106.9
2010,부산대학교,인문ㆍ사회계열,6066,124.5
2010,부산디지털대학교,인문ㆍ사회계열,3200,65.7
2010,부산외국어대학교,인문ㆍ사회계열,7650,107.8
2010,부산외국어대학교,공학계열,480,90.6
2010,부산외국어대학교,예ㆍ체능계열,350,86
2010,부산외국어대학교,자연과학계열,120,71.7
2010,부산장신대학교,인문ㆍ사회계열,280,99.6
2010,삼육대학교,예ㆍ체능계열,809,99.1
2010,삼육대학교,공학계열,360,70
2010,삼육대학교,자연과학계열,1973,101.6
2010,삼육대학교,인문ㆍ사회계열,1946,107.8
2010,상명대학교,예ㆍ체능계열,1080,100.4
2010,상명대학교,공학계열,140,147.9
2010,상명대학교,자연과학계열,1650,111.6
2010,상명대학교,인문ㆍ사회계열,2730,126.2
2010,상명대학교(천안) _분교,인문ㆍ사회계열,1720,101.7
2010,상명대학교(천안) _분교,자연과학계열,390,97.7
2010,상명대학교(천안) _분교,공학계열,1080,99.5
2010,상명대학교(천안) _분교,예ㆍ체능계열,2610,114.8
2010,상주대학교,인문ㆍ사회계열,500,108
2010,상주대학교,자연과학계열,256,127.3
2010,상주대학교,공학계열,1337,112.3
2010,상주대학교,예ㆍ체능계열,210,85.2
2010,상지대학교,인문ㆍ사회계열,4110,102.3
2010,상지대학교,자연과학계열,1815,96.2
2010,상지대학교,공학계열,1105,94.2
2010,상지대학교,의학계열,240,103.3
2010,상지대학교,예ㆍ체능계열,994,90
2010,서강대학교,인문ㆍ사회계열,4200,128.6
2010,서강대학교,자연과학계열,856,111.3
2010,서강대학교,공학계열,1564,114
2010,서경대학교,인문ㆍ사회계열,2310,123.9
2010,서경대학교,예ㆍ체능계열,1330,98.3
2010,서경대학교,공학계열,1560,102.7
2010,서경대학교,자연과학계열,440,128
2010,서남대학교,예ㆍ체능계열,1166,8.2
2010,서남대학교,의학계열,196,94.4
2010,서남대학교,공학계열,510,11.4
2010,서남대학교,자연과학계열,2302,34.7
2010,서남대학교,인문ㆍ사회계열,1870,10.6
2010,서남대학교 _제2캠퍼스,인문ㆍ사회계열,2079,25.9
2010,서남대학교 _제2캠퍼스,자연과학계열,131,91.6
2010,서남대학교 _제2캠퍼스,공학계열,148,64.9
2010,서남대학교 _제2캠퍼스,예ㆍ체능계열,124,46.8
2010,서울과학기술대학교(산업대),예ㆍ체능계열,1223,124.9
2010,서울과학기술대학교(산업대),공학계열,8172,113.4
2010,서울과학기술대학교(산업대),자연과학계열,514,109.7
2010,서울과학기술대학교(산업대),인문ㆍ사회계열,923,116.6
2010,서울교육대학교,인문ㆍ사회계열,1961,52.6
2010,서울기독대학교,인문ㆍ사회계열,440,105.7
2010,서울기독대학교,예ㆍ체능계열,240,86.7
2010,서울대학교,인문ㆍ사회계열,4611,142.6
2010,서울대학교,자연과학계열,3496,114.5
2010,서울대학교,예ㆍ체능계열,1140,122.5
2010,서울대학교,의학계열,564,116.3
2010,서울대학교,공학계열,3162,116.9
2010,서울디지털대학교,예ㆍ체능계열,2350,97.7
2010,서울디지털대학교,인문ㆍ사회계열,8750,99.8
2010,서울시립대학교,공학계열,2640,117.4
2010,서울시립대학교,예ㆍ체능계열,548,102.2
2010,서울시립대학교,자연과학계열,680,106.8
2010,서울시립대학교,인문ㆍ사회계열,3318,125.7
2010,서울신학대학교,인문ㆍ사회계열,1820,107.8
2010,서울신학대학교,예ㆍ체능계열,340,105.6
2010,서울여자대학교,예ㆍ체능계열,800,104.4
2010,서울여자대학교,자연과학계열,2200,105
2010,서울여자대학교,인문ㆍ사회계열,3920,117.2
2010,서울장신대학교,예ㆍ체능계열,140,91.4
2010,서울장신대학교,인문ㆍ사회계열,348,114.7
2010,서울한영대학교,예ㆍ체능계열,80,78.8
2010,서울한영대학교,인문ㆍ사회계열,729,95.3
2010,서원대학교,인문ㆍ사회계열,3848,94.6
2010,서원대학교,자연과학계열,1295,93.4
2010,서원대학교,공학계열,800,80.8
2010,서원대학교,예ㆍ체능계열,1065,91
2010,선교청대학교,인문ㆍ사회계열,245,42.4
2010,선교청대학교,예ㆍ체능계열,180,51.7
2010,선문대학교,예ㆍ체능계열,636,84.6
2010,선문대학교,공학계열,2648,87.3
2010,선문대학교,자연과학계열,1242,83.3
2010,선문대학교,인문ㆍ사회계열,4736,104.4
2010,성결대학교,인문ㆍ사회계열,3160,104.7
2010,성결대학교,예ㆍ체능계열,720,116.9
2010,성결대학교,공학계열,1240,95.8
2010,성공회대학교,인문ㆍ사회계열,1400,113.4
2010,성공회대학교,자연과학계열,160,113.1
2010,성공회대학교,공학계열,600,88.2
2010,성균관대학교,예ㆍ체능계열,1197,119.8
2010,성균관대학교,의학계열,80,156.3
2010,성균관대학교,공학계열,4599,131.5
2010,성균관대학교,인문ㆍ사회계열,6667,149.1
2010,성균관대학교,자연과학계열,1684,112.2
2010,성신여자대학교,인문ㆍ사회계열,4935,116.9
2010,성신여자대학교,자연과학계열,2147,107.8
2010,성신여자대학교,예ㆍ체능계열,1794,112.2
2010,세명대학교,예ㆍ체능계열,1240,79.6
2010,세명대학교,의학계열,160,119.4
2010,세명대학교,공학계열,1160,95.7
2010,세명대학교,인문ㆍ사회계열,4180,95.1
2010,세명대학교,자연과학계열,1820,95.9
2010,세종대학교,예ㆍ체능계열,1325,111.8
2010,세종대학교,인문ㆍ사회계열,2700,124.3
2010,세종대학교,자연과학계열,1405,96.3
2010,세종대학교,공학계열,3850,118.6
2010,세한대학교,인문ㆍ사회계열,2165,83.1
2010,세한대학교,자연과학계열,860,107
2010,세한대학교,공학계열,245,66.5
2010,세한대학교,예ㆍ체능계열,1980,66.1
2010,수원가톨릭대학교,인문ㆍ사회계열,360,44.7
2010,수원대학교,인문ㆍ사회계열,2745,118.4
2010,수원대학교,자연과학계열,1545,97.7
2010,수원대학교,공학계열,3690,105.4
2010,수원대학교,예ㆍ체능계열,2500,98.1
2010,숙명여자대학교,인문ㆍ사회계열,5631,121.6
2010,숙명여자대학교,자연과학계열,1961,107.5
2010,숙명여자대학교,예ㆍ체능계열,1520,106.7
2010,순복음총회신학교,인문ㆍ사회계열,200,61
2010,순천향대학교,예ㆍ체능계열,1040,93.4
2010,순천향대학교,인문ㆍ사회계열,4000,126.3
2010,순천향대학교,자연과학계열,2344,95.7
2010,순천향대학교,공학계열,2630,95.2
2010,순천향대학교,의학계열,372,103.8
2010,숭실대학교,예ㆍ체능계열,180,94.4
2010,숭실대학교,공학계열,4574,126.1
2010,숭실대학교,자연과학계열,939,94.1
2010,숭실대학교,인문ㆍ사회계열,5007,121.6
2010,신경주대학교,인문ㆍ사회계열,4158,78.2
2010,신경주대학교,예ㆍ체능계열,485,68
2010,신경주대학교,자연과학계열,500,74.2
2010,신경주대학교,공학계열,565,55.6
2010,신라대학교,인문ㆍ사회계열,5226,107.9
2010,신라대학교,예ㆍ체능계열,1310,91.8
2010,신라대학교,자연과학계열,1852,93.3
2010,신라대학교,공학계열,1412,92.8
2010,아신대학교,인문ㆍ사회계열,880,92.8
2010,아주대학교,의학계열,120,148.3
2010,아주대학교,예ㆍ체능계열,34,114.7
2010,아주대학교,인문ㆍ사회계열,2778,122.9
2010,아주대학교,공학계열,4062,122.8
2010,아주대학교,자연과학계열,1000,107.5
2010,안양대학교,인문ㆍ사회계열,2243,107
2010,안양대학교,자연과학계열,360,103.3
2010,안양대학교,공학계열,1585,99.4
2010,안양대학교,예ㆍ체능계열,280,92.9
2010,안양대학교 _제2캠퍼스,공학계열,280,82.1
2010,안양대학교 _제2캠퍼스,인문ㆍ사회계열,280,81.4
2010,연세대학교,예ㆍ체능계열,888,113.3
2010,연세대학교,의학계열,510,115.1
2010,연세대학교,공학계열,3752,122.2
2010,연세대학교,자연과학계열,2218,133.4
2010,연세대학교,인문ㆍ사회계열,6768,142.5
2010,연세대학교(미래) _분교,의학계열,372,117.2
2010,연세대학교(미래) _분교,공학계열,945,118.1
2010,연세대학교(미래) _분교,자연과학계열,2931,109.9
2010,연세대학교(미래) _분교,인문ㆍ사회계열,2371,124.8
2010,영남대학교,공학계열,5415,124.8
2010,영남대학교,자연과학계열,3675,104.6
2010,영남대학교,의학계열,228,112.3
2010,영남대학교,예ㆍ체능계열,1932,105.9
2010,영남대학교,인문ㆍ사회계열,8854,119.5
2010,영남신학대학교,인문ㆍ사회계열,560,102.7
2010,영산대학교,예ㆍ체능계열,450,55.3
2010,영산대학교,공학계열,640,44.8
2010,영산대학교,자연과학계열,170,72.9
2010,영산대학교,인문ㆍ사회계열,2900,66.5
2010,영산대학교 _제2캠퍼스,인문ㆍ사회계열,1210,83.1
2010,영산대학교 _제2캠퍼스,자연과학계열,570,70.5
2010,영산대학교 _제2캠퍼스,공학계열,60,93.3
2010,영산대학교 _제2캠퍼스,예ㆍ체능계열,800,71.3
2010,영산선학대학교,인문ㆍ사회계열,200,19
2010,예수대학교,자연과학계열,440,107.7
2010,예수대학교,인문ㆍ사회계열,120,60.8
2010,예원예술대학교,인문ㆍ사회계열,121,122.3
2010,예원예술대학교,예ㆍ체능계열,838,121.2
2010,용인대학교,인문ㆍ사회계열,1416,99.6
2010,용인대학교,자연과학계열,1136,107.4
2010,용인대학교,예ㆍ체능계열,3328,106.2
2010,우석대학교,인문ㆍ사회계열,3225,108
2010,우석대학교,자연과학계열,2165,100
2010,우석대학교,공학계열,975,100.3
2010,우석대학교,의학계열,120,131.7
2010,우석대학교,예ㆍ체능계열,1375,89
2010,우송대학교,예ㆍ체능계열,480,92.7
2010,우송대학교,공학계열,1220,89.5
2010,우송대학교,자연과학계열,590,95.4
2010,우송대학교,인문ㆍ사회계열,2104,100.8
2010,우송대학교(산업대),예ㆍ체능계열,440,131.6
2010,우송대학교(산업대),인문ㆍ사회계열,1482,142.4
2010,우송대학교(산업대),자연과학계열,340,101.8
2010,우송대학교(산업대),공학계열,842,84.4
2010,울산과학기술원,인문ㆍ사회계열,300,83
2010,울산과학기술원,공학계열,950,95.4
2010,울산대학교,예ㆍ체능계열,1395,97.7
2010,울산대학교,인문ㆍ사회계열,4325,110.7
2010,울산대학교,자연과학계열,1990,105.5
2010,울산대학교,공학계열,4250,121.8
2010,울산대학교,의학계열,160,100.6
2010,원광대학교,자연과학계열,3589,99.4
2010,원광대학교,인문ㆍ사회계열,7953,102.5
2010,원광대학교,공학계열,2734,94.8
2010,원광대학교,의학계열,1014,105.8
2010,원광대학교,예ㆍ체능계열,1989,92.4
2010,원광디지털대학교,인문ㆍ사회계열,2547,78.5
2010,원광디지털대학교,자연과학계열,1571,87.1
2010,원광디지털대학교,예ㆍ체능계열,582,86.3
2010,위덕대학교,인문ㆍ사회계열,1426,93.1
2010,위덕대학교,자연과학계열,644,75.6
2010,위덕대학교,공학계열,1103,63
2010,위덕대학교,예ㆍ체능계열,387,69.3
2010,유원대학교,예ㆍ체능계열,660,55.9
2010,유원대학교,공학계열,1280,46.8
2010,유원대학교,자연과학계열,890,84.7
2010,유원대학교,인문ㆍ사회계열,1490,67.2
2010,을지대학교,인문ㆍ사회계열,160,88.8
2010,을지대학교,자연과학계열,508,117.9
2010,을지대학교,의학계열,160,116.9
2010,을지대학교 _제2캠퍼스,자연과학계열,3188,119.6
2010,을지대학교 _제2캠퍼스,인문ㆍ사회계열,800,106.8
2010,이화여자대학교,인문ㆍ사회계열,6350,130.6
2010,이화여자대학교,자연과학계열,2688,117.4
2010,이화여자대학교,공학계열,1022,107.3
2010,이화여자대학교,예ㆍ체능계열,2526,107.7
2010,인제대학교,자연과학계열,2486,109.9
2010,인제대학교,공학계열,2043,96.5
2010,인제대학교,예ㆍ체능계열,920,95.7
2010,인제대학교,인문ㆍ사회계열,3639,105.2
2010,인제대학교 _제2캠퍼스,자연과학계열,320,154.7
2010,인제대학교 _제2캠퍼스,의학계열,372,103.2
2010,인천가톨릭대학교,인문ㆍ사회계열,155,64.5
2010,인천가톨릭대학교,예ㆍ체능계열,445,101.1
2010,인천대학교,인문ㆍ사회계열,3013,120.3
2010,인천대학교,예ㆍ체능계열,572,103.8
2010,인천대학교,공학계열,3000,112.4
2010,인천대학교,자연과학계열,1135,103.9
2010,인하대학교,자연과학계열,1430,107.5
2010,인하대학교,인문ㆍ사회계열,6360,126.9
2010,인하대학교,공학계열,5885,136.3
2010,인하대학교,의학계열,98,114.3
2010,인하대학교,예ㆍ체능계열,560,92.9
2010,장로회신학대학교,예ㆍ체능계열,201,113.4
2010,장로회신학대학교,인문ㆍ사회계열,400,110.3
2010,전남대학교,예ㆍ체능계열,962,102.5
2010,전남대학교,인문ㆍ사회계열,5236,128.5
2010,전남대학교,자연과학계열,4719,112.5
2010,전남대학교,공학계열,3402,121.4
2010,전남대학교,의학계열,574,150.5
2010,전남대학교 _제2캠퍼스,인문ㆍ사회계열,980,98.7
2010,전남대학교 _제2캠퍼스,자연과학계열,1365,102.6
2010,전남대학교 _제2캠퍼스,공학계열,1367,78.6
2010,전남대학교 _제2캠퍼스,예ㆍ체능계열,112,106.3
2010,전북대학교,자연과학계열,4241,103.1
2010,전북대학교,공학계열,5337,112.9
2010,전북대학교,의학계열,200,100
2010,전북대학교,예ㆍ체능계열,764,117.9
2010,전북대학교,인문ㆍ사회계열,5204,122.3
2010,전북대학교 _제2캠퍼스,자연과학계열,535,75.1
2010,전북대학교 _제2캠퍼스,인문ㆍ사회계열,90,61.1
2010,전주교육대학교,인문ㆍ사회계열,640,105.8
2010,전주교육대학교,자연과학계열,512,105.1
2010,전주교육대학교,예ㆍ체능계열,380,106.1
2010,전주대학교,공학계열,2136,83.6
2010,전주대학교,자연과학계열,1590,99
2010,전주대학교,인문ㆍ사회계열,5900,113.5
2010,전주대학교,예ㆍ체능계열,1692,83.6
2010,정석대학,인문ㆍ사회계열,55,96.4
2010,정석대학,공학계열,145,60
2010,제주대학교,인문ㆍ사회계열,4040,115.4
2010,제주대학교,자연과학계열,2990,92
2010,제주대학교,공학계열,1365,93.3
2010,제주대학교,의학계열,200,106.5
2010,제주대학교,예ㆍ체능계열,706,97
2010,조선대학교,인문ㆍ사회계열,8008,109
2010,조선대학교,자연과학계열,2700,102.9
2010,조선대학교,공학계열,6392,97.3
2010,조선대학교,의학계열,410,114.9
2010,조선대학교,예ㆍ체능계열,2280,103.1
2010,중부대학교,인문ㆍ사회계열,3740,94.1
2010,중부대학교,자연과학계열,1085,96.7
2010,중부대학교,공학계열,1995,77.3
2010,중부대학교,예ㆍ체능계열,2120,84.8
2010,중앙대학교,자연과학계열,1614,109.9
2010,중앙대학교,인문ㆍ사회계열,5520,130
2010,중앙대학교,공학계열,2970,119.6
2010,중앙대학교,의학계열,258,110.5
2010,중앙대학교,예ㆍ체능계열,498,90.6
2010,중앙대학교(안성) _분교,예ㆍ체능계열,2520,113.1
2010,중앙대학교(안성) _분교,인문ㆍ사회계열,3632,128.7
2010,중앙대학교(안성) _분교,자연과학계열,1008,109.8
2010,중앙승가대학교,인문ㆍ사회계열,480,59.4
2010,중원대학교,공학계열,540,78.7
2010,중원대학교,인문ㆍ사회계열,280,77.5
2010,진주교육대학교,인문ㆍ사회계열,903,87.7
2010,진주교육대학교,자연과학계열,465,131.2
2010,진주교육대학교,예ㆍ체능계열,457,100.2
2010,진주산업대학교(산업대),예ㆍ체능계열,140,84.3
2010,진주산업대학교(산업대),공학계열,3125,98.6
2010,진주산업대학교(산업대),자연과학계열,1270,100.1
2010,진주산업대학교(산업대),인문ㆍ사회계열,1345,104.5
2010,차의과학대학교,인문ㆍ사회계열,200,100
2010,차의과학대학교,자연과학계열,240,115.8
2010,청운대학교,예ㆍ체능계열,800,89.3
2010,청운대학교,공학계열,1440,91.3
2010,청운대학교,자연과학계열,230,113
2010,청운대학교,인문ㆍ사회계열,3250,105.4
2010,청주교육대학교,예ㆍ체능계열,344,104.4
2010,청주교육대학교,자연과학계열,524,103.4
2010,청주교육대학교,인문ㆍ사회계열,724,107.6
2010,청주대학교,자연과학계열,1077,95.5
2010,청주대학교,공학계열,2341,105.4
2010,청주대학교,예ㆍ체능계열,2000,95.4
2010,청주대학교,인문ㆍ사회계열,6715,117.6
2010,초당대학교(산업대),예ㆍ체능계열,780,67.8
2010,초당대학교(산업대),공학계열,530,54
2010,초당대학교(산업대),자연과학계열,1765,81.1
2010,초당대학교(산업대),인문ㆍ사회계열,2445,71
2010,총신대학교,인문ㆍ사회계열,1160,121.8
2010,총신대학교,예ㆍ체능계열,280,112.9
2010,추계예술대학교,예ㆍ체능계열,900,108.1
2010,추계예술대학교,인문ㆍ사회계열,260,106.2
2010,춘천교육대학교,인문ㆍ사회계열,1822,104.7
2010,충남대학교,인문ㆍ사회계열,5018,125.3
2010,충남대학교,예ㆍ체능계열,980,98.9
2010,충남대학교,공학계열,4631,115.7
2010,충남대학교,의학계열,436,115.1
2010,충남대학교,자연과학계열,4690,102.7
2010,충북대학교,인문ㆍ사회계열,4080,115.4
2010,충북대학교,자연과학계열,3823,104.1
2010,충북대학교,공학계열,4171,115.4
2010,충북대학교,의학계열,284,93.7
2010,충북대학교,예ㆍ체능계열,410,98.5
2010,칼빈대학교,인문ㆍ사회계열,360,104.2
2010,칼빈대학교,예ㆍ체능계열,80,76.3
2010,탐라대학교,인문ㆍ사회계열,584,55.5
2010,탐라대학교,공학계열,148,30.4
2010,탐라대학교,예ㆍ체능계열,332,38.9
2010,평택대학교,자연과학계열,560,88.4
2010,평택대학교,인문ㆍ사회계열,2485,105
2010,평택대학교,예ㆍ체능계열,755,91.3
2010,포항공과대학교,공학계열,800,119.3
2010,포항공과대학교,자연과학계열,400,101.5
2010,한경대학교(산업대),예ㆍ체능계열,348,110.1
2010,한경대학교(산업대),공학계열,2944,97.9
2010,한경대학교(산업대),자연과학계열,1508,130.6
2010,한경대학교(산업대),인문ㆍ사회계열,880,130.2
2010,한국교원대학교,공학계열,160,114.4
2010,한국교원대학교,자연과학계열,586,103.4
2010,한국교원대학교,인문ㆍ사회계열,1293,105.5
2010,한국교원대학교,예ㆍ체능계열,240,104.2
2010,한국교통대학교(산업대),예ㆍ체능계열,180,95
2010,한국교통대학교(산업대),공학계열,4146,106
2010,한국교통대학교(산업대),자연과학계열,438,127.2
2010,한국교통대학교(산업대),인문ㆍ사회계열,1569,85.2
2010,한국국제대학교,인문ㆍ사회계열,2057,71.9
2010,한국국제대학교,자연과학계열,910,75.8
2010,한국국제대학교,공학계열,750,59.5
2010,한국국제대학교,예ㆍ체능계열,755,73.8
2010,한국기술교육대학교,공학계열,3004,105.1
2010,한국기술교육대학교,인문ㆍ사회계열,615,112.4
2010,한국방송통신대학교,인문ㆍ사회계열,187400,75.9
2010,한국방송통신대학교,자연과학계열,51400,71
2010,한국산업기술대학교(산업대),공학계열,5115,113.1
2010,한국산업기술대학교(산업대),인문ㆍ사회계열,405,133.6
2010,한국성서대학교,공학계열,160,93.8
2010,한국성서대학교,인문ㆍ사회계열,775,114.2
2010,한국성서대학교,자연과학계열,25,100
2010,한국예술종합학교,예ㆍ체능계열,2232,101.2
2010,한국외국어대학교,인문ㆍ사회계열,6778,126.9
2010,한국외국어대학교(용인) _분교,인문ㆍ사회계열,4813,116.9
2010,한국외국어대학교(용인) _분교,자연과학계열,1094,105
2010,한국외국어대학교(용인) _분교,공학계열,996,124.3
2010,한국전통문화대학교(각종),인문ㆍ사회계열,160,95
2010,한국전통문화대학교(각종),자연과학계열,80,76.3
2010,한국전통문화대학교(각종),공학계열,200,80.5
2010,한국전통문화대학교(각종),예ㆍ체능계열,160,96.3
2010,한국체육대학교,예ㆍ체능계열,2360,101.7
2010,한국침례신학대학교,예ㆍ체능계열,260,86.2
2010,한국침례신학대학교,인문ㆍ사회계열,1340,101.2
2010,한국항공대학교,공학계열,2400,121.4
2010,한국항공대학교,자연과학계열,540,133.7
2010,한국항공대학교,인문ㆍ사회계열,620,118.4
2010,한남대학교,인문ㆍ사회계열,6932,101.1
2010,한남대학교,자연과학계열,1545,88.5
2010,한남대학교,공학계열,2510,100.2
2010,한남대학교,예ㆍ체능계열,1043,93.6
2010,한동대학교,자연과학계열,313,93.6
2010,한동대학교,공학계열,788,94.3
2010,한동대학교,인문ㆍ사회계열,1939,136.8
2010,한라대학교,인문ㆍ사회계열,1660,89.3
2010,한라대학교,예ㆍ체능계열,280,77.9
2010,한라대학교,공학계열,2040,79.8
2010,한려대학교(산업대),예ㆍ체능계열,230,22.6
2010,한려대학교(산업대),공학계열,360,22.5
2010,한려대학교(산업대),인문ㆍ사회계열,996,27.4
2010,한려대학교(산업대),자연과학계열,870,67.2
2010,한림대학교,자연과학계열,2157,99.9
2010,한림대학교,공학계열,860,101.6
2010,한림대학교,의학계열,304,100
2010,한림대학교,예ㆍ체능계열,321,99.1
2010,한림대학교,인문ㆍ사회계열,3870,119.1
2010,한민학교,인문ㆍ사회계열,1040,68.5
2010,한민학교,예ㆍ체능계열,80,77.5
2010,한밭대학교(산업대),예ㆍ체능계열,460,102.2
2010,한밭대학교(산업대),공학계열,6108,103.5
2010,한밭대학교(산업대),인문ㆍ사회계열,1672,121.5
2010,한북대학교,인문ㆍ사회계열,720,74
2010,한북대학교,예ㆍ체능계열,200,61
2010,한북대학교,공학계열,140,83.6
2010,한북대학교,자연과학계열,190,80
2010,한서대학교,인문ㆍ사회계열,2076,104.6
2010,한서대학교,예ㆍ체능계열,1886,99.6
2010,한서대학교,공학계열,2064,97.2
2010,한서대학교,자연과학계열,1374,107.1
2010,한성대학교,공학계열,1880,101.8
2010,한성대학교,인문ㆍ사회계열,3160,108.3
2010,한성대학교,예ㆍ체능계열,1440,107.4
2010,한세대학교,예ㆍ체능계열,724,114.5
2010,한세대학교,공학계열,280,95.7
2010,한세대학교,인문ㆍ사회계열,1356,121.9
2010,한신대학교,인문ㆍ사회계열,3572,108.7
2010,한신대학교,자연과학계열,384,90.9
2010,한신대학교,공학계열,924,93.5
2010,한신대학교,예ㆍ체능계열,160,97.5
2010,한양대학교,자연과학계열,1609,118.4
2010,한양대학교,인문ㆍ사회계열,4238,142
2010,한양대학교,공학계열,4571,133.5
2010,한양대학교,예ㆍ체능계열,1246,104.3
2010,한양대학교,의학계열,330,107.9
2010,한양대학교(ERICA) _분교,인문ㆍ사회계열,2925,119.9
2010,한양대학교(ERICA) _분교,자연과학계열,800,97.5
2010,한양대학교(ERICA) _분교,공학계열,2675,128.8
2010,한양대학교(ERICA) _분교,예ㆍ체능계열,1355,102.4
2010,한일장신대학교,예ㆍ체능계열,180,96.1
2010,한일장신대학교,인문ㆍ사회계열,1220,90.7
2010,한중대학교,인문ㆍ사회계열,1240,65.4
2010,한중대학교,자연과학계열,460,99.6
2010,한중대학교,공학계열,753,42.9
2010,한중대학교,예ㆍ체능계열,643,57.7
2010,협성대학교,인문ㆍ사회계열,2620,104.2
2010,협성대학교,공학계열,560,83.9
2010,협성대학교,예ㆍ체능계열,980,99.7
2010,협성대학교,자연과학계열,160,107.5
2010,호남대학교,자연과학계열,792,94.6
2010,호남대학교,예ㆍ체능계열,1588,88.8
2010,호남대학교,공학계열,1797,87
2010,호남대학교,인문ㆍ사회계열,3375,99.2
2010,호남신학대학교,인문ㆍ사회계열,480,94.2
2010,호남신학대학교,예ㆍ체능계열,200,92
2010,호서대학교,예ㆍ체능계열,2060,91.3
2010,호서대학교,인문ㆍ사회계열,4190,105.4
2010,호서대학교,자연과학계열,1100,100.9
2010,호서대학교,공학계열,5290,95.7
2010,호원대학교,인문ㆍ사회계열,2200,108.5
2010,호원대학교,자연과학계열,380,80.5
2010,호원대학교,공학계열,1690,83.2
2010,호원대학교,예ㆍ체능계열,1580,73.7
2010,홍익대학교,예ㆍ체능계열,2000,122.6
2010,홍익대학교,공학계열,4205,114.2
2010,홍익대학교,자연과학계열,160,116.3
2010,홍익대학교,인문ㆍ사회계열,3560,112.9
2010,홍익대학교(세종) _분교,예ㆍ체능계열,1635,116.6
2010,홍익대학교(세종) _분교,공학계열,2482,99.4
2010,홍익대학교(세종) _분교,인문ㆍ사회계열,1720,112.6
2010,화성의과학대학교,예ㆍ체능계열,110,66.4
2010,화성의과학대학교,인문ㆍ사회계열,466,67.2
2010,화성의과학대학교,자연과학계열,150,66
2010,화성의과학대학교,공학계열,38,81.6
