기준연도,학교명,대학자체대계열,재적학생,중도탈락학생,중도탈락비율(%)
2020.0,가야대학교(김해),인문사회계열,1049.0,99,9.44
2020.0,가야대학교(김해),자연과학계열,1870.0,125,6.68
2020.0,가천대학교,공학계열,7699.0,272,3.53
2020.0,가천대학교,예체능계열,2594.0,115,4.43
2020.0,가천대학교,인문사회계열,9757.0,402,4.12
2020.0,가천대학교,자연과학계열,4962.0,130,2.62
2020.0,가톨릭관동대학교,공학계열,2279.0,148,6.49
2020.0,가톨릭관동대학교,예체능계열,3338.0,240,7.19
2020.0,가톨릭관동대학교,인문사회계열,2103.0,230,10.94
2020.0,가톨릭관동대학교,자연과학계열,2111.0,81,3.84
2020.0,가톨릭꽃동네대학교,인문사회계열,370.0,11,2.97
2020.0,가톨릭꽃동네대학교,자연과학계열,214.0,2,0.93
2020.0,가톨릭대학교,공학계열,2038.0,89,4.37
2020.0,가톨릭대학교,예체능계열,235.0,13,5.53
2020.0,가톨릭대학교,인문사회계열,5419.0,172,3.17
2020.0,가톨릭대학교,자연과학계열,1840.0,81,4.4
2020.0,가톨릭대학교 _제2캠퍼스,자연과학계열,960.0,6,0.62
2020.0,가톨릭대학교 _제3캠퍼스,인문사회계열,307.0,8,2.61
2020.0,감리교신학대학교,인문사회계열,1106.0,42,3.8
2020.0,강남대학교,공학계열,2086.0,125,5.99
2020.0,강남대학교,인문사회계열,5189.0,351,6.76
2020.0,강남대학교,자연과학계열,599.0,16,2.67
2020.0,강서대학교,예체능계열,168.0,21,12.5
2020.0,강서대학교,인문사회계열,1128.0,86,7.62
2020.0,강서대학교,자연과학계열,330.0,10,3.03
2020.0,강원대학교,공학계열,4583.0,159,3.47
2020.0,강원대학교,예체능계열,758.0,21,2.77
2020.0,강원대학교,인문사회계열,6281.0,218,3.47
2020.0,강원대학교,자연과학계열,8311.0,258,3.1
2020.0,강원대학교 _제2캠퍼스,공학계열,5160.0,291,5.64
2020.0,강원대학교 _제2캠퍼스,예체능계열,886.0,57,6.43
2020.0,강원대학교 _제2캠퍼스,인문사회계열,1053.0,111,10.54
2020.0,강원대학교 _제2캠퍼스,자연과학계열,1828.0,76,4.16
2020.0,건국대학교,공학계열,8967.0,292,3.26
2020.0,건국대학교,예체능계열,1911.0,41,2.15
2020.0,건국대학교,인문사회계열,8178.0,199,2.43
2020.0,건국대학교,자연과학계열,3987.0,115,2.88
2020.0,건국대학교(글로컬) _분교,공학계열,2207.0,92,4.17
2020.0,건국대학교(글로컬) _분교,예체능계열,2555.0,59,2.31
2020.0,건국대학교(글로컬) _분교,인문사회계열,2632.0,118,4.48
2020.0,건국대학교(글로컬) _분교,자연과학계열,2279.0,92,4.04
2020.0,건양대학교,인문사회계열,4556.0,202,4.43
2020.0,건양대학교 _제2캠퍼스,공학계열,1350.0,82,6.07
2020.0,건양대학교 _제2캠퍼스,자연과학계열,2828.0,49,1.73
2020.0,경기대학교,공학계열,5771.0,214,3.71
2020.0,경기대학교,예체능계열,2022.0,78,3.86
2020.0,경기대학교,인문사회계열,8598.0,326,3.79
2020.0,경기대학교 _제2캠퍼스,인문사회계열,2591.0,91,3.51
2020.0,경남과학기술대학교,공학계열,3109.0,178,5.73
2020.0,경남과학기술대학교,인문사회계열,1668.0,106,6.35
2020.0,경남과학기술대학교,자연과학계열,1652.0,87,5.27
2020.0,경남대학교,공학계열,5719.0,296,5.18
2020.0,경남대학교,인문사회계열,6841.0,477,6.97
2020.0,경남대학교,자연과학계열,3940.0,136,3.45
2020.0,경동대학교,공학계열,233.0,16,6.87
2020.0,경동대학교,예체능계열,60.0,10,16.67
2020.0,경동대학교,인문사회계열,1392.0,133,9.55
2020.0,경동대학교,자연과학계열,225.0,19,8.44
2020.0,경동대학교 _제3캠퍼스,자연과학계열,4620.0,124,2.68
2020.0,경동대학교 _제4캠퍼스,공학계열,1094.0,53,4.84
2020.0,경동대학교 _제4캠퍼스,예체능계열,397.0,30,7.56
2020.0,경동대학교 _제4캠퍼스,인문사회계열,1615.0,75,4.64
2020.0,경동대학교 _제4캠퍼스,자연과학계열,179.0,10,5.59
2020.0,경북대학교,공학계열,11390.0,464,4.07
2020.0,경북대학교,예체능계열,708.0,14,1.98
2020.0,경북대학교,인문사회계열,7561.0,178,2.35
2020.0,경북대학교,자연과학계열,10704.0,417,3.9
2020.0,경상국립대학교,공학계열,6135.0,288,4.69
2020.0,경상국립대학교,인문사회계열,5533.0,244,4.41
2020.0,경상국립대학교,자연과학계열,7329.0,233,3.18
2020.0,경성대학교,공학계열,4394.0,255,5.8
2020.0,경성대학교,예체능계열,2863.0,146,5.1
2020.0,경성대학교,인문사회계열,7852.0,373,4.75
2020.0,경성대학교,자연과학계열,1696.0,65,3.83
2020.0,경운대학교,공학계열,2661.0,242,9.09
2020.0,경운대학교,인문사회계열,1160.0,156,13.45
2020.0,경운대학교,자연과학계열,2202.0,85,3.86
2020.0,경인교육대학교,예체능계열,296.0,5,1.69
2020.0,경인교육대학교,인문사회계열,658.0,6,0.91
2020.0,경인교육대학교,자연과학계열,359.0,8,2.23
2020.0,경인교육대학교 _제2캠퍼스,예체능계열,281.0,0,0.0
2020.0,경인교육대학교 _제2캠퍼스,인문사회계열,731.0,2,0.27
2020.0,경인교육대학교 _제2캠퍼스,자연과학계열,408.0,1,0.25
2020.0,경일대학교,공학계열,4861.0,305,6.27
2020.0,경일대학교,예체능계열,4191.0,256,6.11
2020.0,경일대학교,인문사회계열,181.0,19,10.5
2020.0,경희대학교,공학계열,6500.0,267,4.11
2020.0,경희대학교,예체능계열,5598.0,184,3.29
2020.0,경희대학교,인문사회계열,14477.0,396,2.74
2020.0,경희대학교,자연과학계열,7920.0,284,3.59
2020.0,계명대학교,공학계열,5722.0,284,4.96
2020.0,계명대학교,예체능계열,3965.0,161,4.06
2020.0,계명대학교,인문사회계열,14203.0,682,4.8
2020.0,계명대학교,자연과학계열,4304.0,150,3.49
2020.0,고려대학교,공학계열,6080.0,175,2.88
2020.0,고려대학교,예체능계열,1052.0,15,1.43
2020.0,고려대학교,인문사회계열,12074.0,165,1.37
2020.0,고려대학교,자연과학계열,8548.0,388,4.54
2020.0,고려대학교(세종) _분교,공학계열,3792.0,209,5.51
2020.0,고려대학교(세종) _분교,인문사회계열,5200.0,218,4.19
2020.0,고려대학교(세종) _분교,자연과학계열,152.0,0,0.0
2020.0,고신대학교,인문사회계열,2903.0,241,8.3
2020.0,고신대학교,자연과학계열,1881.0,70,3.72
2020.0,공주교육대학교,자연과학계열,1490.0,38,2.55
2020.0,광신대학교,예체능계열,139.0,17,12.23
2020.0,광신대학교,인문사회계열,461.0,49,10.63
2020.0,광운대학교,공학계열,5875.0,204,3.47
2020.0,광운대학교,인문사회계열,3451.0,170,4.93
2020.0,광운대학교,자연과학계열,1014.0,52,5.13
2020.0,광주가톨릭대학교,인문사회계열,129.0,5,3.88
2020.0,광주과학기술원,공학계열,461.0,7,1.52
2020.0,광주과학기술원,인문사회계열,253.0,15,5.93
2020.0,광주과학기술원,자연과학계열,251.0,4,1.59
2020.0,광주교육대학교,예체능계열,341.0,6,1.76
2020.0,광주교육대학교,인문사회계열,599.0,13,2.17
2020.0,광주교육대학교,자연과학계열,449.0,13,2.9
2020.0,광주대학교,공학계열,2035.0,154,7.57
2020.0,광주대학교,예체능계열,964.0,106,11.0
2020.0,광주대학교,인문사회계열,3080.0,263,8.54
2020.0,광주대학교,자연과학계열,2901.0,162,5.58
2020.0,광주여자대학교,예체능계열,132.0,11,8.33
2020.0,광주여자대학교,인문사회계열,1799.0,94,5.23
2020.0,광주여자대학교,자연과학계열,2046.0,86,4.2
2020.0,국립강릉원주대학교,공학계열,1371.0,82,5.98
2020.0,국립강릉원주대학교,예체능계열,789.0,46,5.83
2020.0,국립강릉원주대학교,인문사회계열,3045.0,209,6.86
2020.0,국립강릉원주대학교,자연과학계열,2783.0,138,4.96
2020.0,국립강릉원주대학교 _제2캠퍼스,공학계열,1933.0,83,4.29
2020.0,국립강릉원주대학교 _제2캠퍼스,인문사회계열,938.0,21,2.24
2020.0,국립경국대학교,공학계열,2564.0,155,6.05
2020.0,국립경국대학교,인문사회계열,3056.0,186,6.09
2020.0,국립경국대학교,자연과학계열,2988.0,121,4.05
2020.0,국립공주대학교,공학계열,5538.0,237,4.28
2020.0,국립공주대학교,예체능계열,947.0,38,4.01
2020.0,국립공주대학교,인문사회계열,4562.0,246,5.39
2020.0,국립공주대학교,자연과학계열,4879.0,174,3.57
2020.0,국립군산대학교,공학계열,5702.0,338,5.93
2020.0,국립군산대학교,예체능계열,408.0,22,5.39
2020.0,국립군산대학교,인문사회계열,2695.0,180,6.68
2020.0,국립군산대학교,자연과학계열,1127.0,80,7.1
2020.0,국립금오공과대학교,공학계열,7629.0,289,3.79
2020.0,국립금오공과대학교,인문사회계열,267.0,7,2.62
2020.0,국립금오공과대학교,자연과학계열,186.0,1,0.54
2020.0,국립목포대학교,공학계열,3398.0,175,5.15
2020.0,국립목포대학교,예체능계열,843.0,63,7.47
2020.0,국립목포대학교,인문사회계열,3702.0,228,6.16
2020.0,국립목포대학교,자연과학계열,1913.0,103,5.38
2020.0,국립목포해양대학교,공학계열,3081.0,164,5.32
2020.0,국립부경대학교,공학계열,11037.0,409,3.71
2020.0,국립부경대학교,인문사회계열,6921.0,280,4.05
2020.0,국립부경대학교,자연과학계열,4337.0,188,4.33
2020.0,국립순천대학교,공학계열,2862.0,198,6.92
2020.0,국립순천대학교,인문사회계열,3366.0,207,6.15
2020.0,국립순천대학교,자연과학계열,3275.0,150,4.58
2020.0,국립창원대학교,공학계열,4012.0,167,4.16
2020.0,국립창원대학교,예체능계열,639.0,41,6.42
2020.0,국립창원대학교,인문사회계열,4390.0,209,4.76
2020.0,국립창원대학교,자연과학계열,1623.0,94,5.79
2020.0,국립한국교통대학교,공학계열,8480.0,417,4.92
2020.0,국립한국교통대학교,인문사회계열,2761.0,135,4.89
2020.0,국립한국해양대학교,공학계열,6209.0,235,3.78
2020.0,국립한국해양대학교,인문사회계열,1817.0,75,4.13
2020.0,국립한밭대학교,공학계열,7106.0,359,5.05
2020.0,국립한밭대학교,인문사회계열,2241.0,125,5.58
2020.0,국민대학교,공학계열,7434.0,232,3.12
2020.0,국민대학교,예체능계열,3536.0,81,2.29
2020.0,국민대학교,인문사회계열,9232.0,334,3.62
2020.0,국민대학교,인문사회계열,298.0,11,3.69
2020.0,국민대학교,자연과학계열,54.0,1,1.85
2020.0,극동대학교,공학계열,1640.0,80,4.88
2020.0,극동대학교,예체능계열,1051.0,58,5.52
2020.0,극동대학교,인문사회계열,1283.0,73,5.69
2020.0,극동대학교,자연과학계열,1217.0,44,3.62
2020.0,금강대학교,인문사회계열,575.0,72,12.52
2020.0,김천대학교,공학계열,531.0,78,14.69
2020.0,김천대학교,예체능계열,989.0,145,14.66
2020.0,김천대학교,자연과학계열,2305.0,163,7.07
2020.0,나사렛대학교,공학계열,126.0,13,10.32
2020.0,나사렛대학교,예체능계열,1117.0,82,7.34
2020.0,나사렛대학교,인문사회계열,4070.0,238,5.85
2020.0,나사렛대학교,인문사회계열,38.0,3,7.89
2020.0,나사렛대학교,자연과학계열,1422.0,47,3.31
2020.0,남부대학교,공학계열,435.0,47,10.8
2020.0,남부대학교,예체능계열,337.0,36,10.68
2020.0,남부대학교,인문사회계열,925.0,79,8.54
2020.0,남부대학교,자연과학계열,2029.0,97,4.78
2020.0,남서울대학교,공학계열,3655.0,216,5.91
2020.0,남서울대학교,예체능계열,1427.0,69,4.84
2020.0,남서울대학교,인문사회계열,4338.0,297,6.85
2020.0,남서울대학교,자연과학계열,3142.0,112,3.56
2020.0,단국대학교,공학계열,5060.0,170,3.36
2020.0,단국대학교,예체능계열,1874.0,59,3.15
2020.0,단국대학교,인문사회계열,5111.0,160,3.13
2020.0,단국대학교,자연과학계열,879.0,31,3.53
2020.0,단국대학교 _제2캠퍼스,공학계열,1322.0,99,7.49
2020.0,단국대학교 _제2캠퍼스,예체능계열,2221.0,108,4.86
2020.0,단국대학교 _제2캠퍼스,인문사회계열,3238.0,163,5.03
2020.0,단국대학교 _제2캠퍼스,자연과학계열,4221.0,109,2.58
2020.0,대구가톨릭대학교,공학계열,3476.0,191,5.49
2020.0,대구가톨릭대학교,예체능계열,1726.0,120,6.95
2020.0,대구가톨릭대학교,인문사회계열,9362.0,532,5.68
2020.0,대구가톨릭대학교,자연과학계열,1904.0,45,2.36
2020.0,대구경북과학기술원,자연과학계열,952.0,33,3.47
2020.0,대구교육대학교,예체능계열,373.0,8,2.14
2020.0,대구교육대학교,인문사회계열,738.0,15,2.03
2020.0,대구교육대학교,자연과학계열,547.0,17,3.11
2020.0,대구대학교,공학계열,5658.0,352,6.22
2020.0,대구대학교,예체능계열,1578.0,98,6.21
2020.0,대구대학교,인문사회계열,12061.0,755,6.26
2020.0,대구대학교,자연과학계열,4915.0,190,3.87
2020.0,대구예술대학교,예체능계열,1298.0,159,12.25
2020.0,대구예술대학교,인문사회계열,226.0,18,7.96
2020.0,대구한의대학교,인문사회계열,184.0,28,15.22
2020.0,대구한의대학교,자연과학계열,8377.0,515,6.15
2020.0,대신대학교,예체능계열,205.0,42,20.49
2020.0,대신대학교,인문사회계열,449.0,76,16.93
2020.0,대전가톨릭대학교,인문사회계열,58.0,6,10.34
2020.0,대전대학교,공학계열,3439.0,206,5.99
2020.0,대전대학교,예체능계열,496.0,33,6.65
2020.0,대전대학교,인문사회계열,6295.0,444,7.05
2020.0,대전대학교,자연과학계열,2413.0,80,3.32
2020.0,대전신학대학교,인문사회계열,102.0,8,7.84
2020.0,대진대학교,공학계열,4432.0,224,5.05
2020.0,대진대학교,인문사회계열,5578.0,312,5.59
2020.0,덕성여자대학교,공학계열,868.0,42,4.84
2020.0,덕성여자대학교,예체능계열,776.0,14,1.8
2020.0,덕성여자대학교,인문사회계열,3884.0,106,2.73
2020.0,덕성여자대학교,자연과학계열,1396.0,42,3.01
2020.0,동국대학교,공학계열,4888.0,154,3.15
2020.0,동국대학교,예체능계열,1193.0,26,2.18
2020.0,동국대학교,인문사회계열,8982.0,223,2.48
2020.0,동국대학교,자연과학계열,3390.0,123,3.63
2020.0,동국대학교(WISE) _분교,공학계열,2855.0,162,5.67
2020.0,동국대학교(WISE) _분교,인문사회계열,6369.0,402,6.31
2020.0,동국대학교(WISE) _분교,자연과학계열,1415.0,27,1.91
2020.0,동덕여자대학교,예체능계열,2289.0,78,3.41
2020.0,동덕여자대학교,인문사회계열,3420.0,154,4.5
2020.0,동덕여자대학교,자연과학계열,1779.0,41,2.3
2020.0,동명대학교,공학계열,6419.0,398,6.2
2020.0,동명대학교,인문사회계열,3523.0,249,7.07
2020.0,동명대학교,자연과학계열,1797.0,83,4.62
2020.0,동서대학교,공학계열,4781.0,279,5.84
2020.0,동서대학교,예체능계열,1762.0,89,5.05
2020.0,동서대학교,인문사회계열,6108.0,421,6.89
2020.0,동서대학교,자연과학계열,1697.0,38,2.24
2020.0,동신대학교,공학계열,2281.0,151,6.62
2020.0,동신대학교,인문사회계열,5004.0,342,6.83
2020.0,동신대학교,자연과학계열,1060.0,35,3.3
2020.0,동아대학교,공학계열,8498.0,354,4.17
2020.0,동아대학교,예체능계열,1189.0,63,5.3
2020.0,동아대학교,인문사회계열,10660.0,386,3.62
2020.0,동아대학교,자연과학계열,3664.0,152,4.15
2020.0,동양대학교,공학계열,2272.0,152,6.69
2020.0,동양대학교,예체능계열,1059.0,91,8.59
2020.0,동양대학교,인문사회계열,1938.0,174,8.98
2020.0,동양대학교,자연과학계열,330.0,8,2.42
2020.0,동의대학교,공학계열,9177.0,469,5.11
2020.0,동의대학교,예체능계열,1702.0,102,5.99
2020.0,동의대학교,인문사회계열,8135.0,433,5.32
2020.0,동의대학교,자연과학계열,1986.0,44,2.22
2020.0,루터대학교,인문사회계열,417.0,19,4.56
2020.0,명지대학교,공학계열,5407.0,217,4.01
2020.0,명지대학교,예체능계열,1757.0,71,4.04
2020.0,명지대학교,인문사회계열,684.0,27,3.95
2020.0,명지대학교,자연과학계열,1043.0,58,5.56
2020.0,명지대학교 _제2캠퍼스,공학계열,828.0,32,3.86
2020.0,명지대학교 _제2캠퍼스,인문사회계열,9663.0,364,3.77
2020.0,목원대학교,공학계열,2099.0,131,6.24
2020.0,목원대학교,예체능계열,2797.0,154,5.51
2020.0,목원대학교,인문사회계열,3187.0,227,7.12
2020.0,목원대학교,자연과학계열,2243.0,111,4.95
2020.0,목포가톨릭대학교,인문사회계열,151.0,8,5.3
2020.0,목포가톨릭대학교,자연과학계열,416.0,7,1.68
2020.0,배재대학교,공학계열,2358.0,121,5.13
2020.0,배재대학교,예체능계열,1930.0,142,7.36
2020.0,배재대학교,인문사회계열,5134.0,323,6.29
2020.0,배재대학교,자연과학계열,1463.0,65,4.44
2020.0,백석대학교,예체능계열,3451.0,181,5.24
2020.0,백석대학교,인문사회계열,8525.0,373,4.38
2020.0,백석대학교,자연과학계열,3837.0,136,3.54
2020.0,부산가톨릭대학교,인문사회계열,1179.0,85,7.21
2020.0,부산가톨릭대학교,자연과학계열,3572.0,136,3.81
2020.0,부산교육대학교,예체능계열,361.0,2,0.55
2020.0,부산교육대학교,인문사회계열,714.0,11,1.54
2020.0,부산교육대학교,자연과학계열,493.0,10,2.03
2020.0,부산대학교,공학계열,9283.0,309,3.33
2020.0,부산대학교,예체능계열,1771.0,50,2.82
2020.0,부산대학교,인문사회계열,7840.0,200,2.55
2020.0,부산대학교,자연과학계열,9109.0,377,4.14
2020.0,부산외국어대학교,공학계열,981.0,77,7.85
2020.0,부산외국어대학교,인문사회계열,10456.0,608,5.81
2020.0,부산장신대학교,인문사회계열,174.0,18,10.34
2020.0,부산장신대학교,자연과학계열,103.0,4,3.88
2020.0,삼육대학교,공학계열,1945.0,70,3.6
2020.0,삼육대학교,예체능계열,1003.0,42,4.19
2020.0,삼육대학교,인문사회계열,3753.0,138,3.68
2020.0,삼육대학교,자연과학계열,554.0,10,1.81
2020.0,상명대학교,공학계열,2300.0,77,3.35
2020.0,상명대학교,예체능계열,1525.0,50,3.28
2020.0,상명대학교,인문사회계열,4275.0,170,3.98
2020.0,상명대학교,자연과학계열,975.0,44,4.51
2020.0,상명대학교 _제2캠퍼스,공학계열,3978.0,160,4.02
2020.0,상명대학교 _제2캠퍼스,예체능계열,2826.0,99,3.5
2020.0,상명대학교 _제2캠퍼스,인문사회계열,1099.0,59,5.37
2020.0,상지대학교,공학계열,1763.0,121,6.86
2020.0,상지대학교,예체능계열,1106.0,52,4.7
2020.0,상지대학교,인문사회계열,3781.0,259,6.85
2020.0,상지대학교,자연과학계열,2654.0,135,5.09
2020.0,서강대학교,공학계열,2738.0,102,3.73
2020.0,서강대학교,인문사회계열,7989.0,209,2.62
2020.0,서강대학교,자연과학계열,1315.0,64,4.87
2020.0,서경대학교,공학계열,2994.0,158,5.28
2020.0,서경대학교,예체능계열,2782.0,143,5.14
2020.0,서경대학교,인문사회계열,2703.0,137,5.07
2020.0,서울과학기술대학교,공학계열,9823.0,299,3.04
2020.0,서울과학기술대학교,예체능계열,3374.0,92,2.73
2020.0,서울과학기술대학교,인문사회계열,766.0,34,4.44
2020.0,서울교육대학교,예체능계열,370.0,2,0.54
2020.0,서울교육대학교,인문사회계열,742.0,12,1.62
2020.0,서울교육대학교,자연과학계열,494.0,14,2.83
2020.0,서울기독대학교,예체능계열,121.0,13,10.74
2020.0,서울기독대학교,인문사회계열,370.0,35,9.46
2020.0,서울대학교,공학계열,5268.0,99,1.88
2020.0,서울대학교,예체능계열,1455.0,11,0.76
2020.0,서울대학교,인문사회계열,6710.0,44,0.66
2020.0,서울대학교,자연과학계열,7956.0,164,2.06
2020.0,서울시립대학교,공학계열,4889.0,136,2.78
2020.0,서울시립대학교,예체능계열,831.0,24,2.89
2020.0,서울시립대학교,인문사회계열,5382.0,130,2.42
2020.0,서울시립대학교,자연과학계열,1120.0,57,5.09
2020.0,서울신학대학교,예체능계열,491.0,29,5.91
2020.0,서울신학대학교,인문사회계열,2278.0,106,4.65
2020.0,서울여자대학교,공학계열,997.0,40,4.01
2020.0,서울여자대학교,예체능계열,564.0,19,3.37
2020.0,서울여자대학교,인문사회계열,4435.0,232,5.23
2020.0,서울여자대학교,자연과학계열,1591.0,88,5.53
2020.0,서울장신대학교,예체능계열,115.0,13,11.3
2020.0,서울장신대학교,인문사회계열,484.0,23,4.75
2020.0,서울한영대학교,예체능계열,81.0,9,11.11
2020.0,서울한영대학교,인문사회계열,797.0,61,7.65
2020.0,서원대학교,공학계열,2483.0,124,4.99
2020.0,서원대학교,인문사회계열,4774.0,273,5.72
2020.0,서원대학교,자연과학계열,1686.0,56,3.32
2020.0,선문대학교,공학계열,4470.0,274,6.13
2020.0,선문대학교,인문사회계열,5875.0,345,5.87
2020.0,선문대학교,자연과학계열,2341.0,119,5.08
2020.0,성결대학교,공학계열,1502.0,68,4.53
2020.0,성결대학교,예체능계열,857.0,41,4.78
2020.0,성결대학교,인문사회계열,3612.0,180,4.98
2020.0,성결대학교,자연과학계열,461.0,5,1.08
2020.0,성공회대학교,공학계열,895.0,43,4.8
2020.0,성공회대학교,인문사회계열,2016.0,114,5.65
2020.0,성균관대학교,공학계열,7133.0,260,3.65
2020.0,성균관대학교,예체능계열,2031.0,78,3.84
2020.0,성균관대학교,인문사회계열,12277.0,363,2.96
2020.0,성균관대학교,자연과학계열,4459.0,213,4.78
2020.0,성신여자대학교,공학계열,1451.0,41,2.83
2020.0,성신여자대학교,예체능계열,2331.0,45,1.93
2020.0,성신여자대학교,인문사회계열,4465.0,181,4.05
2020.0,성신여자대학교,자연과학계열,1853.0,47,2.54
2020.0,세명대학교,공학계열,2701.0,162,6.0
2020.0,세명대학교,인문사회계열,5265.0,335,6.36
2020.0,세명대학교,자연과학계열,2734.0,97,3.55
2020.0,세종대학교,공학계열,6832.0,291,4.26
2020.0,세종대학교,예체능계열,1740.0,87,5.0
2020.0,세종대학교,인문사회계열,4861.0,229,4.71
2020.0,세종대학교,자연과학계열,1884.0,98,5.2
2020.0,세한대학교,공학계열,491.0,36,7.33
2020.0,세한대학교,예체능계열,193.0,29,15.03
2020.0,세한대학교,인문사회계열,1647.0,196,11.9
2020.0,세한대학교,자연과학계열,854.0,38,4.45
2020.0,송원대학교,공학계열,1194.0,117,9.8
2020.0,송원대학교,예체능계열,439.0,24,5.47
2020.0,송원대학교,인문사회계열,2109.0,135,6.4
2020.0,수원가톨릭대학교,인문사회계열,174.0,6,3.45
2020.0,수원대학교,공학계열,4029.0,198,4.91
2020.0,수원대학교,예체능계열,2058.0,170,8.26
2020.0,수원대학교,인문사회계열,4078.0,248,6.08
2020.0,수원대학교,자연과학계열,1338.0,49,3.66
2020.0,숙명여자대학교,공학계열,1834.0,75,4.09
2020.0,숙명여자대학교,예체능계열,1687.0,20,1.19
2020.0,숙명여자대학교,인문사회계열,6197.0,109,1.76
2020.0,숙명여자대학교,자연과학계열,2373.0,94,3.96
2020.0,순복음총회신학교,예체능계열,32.0,2,6.25
2020.0,순복음총회신학교,인문사회계열,69.0,4,5.8
2020.0,순천향대학교,공학계열,5698.0,236,4.14
2020.0,순천향대학교,인문사회계열,4341.0,179,4.12
2020.0,순천향대학교,자연과학계열,4185.0,165,3.94
2020.0,숭실대학교,공학계열,7843.0,203,2.59
2020.0,숭실대학교,인문사회계열,10187.0,308,3.02
2020.0,숭실대학교,자연과학계열,1358.0,63,4.64
2020.0,신경주대학교,예체능계열,354.0,77,21.75
2020.0,신경주대학교,인문사회계열,790.0,178,22.53
2020.0,신경주대학교,자연과학계열,342.0,44,12.87
2020.0,신라대학교,공학계열,2719.0,201,7.39
2020.0,신라대학교,예체능계열,895.0,84,9.39
2020.0,신라대학교,인문사회계열,5380.0,311,5.78
2020.0,신라대학교,자연과학계열,1961.0,91,4.64
2020.0,신한대학교,인문사회계열,361.0,21,5.82
2020.0,신한대학교,자연과학계열,1507.0,41,2.72
2020.0,신한대학교 _제2캠퍼스,예체능계열,944.0,60,6.36
2020.0,신한대학교 _제2캠퍼스,인문사회계열,2877.0,118,4.1
2020.0,신한대학교 _제2캠퍼스,자연과학계열,2663.0,105,3.94
2020.0,아신대학교,인문사회계열,838.0,99,11.81
2020.0,아주대학교,공학계열,7468.0,221,2.96
2020.0,아주대학교,인문사회계열,4386.0,149,3.4
2020.0,아주대학교,자연과학계열,1785.0,69,3.87
2020.0,안양대학교,공학계열,2265.0,94,4.15
2020.0,안양대학교,예체능계열,164.0,12,7.32
2020.0,안양대학교,인문사회계열,2693.0,145,5.38
2020.0,안양대학교 _제2캠퍼스,공학계열,212.0,16,7.55
2020.0,안양대학교 _제2캠퍼스,인문사회계열,235.0,19,8.09
2020.0,연세대학교,공학계열,5369.0,114,2.12
2020.0,연세대학교,예체능계열,657.0,6,0.91
2020.0,연세대학교,인문사회계열,16798.0,383,2.28
2020.0,연세대학교,자연과학계열,3590.0,57,1.59
2020.0,연세대학교(미래) _분교,공학계열,2463.0,116,4.71
2020.0,연세대학교(미래) _분교,인문사회계열,4060.0,128,3.15
2020.0,연세대학교(미래) _분교,자연과학계열,3384.0,82,2.42
2020.0,영남대학교,공학계열,10087.0,370,3.67
2020.0,영남대학교,예체능계열,1908.0,72,3.77
2020.0,영남대학교,인문사회계열,8990.0,392,4.36
2020.0,영남대학교,자연과학계열,6611.0,262,3.96
2020.0,영남신학대학교,인문사회계열,575.0,56,9.74
2020.0,영산대학교,공학계열,1424.0,199,13.97
2020.0,영산대학교,인문사회계열,1264.0,179,14.16
2020.0,영산대학교,자연과학계열,1024.0,44,4.3
2020.0,영산대학교 _제2캠퍼스,공학계열,609.0,54,8.87
2020.0,영산대학교 _제2캠퍼스,예체능계열,1329.0,138,10.38
2020.0,영산대학교 _제2캠퍼스,인문사회계열,2936.0,256,8.72
2020.0,영산선학대학교,인문사회계열,47.0,2,4.26
2020.0,예수대학교,인문사회계열,78.0,5,6.41
2020.0,예수대학교,자연과학계열,537.0,7,1.3
2020.0,예원예술대학교,예체능계열,1243.0,127,10.22
2020.0,예원예술대학교,인문사회계열,80.0,10,12.5
2020.0,예원예술대학교 _제2캠퍼스,예체능계열,515.0,60,11.65
2020.0,용인대학교,예체능계열,5308.0,371,6.99
2020.0,용인대학교,인문사회계열,1917.0,164,8.56
2020.0,용인대학교,자연과학계열,858.0,59,6.88
2020.0,우석대학교,공학계열,1870.0,141,7.54
2020.0,우석대학교,예체능계열,1126.0,91,8.08
2020.0,우석대학교,인문사회계열,4377.0,337,7.7
2020.0,우석대학교,자연과학계열,2186.0,65,2.97
2020.0,우송대학교,공학계열,3557.0,144,4.05
2020.0,우송대학교,예체능계열,978.0,47,4.81
2020.0,우송대학교,인문사회계열,6459.0,329,5.09
2020.0,우송대학교,자연과학계열,1772.0,50,2.82
2020.0,울산과학기술원,공학계열,2197.0,56,2.55
2020.0,울산과학기술원,인문사회계열,297.0,9,3.03
2020.0,울산과학기술원,자연과학계열,338.0,8,2.37
2020.0,울산대학교,공학계열,6860.0,269,3.92
2020.0,울산대학교,예체능계열,1251.0,54,4.32
2020.0,울산대학교,인문사회계열,5874.0,281,4.78
2020.0,울산대학교,자연과학계열,3460.0,166,4.8
2020.0,원광대학교,공학계열,5795.0,314,5.42
2020.0,원광대학교,예체능계열,994.0,52,5.23
2020.0,원광대학교,인문사회계열,6562.0,473,7.21
2020.0,원광대학교,자연과학계열,7983.0,391,4.9
2020.0,위덕대학교,공학계열,693.0,138,19.91
2020.0,위덕대학교,예체능계열,321.0,64,19.94
2020.0,위덕대학교,인문사회계열,1759.0,220,12.51
2020.0,위덕대학교,자연과학계열,927.0,59,6.36
2020.0,유원대학교,공학계열,1193.0,112,9.39
2020.0,유원대학교,예체능계열,479.0,61,12.73
2020.0,유원대학교,인문사회계열,1828.0,170,9.3
2020.0,유원대학교,자연과학계열,1643.0,123,7.49
2020.0,을지대학교,자연과학계열,813.0,17,2.09
2020.0,을지대학교 _제2캠퍼스,자연과학계열,3153.0,82,2.6
2020.0,이화여자대학교,공학계열,1929.0,38,1.97
2020.0,이화여자대학교,예체능계열,2579.0,36,1.4
2020.0,이화여자대학교,인문사회계열,8561.0,162,1.89
2020.0,이화여자대학교,자연과학계열,5085.0,144,2.83
2020.0,인제대학교,공학계열,4449.0,244,5.48
2020.0,인제대학교,예체능계열,131.0,5,3.82
2020.0,인제대학교,인문사회계열,3914.0,249,6.36
2020.0,인제대학교,자연과학계열,3100.0,93,3.0
2020.0,인천가톨릭대학교,인문사회계열,90.0,4,4.44
2020.0,인천가톨릭대학교 _제2캠퍼스,예체능계열,548.0,27,4.93
2020.0,인천가톨릭대학교 _제2캠퍼스,자연과학계열,191.0,4,2.09
2020.0,인천대학교,공학계열,6459.0,257,3.98
2020.0,인천대학교,예체능계열,1379.0,65,4.71
2020.0,인천대학교,인문사회계열,5376.0,202,3.76
2020.0,인천대학교,자연과학계열,1982.0,87,4.39
2020.0,인하대학교,공학계열,11788.0,306,2.6
2020.0,인하대학교,예체능계열,1018.0,37,3.63
2020.0,인하대학교,인문사회계열,8813.0,243,2.76
2020.0,인하대학교,자연과학계열,3758.0,118,3.14
2020.0,장로회신학대학교,인문사회계열,893.0,26,2.91
2020.0,전남대학교,공학계열,5489.0,253,4.61
2020.0,전남대학교,예체능계열,941.0,44,4.68
2020.0,전남대학교,인문사회계열,6922.0,233,3.37
2020.0,전남대학교,자연과학계열,8979.0,286,3.19
2020.0,전남대학교 _제2캠퍼스,공학계열,2944.0,168,5.71
2020.0,전남대학교 _제2캠퍼스,인문사회계열,1161.0,70,6.03
2020.0,전북대학교,공학계열,8532.0,313,3.67
2020.0,전북대학교,예체능계열,795.0,25,3.14
2020.0,전북대학교,인문사회계열,6697.0,246,3.67
2020.0,전북대학교,자연과학계열,8837.0,357,4.04
2020.0,전주교육대학교,예체능계열,310.0,1,0.32
2020.0,전주교육대학교,인문사회계열,509.0,7,1.38
2020.0,전주교육대학교,자연과학계열,395.0,4,1.01
2020.0,전주대학교,공학계열,5351.0,269,5.03
2020.0,전주대학교,예체능계열,37.0,6,16.22
2020.0,전주대학교,인문사회계열,7358.0,418,5.68
2020.0,전주대학교,자연과학계열,2899.0,107,3.69
2020.0,제주국제대학교,공학계열,454.0,60,13.22
2020.0,제주국제대학교,예체능계열,261.0,50,19.16
2020.0,제주국제대학교,인문사회계열,453.0,66,14.57
2020.0,제주국제대학교,자연과학계열,78.0,9,11.54
2020.0,제주대학교,공학계열,3875.0,236,6.09
2020.0,제주대학교,예체능계열,636.0,41,6.45
2020.0,제주대학교,인문사회계열,5442.0,255,4.69
2020.0,제주대학교,자연과학계열,3981.0,182,4.57
2020.0,조선대학교,공학계열,9943.0,465,4.68
2020.0,조선대학교,예체능계열,5748.0,295,5.13
2020.0,조선대학교,인문사회계열,8317.0,440,5.29
2020.0,조선대학교,자연과학계열,3328.0,73,2.19
2020.0,중부대학교,공학계열,2281.0,111,4.87
2020.0,중부대학교,예체능계열,2442.0,150,6.14
2020.0,중부대학교,인문사회계열,5189.0,351,6.76
2020.0,중부대학교,자연과학계열,2226.0,122,5.48
2020.0,중앙대학교,공학계열,5838.0,202,3.46
2020.0,중앙대학교,예체능계열,654.0,11,1.68
2020.0,중앙대학교,인문사회계열,14122.0,366,2.59
2020.0,중앙대학교,자연과학계열,4823.0,156,3.23
2020.0,중앙대학교 _제2캠퍼스,공학계열,239.0,9,3.77
2020.0,중앙대학교 _제2캠퍼스,예체능계열,4748.0,153,3.22
2020.0,중앙대학교 _제2캠퍼스,인문사회계열,193.0,25,12.95
2020.0,중앙대학교 _제2캠퍼스,자연과학계열,1711.0,71,4.15
2020.0,중앙승가대학교,인문사회계열,147.0,12,8.16
2020.0,중원대학교,공학계열,1152.0,91,7.9
2020.0,중원대학교,예체능계열,1502.0,236,15.71
2020.0,중원대학교,인문사회계열,1707.0,303,17.75
2020.0,중원대학교,자연과학계열,1196.0,76,6.35
2020.0,진주교육대학교,예체능계열,349.0,5,1.43
2020.0,진주교육대학교,인문사회계열,563.0,5,0.89
2020.0,진주교육대학교,자연과학계열,459.0,14,3.05
2020.0,차의과학대학교,공학계열,786.0,27,3.44
2020.0,차의과학대학교,자연과학계열,1971.0,67,3.4
2020.0,창신대학교,인문사회계열,829.0,77,9.29
2020.0,창신대학교,자연과학계열,1492.0,53,3.55
2020.0,청운대학교,공학계열,1579.0,83,5.26
2020.0,청운대학교,예체능계열,1449.0,141,9.73
2020.0,청운대학교,인문사회계열,2655.0,207,7.8
2020.0,청운대학교,자연과학계열,1245.0,64,5.14
2020.0,청주교육대학교,예체능계열,315.0,7,2.22
2020.0,청주교육대학교,인문사회계열,515.0,9,1.75
2020.0,청주교육대학교,자연과학계열,404.0,12,2.97
2020.0,청주대학교,공학계열,5413.0,225,4.16
2020.0,청주대학교,예체능계열,1911.0,66,3.45
2020.0,청주대학교,인문사회계열,6486.0,313,4.83
2020.0,청주대학교,자연과학계열,2272.0,63,2.77
2020.0,초당대학교,공학계열,1055.0,100,9.48
2020.0,초당대학교,예체능계열,379.0,67,17.68
2020.0,초당대학교,인문사회계열,1290.0,150,11.63
2020.0,초당대학교,자연과학계열,1366.0,105,7.69
2020.0,총신대학교,예체능계열,328.0,17,5.18
2020.0,총신대학교,인문사회계열,1583.0,71,4.49
2020.0,총신대학교,자연과학계열,101.0,5,4.95
2020.0,추계예술대학교,예체능계열,1096.0,64,5.84
2020.0,추계예술대학교,인문사회계열,216.0,11,5.09
2020.0,추계예술대학교,인문사회계열,133.0,9,6.77
2020.0,춘천교육대학교,예체능계열,341.0,4,1.17
2020.0,춘천교육대학교,인문사회계열,575.0,10,1.74
2020.0,춘천교육대학교,자연과학계열,449.0,11,2.45
2020.0,충남대학교,공학계열,6062.0,205,3.38
2020.0,충남대학교,예체능계열,675.0,23,3.41
2020.0,충남대학교,인문사회계열,7574.0,251,3.31
2020.0,충남대학교,자연과학계열,8761.0,295,3.37
2020.0,충북대학교,공학계열,5965.0,204,3.42
2020.0,충북대학교,예체능계열,236.0,18,7.63
2020.0,충북대학교,인문사회계열,7175.0,267,3.72
2020.0,충북대학교,자연과학계열,4973.0,182,3.66
2020.0,칼빈대학교,예체능계열,58.0,3,5.17
2020.0,칼빈대학교,인문사회계열,619.0,82,13.25
2020.0,평택대학교,공학계열,1347.0,62,4.6
2020.0,평택대학교,예체능계열,705.0,61,8.65
2020.0,평택대학교,인문사회계열,1459.0,165,11.31
2020.0,평택대학교,자연과학계열,864.0,64,7.41
2020.0,포항공과대학교,공학계열,1702.0,17,1.0
2020.0,한경국립대학교,공학계열,3229.0,185,5.73
2020.0,한경국립대학교,예체능계열,55.0,5,9.09
2020.0,한경국립대학교,인문사회계열,1148.0,91,7.93
2020.0,한경국립대학교,자연과학계열,2075.0,110,5.3
2020.0,한국공학대학교,공학계열,7492.0,331,4.42
2020.0,한국공학대학교,예체능계열,586.0,34,5.8
2020.0,한국공학대학교,인문사회계열,882.0,46,5.22
2020.0,한국과학기술원,공학계열,3694.0,101,2.73
2020.0,한국과학기술원,인문사회계열,87.0,6,6.9
2020.0,한국과학기술원,자연과학계열,793.0,38,4.79
2020.0,한국교원대학교,예체능계열,257.0,4,1.56
2020.0,한국교원대학교,인문사회계열,1516.0,28,1.85
2020.0,한국교원대학교,자연과학계열,919.0,25,2.72
2020.0,한국국제대학교,공학계열,526.0,167,31.75
2020.0,한국국제대학교,예체능계열,259.0,66,25.48
2020.0,한국국제대학교,인문사회계열,929.0,132,14.21
2020.0,한국국제대학교,자연과학계열,745.0,74,9.93
2020.0,한국기술교육대학교,공학계열,5775.0,181,3.13
2020.0,한국기술교육대학교,인문사회계열,394.0,39,9.9
2020.0,한국방송통신대학교,인문사회계열,103166.0,24394,23.65
2020.0,한국방송통신대학교,자연과학계열,38915.0,7816,20.08
2020.0,한국성서대학교,공학계열,203.0,11,5.42
2020.0,한국성서대학교,인문사회계열,786.0,36,4.58
2020.0,한국성서대학교,자연과학계열,226.0,4,1.77
2020.0,한국예술종합학교,예체능계열,3220.0,62,1.93
2020.0,한국외국어대학교,공학계열,1754.0,95,5.42
2020.0,한국외국어대학교,인문사회계열,19593.0,691,3.53
2020.0,한국외국어대학교,자연과학계열,2229.0,121,5.43
2020.0,한국전통문화대학교,인문사회계열,445.0,13,2.92
2020.0,한국전통문화대학교,자연과학계열,315.0,6,1.9
2020.0,한국체육대학교,예체능계열,3191.0,71,2.23
2020.0,한국침례신학대학교,예체능계열,255.0,37,14.51
2020.0,한국침례신학대학교,인문사회계열,1319.0,74,5.61
2020.0,한국항공대학교,공학계열,3795.0,143,3.77
2020.0,한국항공대학교,인문사회계열,1982.0,67,3.38
2020.0,한남대학교,공학계열,3897.0,192,4.93
2020.0,한남대학교,예체능계열,636.0,29,4.56
2020.0,한남대학교,인문사회계열,8087.0,418,5.17
2020.0,한남대학교,자연과학계열,2794.0,109,3.9
2020.0,한동대학교,공학계열,2171.0,55,2.53
2020.0,한동대학교,인문사회계열,2874.0,60,2.09
2020.0,한동대학교,자연과학계열,361.0,15,4.16
2020.0,한라대학교,공학계열,2970.0,149,5.02
2020.0,한라대학교,인문사회계열,2292.0,145,6.33
2020.0,한려대학교,예체능계열,62.0,9,14.52
2020.0,한려대학교,자연과학계열,345.0,25,7.25
2020.0,한림대학교,공학계열,1579.0,72,4.56
2020.0,한림대학교,인문사회계열,5911.0,277,4.69
2020.0,한림대학교,자연과학계열,3305.0,133,4.02
2020.0,한서대학교,공학계열,5379.0,262,4.87
2020.0,한서대학교,예체능계열,1118.0,96,8.59
2020.0,한서대학교,인문사회계열,927.0,59,6.36
2020.0,한서대학교,자연과학계열,1814.0,72,3.97
2020.0,한성대학교,공학계열,1526.0,46,3.01
2020.0,한성대학교,예체능계열,1863.0,70,3.76
2020.0,한성대학교,인문사회계열,1911.0,110,5.76
2020.0,한세대학교,공학계열,454.0,25,5.51
2020.0,한세대학교,예체능계열,853.0,51,5.98
2020.0,한세대학교,인문사회계열,1689.0,90,5.33
2020.0,한세대학교,자연과학계열,299.0,8,2.68
2020.0,한신대학교,공학계열,2152.0,80,3.72
2020.0,한신대학교,인문사회계열,5251.0,232,4.42
2020.0,한양대학교,공학계열,8451.0,278,3.29
2020.0,한양대학교,예체능계열,1698.0,41,2.41
2020.0,한양대학교,인문사회계열,8791.0,211,2.4
2020.0,한양대학교,자연과학계열,3735.0,135,3.61
2020.0,한양대학교(ERICA) _분교,공학계열,5428.0,149,2.75
2020.0,한양대학교(ERICA) _분교,예체능계열,1934.0,48,2.48
2020.0,한양대학교(ERICA) _분교,인문사회계열,4383.0,112,2.56
2020.0,한양대학교(ERICA) _분교,자연과학계열,1372.0,48,3.5
2020.0,한일장신대학교,예체능계열,240.0,43,17.92
2020.0,한일장신대학교,인문사회계열,619.0,84,13.57
2020.0,한일장신대학교,자연과학계열,271.0,3,1.11
2020.0,협성대학교,공학계열,1202.0,70,5.82
2020.0,협성대학교,예체능계열,839.0,51,6.08
2020.0,협성대학교,인문사회계열,3549.0,225,6.34
2020.0,호남대학교,예체능계열,1006.0,63,6.26
2020.0,호남대학교,인문사회계열,5684.0,382,6.72
2020.0,호남대학교,자연과학계열,2739.0,143,5.22
2020.0,호남신학대학교,인문사회계열,738.0,49,6.64
2020.0,호서대학교,공학계열,7591.0,325,4.28
2020.0,호서대학교,예체능계열,2056.0,131,6.37
2020.0,호서대학교,인문사회계열,5116.0,262,5.12
2020.0,호서대학교,자연과학계열,1887.0,59,3.13
2020.0,호원대학교,공학계열,1236.0,206,16.67
2020.0,호원대학교,예체능계열,726.0,125,17.22
2020.0,호원대학교,인문사회계열,1232.0,161,13.07
2020.0,호원대학교,자연과학계열,138.0,3,2.17
2020.0,홍익대학교,공학계열,7700.0,306,3.97
2020.0,홍익대학교,예체능계열,4091.0,92,2.25
2020.0,홍익대학교,인문사회계열,4776.0,158,3.31
2020.0,홍익대학교,자연과학계열,828.0,36,4.35
2020.0,홍익대학교 _제2캠퍼스,공학계열,3798.0,217,5.71
2020.0,홍익대학교 _제2캠퍼스,예체능계열,2613.0,78,2.99
2020.0,홍익대학교 _제2캠퍼스,인문사회계열,2060.0,115,5.58
2020.0,화성의과학대학교,공학계열,111.0,16,14.41
2020.0,화성의과학대학교,예체능계열,184.0,26,14.13
2020.0,화성의과학대학교,인문사회계열,454.0,87,19.16
2020.0,화성의과학대학교,자연과학계열,254.0,10,3.94
2021.0,가야대학교(김해),인문사회계열,912.0,126,13.82
2021.0,가야대학교(김해),자연과학계열,1781.0,96,5.39
2021.0,가천대학교,공학계열,7935.0,284,3.58
2021.0,가천대학교,예체능계열,2548.0,105,4.12
2021.0,가천대학교,인문사회계열,10198.0,397,3.89
2021.0,가천대학교,자연과학계열,5007.0,145,2.9
2021.0,가톨릭관동대학교,공학계열,2231.0,135,6.05
2021.0,가톨릭관동대학교,예체능계열,2940.0,199,6.77
2021.0,가톨릭관동대학교,인문사회계열,2526.0,163,6.45
2021.0,가톨릭관동대학교,자연과학계열,2051.0,60,2.93
2021.0,가톨릭꽃동네대학교,인문사회계열,327.0,6,1.83
2021.0,가톨릭꽃동네대학교,자연과학계열,240.0,7,2.92
2021.0,가톨릭대학교,공학계열,2077.0,97,4.67
2021.0,가톨릭대학교,예체능계열,226.0,7,3.1
2021.0,가톨릭대학교,의학계열,220.0,13,5.91
2021.0,가톨릭대학교,인문사회계열,5260.0,144,2.74
2021.0,가톨릭대학교,자연과학계열,1682.0,67,3.98
2021.0,가톨릭대학교 _제2캠퍼스,자연과학계열,964.0,9,0.93
2021.0,가톨릭대학교 _제3캠퍼스,인문사회계열,306.0,10,3.27
2021.0,감리교신학대학교,인문사회계열,1048.0,60,5.73
2021.0,강남대학교,공학계열,2205.0,105,4.76
2021.0,강남대학교,인문사회계열,5006.0,263,5.25
2021.0,강남대학교,자연과학계열,573.0,15,2.62
2021.0,강서대학교,예체능계열,133.0,19,14.29
2021.0,강서대학교,인문사회계열,1421.0,174,12.24
2021.0,강서대학교,자연과학계열,346.0,14,4.05
2021.0,강원대학교,공학계열,4078.0,336,8.24
2021.0,강원대학교,예체능계열,550.0,42,7.64
2021.0,강원대학교,인문사회계열,6100.0,365,5.98
2021.0,강원대학교,자연과학계열,8061.0,390,4.84
2021.0,강원대학교 _제2캠퍼스,공학계열,5018.0,269,5.36
2021.0,강원대학교 _제2캠퍼스,예체능계열,653.0,22,3.37
2021.0,강원대학교 _제2캠퍼스,인문사회계열,879.0,51,5.8
2021.0,강원대학교 _제2캠퍼스,자연과학계열,1726.0,65,3.77
2021.0,건국대학교,공학계열,9223.0,361,3.91
2021.0,건국대학교,예체능계열,1901.0,21,1.1
2021.0,건국대학교,인문사회계열,7867.0,164,2.08
2021.0,건국대학교,자연과학계열,3901.0,139,3.56
2021.0,건국대학교(글로컬) _분교,공학계열,2256.0,104,4.61
2021.0,건국대학교(글로컬) _분교,예체능계열,2307.0,77,3.34
2021.0,건국대학교(글로컬) _분교,인문사회계열,2226.0,103,4.63
2021.0,건국대학교(글로컬) _분교,자연과학계열,2369.0,90,3.8
2021.0,건양대학교,인문사회계열,4242.0,221,5.21
2021.0,건양대학교 _제2캠퍼스,공학계열,1321.0,99,7.49
2021.0,건양대학교 _제2캠퍼스,자연과학계열,2829.0,66,2.33
2021.0,경기대학교,공학계열,6147.0,256,4.16
2021.0,경기대학교,예체능계열,1991.0,91,4.57
2021.0,경기대학교,인문사회계열,7465.0,247,3.31
2021.0,경기대학교 _제2캠퍼스,인문사회계열,2636.0,98,3.72
2021.0,경남과학기술대학교,공학계열,3109.0,152,4.89
2021.0,경남과학기술대학교,인문사회계열,1724.0,78,4.52
2021.0,경남과학기술대학교,자연과학계열,1658.0,65,3.92
2021.0,경남대학교,공학계열,5482.0,355,6.48
2021.0,경남대학교,인문사회계열,6342.0,493,7.77
2021.0,경남대학교,자연과학계열,4022.0,160,3.98
2021.0,경동대학교,공학계열,70.0,12,17.14
2021.0,경동대학교,예체능계열,14.0,3,21.43
2021.0,경동대학교,인문사회계열,913.0,160,17.52
2021.0,경동대학교,자연과학계열,129.0,23,17.83
2021.0,경동대학교 _제3캠퍼스,인문사회계열,16.0,3,18.75
2021.0,경동대학교 _제3캠퍼스,자연과학계열,4590.0,125,2.72
2021.0,경동대학교 _제4캠퍼스,공학계열,1324.0,61,4.61
2021.0,경동대학교 _제4캠퍼스,예체능계열,491.0,37,7.54
2021.0,경동대학교 _제4캠퍼스,인문사회계열,1700.0,80,4.71
2021.0,경동대학교 _제4캠퍼스,자연과학계열,260.0,10,3.85
2021.0,경북대학교,공학계열,10992.0,565,5.14
2021.0,경북대학교,예체능계열,705.0,17,2.41
2021.0,경북대학교,인문사회계열,7323.0,163,2.23
2021.0,경북대학교,자연과학계열,10452.0,461,4.41
2021.0,경상국립대학교,공학계열,5879.0,325,5.53
2021.0,경상국립대학교,인문사회계열,5261.0,241,4.58
2021.0,경상국립대학교,자연과학계열,7188.0,276,3.84
2021.0,경성대학교,공학계열,3872.0,217,5.6
2021.0,경성대학교,예체능계열,2883.0,155,5.38
2021.0,경성대학교,인문사회계열,7891.0,522,6.62
2021.0,경성대학교,자연과학계열,1880.0,80,4.26
2021.0,경운대학교,공학계열,2715.0,329,12.12
2021.0,경운대학교,인문사회계열,1077.0,160,14.86
2021.0,경운대학교,자연과학계열,2239.0,87,3.89
2021.0,경인교육대학교,예체능계열,303.0,5,1.65
2021.0,경인교육대학교,인문사회계열,658.0,15,2.28
2021.0,경인교육대학교,자연과학계열,361.0,11,3.05
2021.0,경인교육대학교 _제2캠퍼스,예체능계열,319.0,1,0.31
2021.0,경인교육대학교 _제2캠퍼스,인문사회계열,653.0,0,0.0
2021.0,경인교육대학교 _제2캠퍼스,자연과학계열,389.0,4,1.03
2021.0,경일대학교,공학계열,4687.0,390,8.32
2021.0,경일대학교,예체능계열,4322.0,322,7.45
2021.0,경일대학교,인문사회계열,98.0,11,11.22
2021.0,경희대학교,공학계열,6448.0,255,3.95
2021.0,경희대학교,예체능계열,5559.0,155,2.79
2021.0,경희대학교,인문사회계열,14507.0,360,2.48
2021.0,경희대학교,자연과학계열,7811.0,315,4.03
2021.0,계명대학교,공학계열,5810.0,283,4.87
2021.0,계명대학교,예체능계열,3963.0,191,4.82
2021.0,계명대학교,인문사회계열,14085.0,700,4.97
2021.0,계명대학교,자연과학계열,4301.0,163,3.79
2021.0,고려대학교,공학계열,6112.0,227,3.71
2021.0,고려대학교,예체능계열,1030.0,14,1.36
2021.0,고려대학교,인문사회계열,11687.0,172,1.47
2021.0,고려대학교,자연과학계열,8429.0,452,5.36
2021.0,고려대학교(세종) _분교,공학계열,3843.0,198,5.15
2021.0,고려대학교(세종) _분교,인문사회계열,5090.0,222,4.36
2021.0,고려대학교(세종) _분교,자연과학계열,158.0,0,0.0
2021.0,고신대학교,인문사회계열,2421.0,255,10.53
2021.0,고신대학교,자연과학계열,2099.0,165,7.86
2021.0,공주교육대학교,자연과학계열,1493.0,73,4.89
2021.0,광신대학교,예체능계열,139.0,17,12.23
2021.0,광신대학교,인문사회계열,421.0,50,11.88
2021.0,광운대학교,공학계열,5873.0,254,4.32
2021.0,광운대학교,인문사회계열,4462.0,178,3.99
2021.0,광운대학교,자연과학계열,994.0,58,5.84
2021.0,광주가톨릭대학교,인문사회계열,128.0,8,6.25
2021.0,광주과학기술원,공학계열,484.0,5,1.03
2021.0,광주과학기술원,인문사회계열,282.0,44,15.6
2021.0,광주과학기술원,자연과학계열,230.0,10,4.35
2021.0,광주교육대학교,예체능계열,328.0,6,1.83
2021.0,광주교육대학교,인문사회계열,592.0,14,2.36
2021.0,광주교육대학교,자연과학계열,439.0,11,2.51
2021.0,광주대학교,공학계열,1934.0,233,12.05
2021.0,광주대학교,예체능계열,207.0,19,9.18
2021.0,광주대학교,인문사회계열,1794.0,208,11.59
2021.0,광주대학교,자연과학계열,2172.0,106,4.88
2021.0,광주여자대학교,공학계열,16.0,3,18.75
2021.0,광주여자대학교,예체능계열,150.0,17,11.33
2021.0,광주여자대학교,인문사회계열,1769.0,75,4.24
2021.0,광주여자대학교,자연과학계열,2055.0,118,5.74
2021.0,국립강릉원주대학교,공학계열,1299.0,89,6.85
2021.0,국립강릉원주대학교,예체능계열,759.0,49,6.46
2021.0,국립강릉원주대학교,인문사회계열,2974.0,149,5.01
2021.0,국립강릉원주대학교,자연과학계열,2655.0,146,5.5
2021.0,국립강릉원주대학교 _제2캠퍼스,공학계열,1883.0,87,4.62
2021.0,국립강릉원주대학교 _제2캠퍼스,인문사회계열,974.0,30,3.08
2021.0,국립경국대학교,공학계열,2354.0,136,5.78
2021.0,국립경국대학교,인문사회계열,2776.0,176,6.34
2021.0,국립경국대학교,자연과학계열,2795.0,145,5.19
2021.0,국립공주대학교,공학계열,5386.0,263,4.88
2021.0,국립공주대학교,예체능계열,944.0,40,4.24
2021.0,국립공주대학교,인문사회계열,4444.0,187,4.21
2021.0,국립공주대학교,자연과학계열,4705.0,135,2.87
2021.0,국립군산대학교,공학계열,5537.0,417,7.53
2021.0,국립군산대학교,예체능계열,420.0,36,8.57
2021.0,국립군산대학교,인문사회계열,2573.0,186,7.23
2021.0,국립군산대학교,자연과학계열,1091.0,81,7.42
2021.0,국립금오공과대학교,공학계열,7445.0,361,4.85
2021.0,국립금오공과대학교,인문사회계열,263.0,19,7.22
2021.0,국립금오공과대학교,자연과학계열,193.0,10,5.18
2021.0,국립목포대학교,공학계열,3235.0,261,8.07
2021.0,국립목포대학교,예체능계열,878.0,93,10.59
2021.0,국립목포대학교,인문사회계열,3350.0,361,10.78
2021.0,국립목포대학교,자연과학계열,1687.0,162,9.6
2021.0,국립목포해양대학교,공학계열,3093.0,150,4.85
2021.0,국립부경대학교,공학계열,10719.0,452,4.22
2021.0,국립부경대학교,인문사회계열,6584.0,257,3.9
2021.0,국립부경대학교,자연과학계열,4157.0,189,4.55
2021.0,국립순천대학교,공학계열,2754.0,183,6.64
2021.0,국립순천대학교,인문사회계열,3160.0,198,6.27
2021.0,국립순천대학교,자연과학계열,3217.0,144,4.48
2021.0,국립창원대학교,공학계열,4050.0,186,4.59
2021.0,국립창원대학교,예체능계열,621.0,32,5.15
2021.0,국립창원대학교,인문사회계열,4141.0,205,4.95
2021.0,국립창원대학교,자연과학계열,1607.0,90,5.6
2021.0,국립한국교통대학교,공학계열,8412.0,403,4.79
2021.0,국립한국교통대학교,인문사회계열,2676.0,147,5.49
2021.0,국립한국해양대학교,공학계열,6124.0,257,4.2
2021.0,국립한국해양대학교,인문사회계열,1797.0,81,4.51
2021.0,국립한밭대학교,공학계열,7240.0,389,5.37
2021.0,국립한밭대학교,인문사회계열,2115.0,155,7.33
2021.0,국민대학교,공학계열,8020.0,279,3.48
2021.0,국민대학교,예체능계열,3547.0,90,2.54
2021.0,국민대학교,인문사회계열,8814.0,302,3.43
2021.0,국민대학교,인문사회계열,319.0,5,1.57
2021.0,국민대학교,자연과학계열,21.0,1,4.76
2021.0,극동대학교,공학계열,1526.0,129,8.45
2021.0,극동대학교,예체능계열,812.0,48,5.91
2021.0,극동대학교,인문사회계열,1070.0,82,7.66
2021.0,극동대학교,자연과학계열,1410.0,62,4.4
2021.0,금강대학교,인문사회계열,422.0,52,12.32
2021.0,김천대학교,공학계열,493.0,63,12.78
2021.0,김천대학교,예체능계열,830.0,100,12.05
2021.0,김천대학교,자연과학계열,2231.0,191,8.56
2021.0,나사렛대학교,공학계열,67.0,3,4.48
2021.0,나사렛대학교,예체능계열,1104.0,63,5.71
2021.0,나사렛대학교,인문사회계열,3845.0,229,5.96
2021.0,나사렛대학교,인문사회계열,18.0,1,5.56
2021.0,나사렛대학교,자연과학계열,1491.0,62,4.16
2021.0,남부대학교,공학계열,438.0,81,18.49
2021.0,남부대학교,예체능계열,319.0,44,13.79
2021.0,남부대학교,인문사회계열,897.0,79,8.81
2021.0,남부대학교,자연과학계열,2052.0,101,4.92
2021.0,남서울대학교,공학계열,3641.0,186,5.11
2021.0,남서울대학교,예체능계열,1413.0,86,6.09
2021.0,남서울대학교,인문사회계열,4159.0,279,6.71
2021.0,남서울대학교,자연과학계열,3170.0,108,3.41
2021.0,단국대학교,공학계열,4952.0,188,3.8
2021.0,단국대학교,예체능계열,1709.0,54,3.16
2021.0,단국대학교,인문사회계열,5324.0,165,3.1
2021.0,단국대학교,자연과학계열,851.0,36,4.23
2021.0,단국대학교 _제2캠퍼스,공학계열,1855.0,101,5.44
2021.0,단국대학교 _제2캠퍼스,예체능계열,2204.0,93,4.22
2021.0,단국대학교 _제2캠퍼스,인문사회계열,2991.0,127,4.25
2021.0,단국대학교 _제2캠퍼스,자연과학계열,3841.0,110,2.86
2021.0,대구가톨릭대학교,공학계열,3338.0,216,6.47
2021.0,대구가톨릭대학교,예체능계열,1228.0,85,6.92
2021.0,대구가톨릭대학교,인문사회계열,8562.0,502,5.86
2021.0,대구가톨릭대학교,자연과학계열,1931.0,49,2.54
2021.0,대구경북과학기술원,자연과학계열,994.0,32,3.22
2021.0,대구교육대학교,예체능계열,364.0,8,2.2
2021.0,대구교육대학교,인문사회계열,689.0,19,2.76
2021.0,대구교육대학교,자연과학계열,569.0,18,3.16
2021.0,대구대학교,공학계열,5387.0,354,6.57
2021.0,대구대학교,예체능계열,1533.0,84,5.48
2021.0,대구대학교,인문사회계열,11464.0,721,6.29
2021.0,대구대학교,자연과학계열,4680.0,187,4.0
2021.0,대구예술대학교,예체능계열,1074.0,139,12.94
2021.0,대구예술대학교,인문사회계열,180.0,23,12.78
2021.0,대구한의대학교,인문사회계열,175.0,26,14.86
2021.0,대구한의대학교,자연과학계열,7871.0,654,8.31
2021.0,대신대학교,예체능계열,192.0,13,6.77
2021.0,대신대학교,인문사회계열,379.0,14,3.69
2021.0,대전가톨릭대학교,인문사회계열,48.0,1,2.08
2021.0,대전대학교,공학계열,3416.0,196,5.74
2021.0,대전대학교,예체능계열,488.0,28,5.74
2021.0,대전대학교,인문사회계열,5819.0,359,6.17
2021.0,대전대학교,자연과학계열,2482.0,88,3.55
2021.0,대전신학대학교,인문사회계열,89.0,7,7.87
2021.0,대진대학교,공학계열,4441.0,227,5.11
2021.0,대진대학교,인문사회계열,5559.0,275,4.95
2021.0,덕성여자대학교,공학계열,1092.0,68,6.23
2021.0,덕성여자대학교,예체능계열,731.0,13,1.78
2021.0,덕성여자대학교,인문사회계열,3787.0,91,2.4
2021.0,덕성여자대학교,자연과학계열,1114.0,29,2.6
2021.0,동국대학교,공학계열,4849.0,162,3.34
2021.0,동국대학교,예체능계열,1181.0,18,1.52
2021.0,동국대학교,인문사회계열,8739.0,180,2.06
2021.0,동국대학교,자연과학계열,3371.0,129,3.83
2021.0,동국대학교(WISE) _분교,공학계열,2731.0,198,7.25
2021.0,동국대학교(WISE) _분교,인문사회계열,6128.0,344,5.61
2021.0,동국대학교(WISE) _분교,자연과학계열,1494.0,38,2.54
2021.0,동덕여자대학교,예체능계열,2258.0,67,2.97
2021.0,동덕여자대학교,인문사회계열,3314.0,101,3.05
2021.0,동덕여자대학교,자연과학계열,1630.0,46,2.82
2021.0,동명대학교,공학계열,6334.0,571,9.01
2021.0,동명대학교,인문사회계열,3358.0,348,10.36
2021.0,동명대학교,자연과학계열,1752.0,107,6.11
2021.0,동서대학교,공학계열,4393.0,245,5.58
2021.0,동서대학교,예체능계열,1597.0,88,5.51
2021.0,동서대학교,인문사회계열,5532.0,388,7.01
2021.0,동서대학교,자연과학계열,2058.0,54,2.62
2021.0,동신대학교,공학계열,2249.0,263,11.69
2021.0,동신대학교,인문사회계열,4778.0,512,10.72
2021.0,동신대학교,자연과학계열,1066.0,43,4.03
2021.0,동아대학교,공학계열,8585.0,344,4.01
2021.0,동아대학교,예체능계열,1620.0,84,5.19
2021.0,동아대학교,인문사회계열,9698.0,351,3.62
2021.0,동아대학교,자연과학계열,3673.0,174,4.74
2021.0,동양대학교,공학계열,2180.0,135,6.19
2021.0,동양대학교,예체능계열,1042.0,118,11.32
2021.0,동양대학교,인문사회계열,1649.0,111,6.73
2021.0,동양대학교,자연과학계열,327.0,2,0.61
2021.0,동의대학교,공학계열,9045.0,538,5.95
2021.0,동의대학교,예체능계열,1623.0,126,7.76
2021.0,동의대학교,인문사회계열,7914.0,445,5.62
2021.0,동의대학교,자연과학계열,2001.0,67,3.35
2021.0,루터대학교,인문사회계열,409.0,42,10.27
2021.0,명지대학교,공학계열,5305.0,205,3.86
2021.0,명지대학교,예체능계열,1751.0,72,4.11
2021.0,명지대학교,인문사회계열,661.0,32,4.84
2021.0,명지대학교,자연과학계열,1028.0,52,5.06
2021.0,명지대학교 _제2캠퍼스,공학계열,987.0,38,3.85
2021.0,명지대학교 _제2캠퍼스,인문사회계열,9680.0,353,3.65
2021.0,목원대학교,공학계열,1956.0,118,6.03
2021.0,목원대학교,예체능계열,2800.0,160,5.71
2021.0,목원대학교,인문사회계열,3010.0,189,6.28
2021.0,목원대학교,자연과학계열,2177.0,105,4.82
2021.0,목포가톨릭대학교,인문사회계열,142.0,4,2.82
2021.0,목포가톨릭대학교,자연과학계열,428.0,13,3.04
2021.0,배재대학교,공학계열,2419.0,162,6.7
2021.0,배재대학교,예체능계열,1896.0,128,6.75
2021.0,배재대학교,인문사회계열,4453.0,376,8.44
2021.0,배재대학교,자연과학계열,1691.0,131,7.75
2021.0,백석대학교,공학계열,1641.0,98,5.97
2021.0,백석대학교,예체능계열,3355.0,211,6.29
2021.0,백석대학교,인문사회계열,8068.0,386,4.78
2021.0,백석대학교,자연과학계열,2613.0,81,3.1
2021.0,부산가톨릭대학교,인문사회계열,1084.0,118,10.89
2021.0,부산가톨릭대학교,자연과학계열,3454.0,119,3.45
2021.0,부산교육대학교,예체능계열,367.0,5,1.36
2021.0,부산교육대학교,인문사회계열,704.0,9,1.28
2021.0,부산교육대학교,자연과학계열,472.0,15,3.18
2021.0,부산대학교,공학계열,9131.0,437,4.79
2021.0,부산대학교,예체능계열,1765.0,60,3.4
2021.0,부산대학교,인문사회계열,7623.0,186,2.44
2021.0,부산대학교,자연과학계열,8844.0,414,4.68
2021.0,부산외국어대학교,공학계열,796.0,43,5.4
2021.0,부산외국어대학교,인문사회계열,8609.0,523,6.08
2021.0,부산장신대학교,인문사회계열,138.0,16,11.59
2021.0,부산장신대학교,자연과학계열,95.0,5,5.26
2021.0,삼육대학교,공학계열,1952.0,90,4.61
2021.0,삼육대학교,예체능계열,968.0,49,5.06
2021.0,삼육대학교,인문사회계열,3663.0,148,4.04
2021.0,삼육대학교,자연과학계열,543.0,7,1.29
2021.0,상명대학교,공학계열,2497.0,108,4.33
2021.0,상명대학교,예체능계열,1500.0,87,5.8
2021.0,상명대학교,인문사회계열,4230.0,338,7.99
2021.0,상명대학교,자연과학계열,858.0,52,6.06
2021.0,상명대학교 _제2캠퍼스,공학계열,4037.0,145,3.59
2021.0,상명대학교 _제2캠퍼스,예체능계열,2722.0,77,2.83
2021.0,상명대학교 _제2캠퍼스,인문사회계열,997.0,67,6.72
2021.0,상지대학교,공학계열,1740.0,121,6.95
2021.0,상지대학교,예체능계열,1239.0,70,5.65
2021.0,상지대학교,인문사회계열,3695.0,257,6.96
2021.0,상지대학교,자연과학계열,2662.0,146,5.48
2021.0,서강대학교,공학계열,2750.0,136,4.95
2021.0,서강대학교,인문사회계열,7803.0,200,2.56
2021.0,서강대학교,자연과학계열,1299.0,98,7.54
2021.0,서경대학교,공학계열,3011.0,143,4.75
2021.0,서경대학교,예체능계열,2796.0,120,4.29
2021.0,서경대학교,인문사회계열,2662.0,131,4.92
2021.0,서울과학기술대학교,공학계열,9734.0,379,3.89
2021.0,서울과학기술대학교,예체능계열,3193.0,113,3.54
2021.0,서울과학기술대학교,인문사회계열,740.0,24,3.24
2021.0,서울과학기술대학교,자연과학계열,60.0,3,5.0
2021.0,서울교육대학교,예체능계열,367.0,6,1.63
2021.0,서울교육대학교,인문사회계열,738.0,24,3.25
2021.0,서울교육대학교,자연과학계열,488.0,23,4.71
2021.0,서울기독대학교,예체능계열,113.0,8,7.08
2021.0,서울기독대학교,인문사회계열,327.0,36,11.01
2021.0,서울대학교,공학계열,5259.0,123,2.34
2021.0,서울대학교,예체능계열,1472.0,10,0.68
2021.0,서울대학교,인문사회계열,6674.0,62,0.93
2021.0,서울대학교,자연과학계열,7922.0,209,2.64
2021.0,서울시립대학교,공학계열,4807.0,186,3.87
2021.0,서울시립대학교,예체능계열,803.0,19,2.37
2021.0,서울시립대학교,인문사회계열,5360.0,105,1.96
2021.0,서울시립대학교,자연과학계열,1134.0,74,6.53
2021.0,서울신학대학교,공학계열,39.0,2,5.13
2021.0,서울신학대학교,예체능계열,482.0,38,7.88
2021.0,서울신학대학교,인문사회계열,2193.0,111,5.06
2021.0,서울여자대학교,공학계열,1613.0,46,2.85
2021.0,서울여자대학교,예체능계열,552.0,12,2.17
2021.0,서울여자대학교,인문사회계열,4321.0,161,3.73
2021.0,서울여자대학교,자연과학계열,1445.0,61,4.22
2021.0,서울장신대학교,예체능계열,92.0,10,10.87
2021.0,서울장신대학교,인문사회계열,425.0,20,4.71
2021.0,서울한영대학교,예체능계열,61.0,8,13.11
2021.0,서울한영대학교,인문사회계열,783.0,43,5.49
2021.0,서원대학교,공학계열,2280.0,136,5.96
2021.0,서원대학교,인문사회계열,4534.0,318,7.01
2021.0,서원대학교,자연과학계열,1609.0,52,3.23
2021.0,선문대학교,공학계열,4476.0,261,5.83
2021.0,선문대학교,인문사회계열,5869.0,335,5.71
2021.0,선문대학교,자연과학계열,2319.0,107,4.61
2021.0,성결대학교,공학계열,1528.0,58,3.8
2021.0,성결대학교,예체능계열,878.0,51,5.81
2021.0,성결대학교,인문사회계열,3606.0,193,5.35
2021.0,성결대학교,자연과학계열,470.0,13,2.77
2021.0,성공회대학교,공학계열,821.0,30,3.65
2021.0,성공회대학교,인문사회계열,2040.0,106,5.2
2021.0,성균관대학교,공학계열,7181.0,355,4.94
2021.0,성균관대학교,예체능계열,1988.0,39,1.96
2021.0,성균관대학교,인문사회계열,11784.0,234,1.99
2021.0,성균관대학교,자연과학계열,4029.0,181,4.49
2021.0,성신여자대학교,공학계열,1798.0,61,3.39
2021.0,성신여자대학교,예체능계열,2351.0,71,3.02
2021.0,성신여자대학교,인문사회계열,4430.0,176,3.97
2021.0,성신여자대학교,자연과학계열,1951.0,81,4.15
2021.0,세명대학교,공학계열,2396.0,164,6.84
2021.0,세명대학교,인문사회계열,4886.0,357,7.31
2021.0,세명대학교,자연과학계열,2776.0,89,3.21
2021.0,세종대학교,공학계열,6768.0,357,5.27
2021.0,세종대학교,예체능계열,1578.0,91,5.77
2021.0,세종대학교,인문사회계열,4714.0,224,4.75
2021.0,세종대학교,자연과학계열,1846.0,111,6.01
2021.0,세한대학교,공학계열,458.0,34,7.42
2021.0,세한대학교,예체능계열,240.0,38,15.83
2021.0,세한대학교,인문사회계열,1577.0,191,12.11
2021.0,세한대학교,자연과학계열,818.0,55,6.72
2021.0,송원대학교,공학계열,1142.0,198,17.34
2021.0,송원대학교,예체능계열,410.0,55,13.41
2021.0,송원대학교,인문사회계열,1994.0,211,10.58
2021.0,송원대학교,자연과학계열,83.0,6,7.23
2021.0,수원가톨릭대학교,인문사회계열,181.0,9,4.97
2021.0,수원대학교,공학계열,3600.0,152,4.22
2021.0,수원대학교,예체능계열,2041.0,151,7.4
2021.0,수원대학교,인문사회계열,4668.0,214,4.58
2021.0,수원대학교,자연과학계열,1373.0,56,4.08
2021.0,숙명여자대학교,공학계열,2020.0,106,5.25
2021.0,숙명여자대학교,예체능계열,1637.0,30,1.83
2021.0,숙명여자대학교,인문사회계열,6120.0,135,2.21
2021.0,숙명여자대학교,자연과학계열,2288.0,90,3.93
2021.0,순복음총회신학교,예체능계열,34.0,17,50.0
2021.0,순복음총회신학교,인문사회계열,56.0,16,28.57
2021.0,순천향대학교,공학계열,5929.0,282,4.76
2021.0,순천향대학교,인문사회계열,3959.0,171,4.32
2021.0,순천향대학교,자연과학계열,4146.0,157,3.79
2021.0,숭실대학교,공학계열,7857.0,216,2.75
2021.0,숭실대학교,인문사회계열,10086.0,271,2.69
2021.0,숭실대학교,자연과학계열,1347.0,65,4.83
2021.0,신경주대학교,예체능계열,66.0,6,9.09
2021.0,신경주대학교,인문사회계열,440.0,83,18.86
2021.0,신경주대학교,자연과학계열,429.0,65,15.15
2021.0,신라대학교,공학계열,2688.0,319,11.87
2021.0,신라대학교,예체능계열,930.0,107,11.51
2021.0,신라대학교,인문사회계열,4823.0,388,8.04
2021.0,신라대학교,자연과학계열,1880.0,131,6.97
2021.0,신한대학교,인문사회계열,354.0,29,8.19
2021.0,신한대학교,자연과학계열,1506.0,61,4.05
2021.0,신한대학교 _제2캠퍼스,예체능계열,1003.0,47,4.69
2021.0,신한대학교 _제2캠퍼스,인문사회계열,2838.0,124,4.37
2021.0,신한대학교 _제2캠퍼스,자연과학계열,2703.0,84,3.11
2021.0,아신대학교,인문사회계열,719.0,71,9.87
2021.0,아주대학교,공학계열,7493.0,289,3.86
2021.0,아주대학교,인문사회계열,4418.0,135,3.06
2021.0,아주대학교,자연과학계열,1783.0,54,3.03
2021.0,안양대학교,공학계열,2246.0,103,4.59
2021.0,안양대학교,예체능계열,70.0,1,1.43
2021.0,안양대학교,인문사회계열,2694.0,170,6.31
2021.0,안양대학교 _제2캠퍼스,공학계열,217.0,12,5.53
2021.0,안양대학교 _제2캠퍼스,인문사회계열,168.0,14,8.33
2021.0,연세대학교,공학계열,5451.0,152,2.79
2021.0,연세대학교,예체능계열,660.0,4,0.61
2021.0,연세대학교,인문사회계열,17456.0,469,2.69
2021.0,연세대학교,자연과학계열,3696.0,75,2.03
2021.0,연세대학교(미래) _분교,공학계열,2986.0,135,4.52
2021.0,연세대학교(미래) _분교,인문사회계열,3436.0,90,2.62
2021.0,연세대학교(미래) _분교,자연과학계열,2878.0,55,1.91
2021.0,영남대학교,공학계열,10129.0,419,4.14
2021.0,영남대학교,예체능계열,1907.0,67,3.51
2021.0,영남대학교,인문사회계열,9520.0,383,4.02
2021.0,영남대학교,자연과학계열,6469.0,232,3.59
2021.0,영남신학대학교,인문사회계열,557.0,59,10.59
2021.0,영산대학교,공학계열,960.0,115,11.98
2021.0,영산대학교,인문사회계열,1174.0,208,17.72
2021.0,영산대학교,자연과학계열,1019.0,34,3.34
2021.0,영산대학교 _제2캠퍼스,공학계열,695.0,76,10.94
2021.0,영산대학교 _제2캠퍼스,예체능계열,1362.0,156,11.45
2021.0,영산대학교 _제2캠퍼스,인문사회계열,2531.0,223,8.81
2021.0,영산선학대학교,인문사회계열,52.0,4,7.69
2021.0,예수대학교,인문사회계열,71.0,7,9.86
2021.0,예수대학교,자연과학계열,522.0,6,1.15
2021.0,예원예술대학교,예체능계열,1254.0,167,13.32
2021.0,예원예술대학교,인문사회계열,105.0,9,8.57
2021.0,예원예술대학교 _제2캠퍼스,예체능계열,502.0,45,8.96
2021.0,용인대학교,공학계열,926.0,59,6.37
2021.0,용인대학교,예체능계열,5081.0,293,5.77
2021.0,용인대학교,인문사회계열,461.0,34,7.38
2021.0,용인대학교,자연과학계열,1151.0,65,5.65
2021.0,우석대학교,공학계열,1569.0,151,9.62
2021.0,우석대학교,예체능계열,1548.0,149,9.63
2021.0,우석대학교,인문사회계열,4044.0,319,7.89
2021.0,우석대학교,자연과학계열,2156.0,102,4.73
2021.0,우송대학교,공학계열,3598.0,189,5.25
2021.0,우송대학교,예체능계열,938.0,54,5.76
2021.0,우송대학교,인문사회계열,6206.0,320,5.16
2021.0,우송대학교,자연과학계열,1746.0,66,3.78
2021.0,울산과학기술원,공학계열,2048.0,51,2.49
2021.0,울산과학기술원,인문사회계열,232.0,3,1.29
2021.0,울산과학기술원,자연과학계열,276.0,7,2.54
2021.0,울산대학교,공학계열,6839.0,307,4.49
2021.0,울산대학교,예체능계열,1209.0,55,4.55
2021.0,울산대학교,인문사회계열,5705.0,271,4.75
2021.0,울산대학교,자연과학계열,3380.0,154,4.56
2021.0,원광대학교,공학계열,5752.0,375,6.52
2021.0,원광대학교,예체능계열,986.0,60,6.09
2021.0,원광대학교,인문사회계열,6075.0,495,8.15
2021.0,원광대학교,자연과학계열,7772.0,357,4.59
2021.0,위덕대학교,공학계열,569.0,78,13.71
2021.0,위덕대학교,예체능계열,318.0,66,20.75
2021.0,위덕대학교,인문사회계열,1748.0,210,12.01
2021.0,위덕대학교,자연과학계열,799.0,54,6.76
2021.0,유원대학교,공학계열,1088.0,102,9.38
2021.0,유원대학교,예체능계열,466.0,55,11.8
2021.0,유원대학교,인문사회계열,1739.0,141,8.11
2021.0,유원대학교,자연과학계열,1556.0,147,9.45
2021.0,을지대학교,자연과학계열,300.0,4,1.33
2021.0,을지대학교 _제2캠퍼스,자연과학계열,3095.0,101,3.26
2021.0,을지대학교 _제3캠퍼스,자연과학계열,587.0,12,2.04
2021.0,이화여자대학교,공학계열,2042.0,39,1.91
2021.0,이화여자대학교,예체능계열,2499.0,32,1.28
2021.0,이화여자대학교,인문사회계열,8790.0,209,2.38
2021.0,이화여자대학교,자연과학계열,5107.0,162,3.17
2021.0,인제대학교,공학계열,4766.0,356,7.47
2021.0,인제대학교,예체능계열,10.0,1,10.0
2021.0,인제대학교,인문사회계열,3280.0,219,6.68
2021.0,인제대학교,자연과학계열,2955.0,97,3.28
2021.0,인천가톨릭대학교,인문사회계열,93.0,9,9.68
2021.0,인천가톨릭대학교 _제2캠퍼스,예체능계열,546.0,24,4.4
2021.0,인천가톨릭대학교 _제2캠퍼스,자연과학계열,202.0,6,2.97
2021.0,인천대학교,공학계열,6308.0,224,3.55
2021.0,인천대학교,예체능계열,1350.0,37,2.74
2021.0,인천대학교,인문사회계열,5205.0,182,3.5
2021.0,인천대학교,자연과학계열,1889.0,82,4.34
2021.0,인하대학교,공학계열,12062.0,371,3.08
2021.0,인하대학교,예체능계열,1048.0,9,0.86
2021.0,인하대학교,인문사회계열,8617.0,292,3.39
2021.0,인하대학교,자연과학계열,3696.0,120,3.25
2021.0,장로회신학대학교,인문사회계열,858.0,32,3.73
2021.0,전남대학교,공학계열,5458.0,244,4.47
2021.0,전남대학교,예체능계열,924.0,30,3.25
2021.0,전남대학교,인문사회계열,6653.0,210,3.16
2021.0,전남대학교,자연과학계열,8733.0,291,3.33
2021.0,전남대학교 _제2캠퍼스,공학계열,2908.0,206,7.08
2021.0,전남대학교 _제2캠퍼스,인문사회계열,1147.0,84,7.32
2021.0,전북대학교,공학계열,7978.0,354,4.44
2021.0,전북대학교,예체능계열,781.0,25,3.2
2021.0,전북대학교,인문사회계열,6856.0,311,4.54
2021.0,전북대학교,자연과학계열,8757.0,350,4.0
2021.0,전주교육대학교,예체능계열,308.0,7,2.27
2021.0,전주교육대학교,인문사회계열,499.0,18,3.61
2021.0,전주교육대학교,자연과학계열,393.0,2,0.51
2021.0,전주대학교,공학계열,5426.0,335,6.17
2021.0,전주대학교,예체능계열,20.0,2,10.0
2021.0,전주대학교,인문사회계열,7212.0,439,6.09
2021.0,전주대학교,자연과학계열,2890.0,98,3.39
2021.0,제주국제대학교,공학계열,374.0,64,17.11
2021.0,제주국제대학교,예체능계열,216.0,42,19.44
2021.0,제주국제대학교,인문사회계열,300.0,46,15.33
2021.0,제주국제대학교,자연과학계열,49.0,15,30.61
2021.0,제주대학교,공학계열,3746.0,218,5.82
2021.0,제주대학교,예체능계열,604.0,33,5.46
2021.0,제주대학교,인문사회계열,5174.0,241,4.66
2021.0,제주대학교,자연과학계열,3974.0,173,4.35
2021.0,조선대학교,공학계열,9797.0,517,5.28
2021.0,조선대학교,예체능계열,5516.0,292,5.29
2021.0,조선대학교,인문사회계열,7968.0,448,5.62
2021.0,조선대학교,자연과학계열,3202.0,68,2.12
2021.0,중부대학교,공학계열,2322.0,162,6.98
2021.0,중부대학교,예체능계열,2568.0,252,9.81
2021.0,중부대학교,인문사회계열,5011.0,425,8.48
2021.0,중부대학교,자연과학계열,1902.0,125,6.57
2021.0,중앙대학교,공학계열,5659.0,256,4.52
2021.0,중앙대학교,예체능계열,637.0,29,4.55
2021.0,중앙대학교,인문사회계열,14230.0,312,2.19
2021.0,중앙대학교,자연과학계열,4960.0,226,4.56
2021.0,중앙대학교 _제2캠퍼스,공학계열,398.0,32,8.04
2021.0,중앙대학교 _제2캠퍼스,예체능계열,4712.0,154,3.27
2021.0,중앙대학교 _제2캠퍼스,인문사회계열,111.0,18,16.22
2021.0,중앙대학교 _제2캠퍼스,자연과학계열,1696.0,105,6.19
2021.0,중앙승가대학교,인문사회계열,128.0,13,10.16
2021.0,중원대학교,공학계열,1102.0,118,10.71
2021.0,중원대학교,예체능계열,1376.0,255,18.53
2021.0,중원대학교,인문사회계열,1486.0,239,16.08
2021.0,중원대학교,자연과학계열,1223.0,87,7.11
2021.0,진주교육대학교,예체능계열,337.0,4,1.19
2021.0,진주교육대학교,인문사회계열,565.0,8,1.42
2021.0,진주교육대학교,자연과학계열,454.0,10,2.2
2021.0,차의과학대학교,공학계열,805.0,45,5.59
2021.0,차의과학대학교,자연과학계열,1898.0,86,4.53
2021.0,창신대학교,인문사회계열,782.0,92,11.76
2021.0,창신대학교,자연과학계열,1503.0,89,5.92
2021.0,청운대학교,공학계열,1621.0,87,5.37
2021.0,청운대학교,예체능계열,1338.0,131,9.79
2021.0,청운대학교,인문사회계열,2292.0,161,7.02
2021.0,청운대학교,자연과학계열,1141.0,55,4.82
2021.0,청주교육대학교,예체능계열,305.0,2,0.66
2021.0,청주교육대학교,인문사회계열,507.0,14,2.76
2021.0,청주교육대학교,자연과학계열,404.0,8,1.98
2021.0,청주대학교,공학계열,5405.0,225,4.16
2021.0,청주대학교,예체능계열,1914.0,58,3.03
2021.0,청주대학교,인문사회계열,6264.0,317,5.06
2021.0,청주대학교,자연과학계열,2288.0,73,3.19
2021.0,초당대학교,공학계열,1063.0,144,13.55
2021.0,초당대학교,예체능계열,306.0,72,23.53
2021.0,초당대학교,인문사회계열,1319.0,230,17.44
2021.0,초당대학교,자연과학계열,1358.0,85,6.26
2021.0,총신대학교,예체능계열,318.0,23,7.23
2021.0,총신대학교,인문사회계열,1524.0,56,3.67
2021.0,총신대학교,자연과학계열,91.0,4,4.4
2021.0,추계예술대학교,예체능계열,1074.0,55,5.12
2021.0,추계예술대학교,인문사회계열,224.0,7,3.12
2021.0,추계예술대학교,인문사회계열,128.0,9,7.03
2021.0,춘천교육대학교,예체능계열,343.0,6,1.75
2021.0,춘천교육대학교,인문사회계열,565.0,9,1.59
2021.0,춘천교육대학교,자연과학계열,436.0,15,3.44
2021.0,충남대학교,공학계열,5943.0,233,3.92
2021.0,충남대학교,예체능계열,677.0,28,4.14
2021.0,충남대학교,인문사회계열,7444.0,233,3.13
2021.0,충남대학교,자연과학계열,8675.0,386,4.45
2021.0,충북대학교,공학계열,5839.0,243,4.16
2021.0,충북대학교,예체능계열,215.0,10,4.65
2021.0,충북대학교,인문사회계열,6937.0,256,3.69
2021.0,충북대학교,자연과학계열,4858.0,163,3.36
2021.0,칼빈대학교,예체능계열,19.0,0,0.0
2021.0,칼빈대학교,인문사회계열,152.0,1,0.66
2021.0,평택대학교,공학계열,1471.0,85,5.78
2021.0,평택대학교,예체능계열,709.0,50,7.05
2021.0,평택대학교,인문사회계열,1346.0,111,8.25
2021.0,평택대학교,자연과학계열,882.0,43,4.88
2021.0,포항공과대학교,공학계열,1695.0,35,2.06
2021.0,한경국립대학교,공학계열,3151.0,186,5.9
2021.0,한경국립대학교,예체능계열,122.0,10,8.2
2021.0,한경국립대학교,인문사회계열,1097.0,82,7.47
2021.0,한경국립대학교,자연과학계열,1921.0,95,4.95
2021.0,한국공학대학교,공학계열,8111.0,354,4.36
2021.0,한국공학대학교,인문사회계열,903.0,32,3.54
2021.0,한국과학기술원,공학계열,3693.0,37,1.0
2021.0,한국과학기술원,인문사회계열,109.0,12,11.01
2021.0,한국과학기술원,자연과학계열,813.0,51,6.27
2021.0,한국교원대학교,예체능계열,256.0,3,1.17
2021.0,한국교원대학교,인문사회계열,1490.0,28,1.88
2021.0,한국교원대학교,자연과학계열,903.0,30,3.32
2021.0,한국기술교육대학교,공학계열,5623.0,188,3.34
2021.0,한국기술교육대학교,인문사회계열,371.0,48,12.94
2021.0,한국방송통신대학교,인문사회계열,100047.0,21605,21.59
2021.0,한국방송통신대학교,자연과학계열,40666.0,8097,19.91
2021.0,한국성서대학교,공학계열,198.0,9,4.55
2021.0,한국성서대학교,인문사회계열,767.0,41,5.35
2021.0,한국성서대학교,자연과학계열,235.0,0,0.0
2021.0,한국예술종합학교,예체능계열,3237.0,62,1.92
2021.0,한국외국어대학교,공학계열,1708.0,60,3.51
2021.0,한국외국어대학교,예체능계열,182.0,9,4.95
2021.0,한국외국어대학교,인문사회계열,19000.0,621,3.27
2021.0,한국외국어대학교,자연과학계열,2191.0,115,5.25
2021.0,한국전통문화대학교,인문사회계열,442.0,14,3.17
2021.0,한국전통문화대학교,자연과학계열,325.0,8,2.46
2021.0,한국체육대학교,예체능계열,3061.0,69,2.25
2021.0,한국침례신학대학교,예체능계열,189.0,19,10.05
2021.0,한국침례신학대학교,인문사회계열,1174.0,59,5.03
2021.0,한국항공대학교,공학계열,3759.0,117,3.11
2021.0,한국항공대학교,인문사회계열,1962.0,72,3.67
2021.0,한남대학교,공학계열,3850.0,265,6.88
2021.0,한남대학교,예체능계열,611.0,20,3.27
2021.0,한남대학교,인문사회계열,7901.0,506,6.4
2021.0,한남대학교,자연과학계열,2749.0,143,5.2
2021.0,한동대학교,공학계열,2119.0,57,2.69
2021.0,한동대학교,인문사회계열,2920.0,73,2.5
2021.0,한동대학교,자연과학계열,344.0,19,5.52
2021.0,한라대학교,공학계열,2754.0,162,5.88
2021.0,한라대학교,인문사회계열,1901.0,105,5.52
2021.0,한림대학교,공학계열,1605.0,63,3.93
2021.0,한림대학교,인문사회계열,5819.0,278,4.78
2021.0,한림대학교,자연과학계열,3192.0,139,4.35
2021.0,한서대학교,공학계열,5594.0,342,6.11
2021.0,한서대학교,예체능계열,991.0,88,8.88
2021.0,한서대학교,인문사회계열,767.0,49,6.39
2021.0,한서대학교,자연과학계열,1784.0,121,6.78
2021.0,한성대학교,공학계열,1388.0,41,2.95
2021.0,한성대학교,예체능계열,2089.0,62,2.97
2021.0,한성대학교,인문사회계열,1692.0,74,4.37
2021.0,한세대학교,공학계열,468.0,32,6.84
2021.0,한세대학교,예체능계열,844.0,57,6.75
2021.0,한세대학교,인문사회계열,1647.0,83,5.04
2021.0,한세대학교,자연과학계열,331.0,14,4.23
2021.0,한신대학교,공학계열,2142.0,112,5.23
2021.0,한신대학교,예체능계열,100.0,7,7.0
2021.0,한신대학교,인문사회계열,5316.0,267,5.02
2021.0,한양대학교,공학계열,8333.0,356,4.27
2021.0,한양대학교,예체능계열,1738.0,42,2.42
2021.0,한양대학교,인문사회계열,8678.0,218,2.51
2021.0,한양대학교,자연과학계열,3686.0,155,4.21
2021.0,한양대학교(ERICA) _분교,공학계열,5640.0,146,2.59
2021.0,한양대학교(ERICA) _분교,예체능계열,1966.0,37,1.88
2021.0,한양대학교(ERICA) _분교,인문사회계열,4316.0,106,2.46
2021.0,한양대학교(ERICA) _분교,자연과학계열,1368.0,40,2.92
2021.0,한일장신대학교,예체능계열,260.0,23,8.85
2021.0,한일장신대학교,인문사회계열,526.0,73,13.88
2021.0,한일장신대학교,자연과학계열,268.0,6,2.24
2021.0,협성대학교,공학계열,1206.0,72,5.97
2021.0,협성대학교,예체능계열,855.0,60,7.02
2021.0,협성대학교,인문사회계열,3386.0,184,5.43
2021.0,호남대학교,공학계열,2245.0,163,7.26
2021.0,호남대학교,인문사회계열,4650.0,356,7.66
2021.0,호남대학교,자연과학계열,2180.0,88,4.04
2021.0,호남신학대학교,인문사회계열,728.0,58,7.97
2021.0,호서대학교,공학계열,7389.0,346,4.68
2021.0,호서대학교,예체능계열,2187.0,134,6.13
2021.0,호서대학교,인문사회계열,4861.0,261,5.37
2021.0,호서대학교,자연과학계열,1923.0,68,3.54
2021.0,호원대학교,공학계열,922.0,123,13.34
2021.0,호원대학교,예체능계열,659.0,74,11.23
2021.0,호원대학교,인문사회계열,1948.0,151,7.75
2021.0,홍익대학교,공학계열,7609.0,394,5.18
2021.0,홍익대학교,예체능계열,4196.0,109,2.6
2021.0,홍익대학교,인문사회계열,4732.0,155,3.28
2021.0,홍익대학교,자연과학계열,777.0,27,3.47
2021.0,홍익대학교 _제2캠퍼스,공학계열,3726.0,271,7.27
2021.0,홍익대학교 _제2캠퍼스,예체능계열,2616.0,91,3.48
2021.0,홍익대학교 _제2캠퍼스,인문사회계열,1890.0,95,5.03
2021.0,화성의과학대학교,공학계열,61.0,13,21.31
2021.0,화성의과학대학교,예체능계열,162.0,48,29.63
2021.0,화성의과학대학교,인문사회계열,336.0,114,33.93
2021.0,화성의과학대학교,자연과학계열,257.0,16,6.23
2022.0,가야대학교(김해),인문사회계열,672.0,93,13.84
2022.0,가야대학교(김해),자연과학계열,1683.0,123,7.31
2022.0,가천대학교,공학계열,8392.0,329,3.92
2022.0,가천대학교,예체능계열,2484.0,106,4.27
2022.0,가천대학교,인문사회계열,10325.0,379,3.67
2022.0,가천대학교,자연과학계열,4863.0,130,2.67
2022.0,가톨릭관동대학교,공학계열,2005.0,135,6.73
2022.0,가톨릭관동대학교,예체능계열,2622.0,249,9.5
2022.0,가톨릭관동대학교,인문사회계열,2591.0,212,8.18
2022.0,가톨릭관동대학교,자연과학계열,2077.0,80,3.85
2022.0,가톨릭꽃동네대학교,인문사회계열,272.0,19,6.99
2022.0,가톨릭꽃동네대학교,자연과학계열,273.0,5,1.83
2022.0,가톨릭대학교,공학계열,2137.0,80,3.74
2022.0,가톨릭대학교,예체능계열,226.0,11,4.87
2022.0,가톨릭대학교,의학계열,223.0,10,4.48
2022.0,가톨릭대학교,인문사회계열,5136.0,167,3.25
2022.0,가톨릭대학교,자연과학계열,1664.0,82,4.93
2022.0,가톨릭대학교 _제2캠퍼스,자연과학계열,968.0,15,1.55
2022.0,가톨릭대학교 _제3캠퍼스,인문사회계열,306.0,6,1.96
2022.0,감리교신학대학교,인문사회계열,925.0,61,6.59
2022.0,강남대학교,공학계열,2311.0,121,5.24
2022.0,강남대학교,인문사회계열,4855.0,273,5.62
2022.0,강남대학교,자연과학계열,568.0,14,2.46
2022.0,강서대학교,예체능계열,132.0,16,12.12
2022.0,강서대학교,인문사회계열,1341.0,95,7.08
2022.0,강서대학교,자연과학계열,353.0,14,3.97
2022.0,강원대학교,공학계열,3535.0,123,3.48
2022.0,강원대학교,예체능계열,304.0,5,1.64
2022.0,강원대학교,인문사회계열,5757.0,193,3.35
2022.0,강원대학교,자연과학계열,7731.0,214,2.77
2022.0,강원대학교 _제2캠퍼스,공학계열,4852.0,351,7.23
2022.0,강원대학교 _제2캠퍼스,예체능계열,453.0,29,6.4
2022.0,강원대학교 _제2캠퍼스,인문사회계열,679.0,79,11.63
2022.0,강원대학교 _제2캠퍼스,자연과학계열,1783.0,98,5.5
2022.0,건국대학교,공학계열,9203.0,317,3.44
2022.0,건국대학교,예체능계열,1857.0,29,1.56
2022.0,건국대학교,인문사회계열,7524.0,193,2.57
2022.0,건국대학교,자연과학계열,3819.0,131,3.43
2022.0,건국대학교(글로컬) _분교,공학계열,2314.0,94,4.06
2022.0,건국대학교(글로컬) _분교,예체능계열,2058.0,63,3.06
2022.0,건국대학교(글로컬) _분교,인문사회계열,2144.0,118,5.5
2022.0,건국대학교(글로컬) _분교,자연과학계열,2368.0,87,3.67
2022.0,건양대학교,인문사회계열,3926.0,263,6.7
2022.0,건양대학교 _제2캠퍼스,공학계열,1285.0,93,7.24
2022.0,건양대학교 _제2캠퍼스,자연과학계열,2838.0,76,2.68
2022.0,경기대학교,공학계열,6482.0,262,4.04
2022.0,경기대학교,예체능계열,1970.0,90,4.57
2022.0,경기대학교,인문사회계열,6997.0,281,4.02
2022.0,경기대학교 _제2캠퍼스,인문사회계열,2614.0,129,4.93
2022.0,경남과학기술대학교,공학계열,2535.0,125,4.93
2022.0,경남과학기술대학교,인문사회계열,1386.0,74,5.34
2022.0,경남과학기술대학교,자연과학계열,1307.0,66,5.05
2022.0,경남대학교,공학계열,4988.0,345,6.92
2022.0,경남대학교,인문사회계열,5544.0,441,7.95
2022.0,경남대학교,자연과학계열,3925.0,144,3.67
2022.0,경동대학교,공학계열,33.0,4,12.12
2022.0,경동대학교,인문사회계열,658.0,102,15.5
2022.0,경동대학교,자연과학계열,76.0,18,23.68
2022.0,경동대학교 _제3캠퍼스,인문사회계열,66.0,9,13.64
2022.0,경동대학교 _제3캠퍼스,자연과학계열,4504.0,189,4.2
2022.0,경동대학교 _제4캠퍼스,공학계열,1358.0,75,5.52
2022.0,경동대학교 _제4캠퍼스,예체능계열,547.0,50,9.14
2022.0,경동대학교 _제4캠퍼스,인문사회계열,1529.0,89,5.82
2022.0,경동대학교 _제4캠퍼스,자연과학계열,304.0,12,3.95
2022.0,경북대학교,공학계열,10582.0,475,4.49
2022.0,경북대학교,예체능계열,683.0,28,4.1
2022.0,경북대학교,인문사회계열,7109.0,236,3.32
2022.0,경북대학교,자연과학계열,10252.0,421,4.11
2022.0,경상국립대학교,공학계열,6111.0,340,5.56
2022.0,경상국립대학교,예체능계열,30.0,2,6.67
2022.0,경상국립대학교,인문사회계열,5436.0,251,4.62
2022.0,경상국립대학교,자연과학계열,7444.0,308,4.14
2022.0,경성대학교,공학계열,3606.0,212,5.88
2022.0,경성대학교,예체능계열,2820.0,141,5.0
2022.0,경성대학교,인문사회계열,7541.0,427,5.66
2022.0,경성대학교,자연과학계열,2058.0,106,5.15
2022.0,경운대학교,공학계열,2561.0,403,15.74
2022.0,경운대학교,인문사회계열,971.0,110,11.33
2022.0,경운대학교,자연과학계열,2187.0,90,4.12
2022.0,경인교육대학교,예체능계열,286.0,6,2.1
2022.0,경인교육대학교,인문사회계열,630.0,24,3.81
2022.0,경인교육대학교,자연과학계열,397.0,33,8.31
2022.0,경인교육대학교 _제2캠퍼스,예체능계열,301.0,1,0.33
2022.0,경인교육대학교 _제2캠퍼스,인문사회계열,659.0,2,0.3
2022.0,경인교육대학교 _제2캠퍼스,자연과학계열,346.0,5,1.45
2022.0,경일대학교,공학계열,4036.0,410,10.16
2022.0,경일대학교,예체능계열,4733.0,327,6.91
2022.0,경일대학교,인문사회계열,86.0,15,17.44
2022.0,경희대학교,공학계열,6422.0,269,4.19
2022.0,경희대학교,예체능계열,5500.0,151,2.75
2022.0,경희대학교,인문사회계열,14176.0,411,2.9
2022.0,경희대학교,자연과학계열,7704.0,315,4.09
2022.0,계명대학교,공학계열,5956.0,307,5.15
2022.0,계명대학교,예체능계열,4962.0,227,4.57
2022.0,계명대학교,인문사회계열,12870.0,650,5.05
2022.0,계명대학교,자연과학계열,4232.0,216,5.1
2022.0,고려대학교,공학계열,6152.0,239,3.88
2022.0,고려대학교,예체능계열,1023.0,9,0.88
2022.0,고려대학교,인문사회계열,11389.0,218,1.91
2022.0,고려대학교,자연과학계열,8189.0,429,5.24
2022.0,고려대학교(세종) _분교,공학계열,3868.0,249,6.44
2022.0,고려대학교(세종) _분교,인문사회계열,4961.0,229,4.62
2022.0,고려대학교(세종) _분교,자연과학계열,194.0,6,3.09
2022.0,고신대학교,인문사회계열,2253.0,271,12.03
2022.0,고신대학교,자연과학계열,2017.0,140,6.94
2022.0,공주교육대학교,자연과학계열,1434.0,43,3.0
2022.0,광신대학교,예체능계열,127.0,11,8.66
2022.0,광신대학교,인문사회계열,404.0,42,10.4
2022.0,광운대학교,공학계열,5775.0,224,3.88
2022.0,광운대학교,인문사회계열,4524.0,189,4.18
2022.0,광운대학교,자연과학계열,968.0,45,4.65
2022.0,광주가톨릭대학교,인문사회계열,114.0,10,8.77
2022.0,광주과학기술원,공학계열,498.0,11,2.21
2022.0,광주과학기술원,인문사회계열,307.0,27,8.79
2022.0,광주과학기술원,자연과학계열,204.0,10,4.9
2022.0,광주교육대학교,예체능계열,327.0,7,2.14
2022.0,광주교육대학교,인문사회계열,580.0,18,3.1
2022.0,광주교육대학교,자연과학계열,430.0,11,2.56
2022.0,광주대학교,공학계열,1763.0,250,14.18
2022.0,광주대학교,예체능계열,125.0,18,14.4
2022.0,광주대학교,인문사회계열,1938.0,268,13.83
2022.0,광주대학교,자연과학계열,1490.0,79,5.3
2022.0,광주여자대학교,공학계열,24.0,2,8.33
2022.0,광주여자대학교,예체능계열,149.0,37,24.83
2022.0,광주여자대학교,인문사회계열,1740.0,144,8.28
2022.0,광주여자대학교,자연과학계열,2069.0,118,5.7
2022.0,국립강릉원주대학교,공학계열,1235.0,69,5.59
2022.0,국립강릉원주대학교,예체능계열,714.0,42,5.88
2022.0,국립강릉원주대학교,인문사회계열,2863.0,189,6.6
2022.0,국립강릉원주대학교,자연과학계열,2608.0,158,6.06
2022.0,국립강릉원주대학교 _제2캠퍼스,공학계열,1853.0,91,4.91
2022.0,국립강릉원주대학교 _제2캠퍼스,인문사회계열,983.0,36,3.66
2022.0,국립경국대학교,공학계열,2171.0,147,6.77
2022.0,국립경국대학교,인문사회계열,2554.0,183,7.17
2022.0,국립경국대학교,자연과학계열,2689.0,158,5.88
2022.0,국립공주대학교,공학계열,5292.0,68,1.28
2022.0,국립공주대학교,예체능계열,951.0,33,3.47
2022.0,국립공주대학교,인문사회계열,4354.0,225,5.17
2022.0,국립공주대학교,자연과학계열,4643.0,143,3.08
2022.0,국립군산대학교,공학계열,5120.0,232,4.53
2022.0,국립군산대학교,예체능계열,403.0,29,7.2
2022.0,국립군산대학교,인문사회계열,2453.0,147,5.99
2022.0,국립군산대학교,자연과학계열,1069.0,53,4.96
2022.0,국립금오공과대학교,공학계열,7014.0,331,4.72
2022.0,국립금오공과대학교,인문사회계열,262.0,21,8.02
2022.0,국립금오공과대학교,자연과학계열,364.0,24,6.59
2022.0,국립목포대학교,공학계열,3060.0,168,5.49
2022.0,국립목포대학교,예체능계열,817.0,59,7.22
2022.0,국립목포대학교,인문사회계열,3185.0,235,7.38
2022.0,국립목포대학교,자연과학계열,1601.0,111,6.93
2022.0,국립목포해양대학교,공학계열,3102.0,200,6.45
2022.0,국립부경대학교,공학계열,11493.0,516,4.49
2022.0,국립부경대학교,인문사회계열,5873.0,257,4.38
2022.0,국립부경대학교,자연과학계열,3602.0,167,4.64
2022.0,국립순천대학교,공학계열,2703.0,218,8.07
2022.0,국립순천대학교,인문사회계열,3015.0,221,7.33
2022.0,국립순천대학교,자연과학계열,3147.0,152,4.83
2022.0,국립창원대학교,공학계열,3961.0,199,5.02
2022.0,국립창원대학교,예체능계열,600.0,31,5.17
2022.0,국립창원대학교,인문사회계열,4001.0,198,4.95
2022.0,국립창원대학교,자연과학계열,1569.0,99,6.31
2022.0,국립한국교통대학교,공학계열,8315.0,493,5.93
2022.0,국립한국교통대학교,인문사회계열,2547.0,168,6.6
2022.0,국립한국해양대학교,공학계열,5854.0,231,3.95
2022.0,국립한국해양대학교,인문사회계열,1732.0,85,4.91
2022.0,국립한밭대학교,공학계열,7326.0,365,4.98
2022.0,국립한밭대학교,인문사회계열,2102.0,141,6.71
2022.0,국민대학교,공학계열,8010.0,235,2.93
2022.0,국민대학교,예체능계열,3453.0,74,2.14
2022.0,국민대학교,인문사회계열,8383.0,292,3.48
2022.0,국민대학교,인문사회계열,122.0,6,4.92
2022.0,극동대학교,공학계열,1389.0,105,7.56
2022.0,극동대학교,예체능계열,759.0,66,8.7
2022.0,극동대학교,인문사회계열,864.0,70,8.1
2022.0,극동대학교,자연과학계열,1333.0,68,5.1
2022.0,금강대학교,인문사회계열,324.0,54,16.67
2022.0,김천대학교,공학계열,451.0,71,15.74
2022.0,김천대학교,예체능계열,781.0,124,15.88
2022.0,김천대학교,자연과학계열,2031.0,245,12.06
2022.0,나사렛대학교,공학계열,31.0,3,9.68
2022.0,나사렛대학교,예체능계열,1178.0,75,6.37
2022.0,나사렛대학교,인문사회계열,3725.0,256,6.87
2022.0,나사렛대학교,자연과학계열,1495.0,67,4.48
2022.0,남부대학교,공학계열,362.0,51,14.09
2022.0,남부대학교,예체능계열,333.0,50,15.02
2022.0,남부대학교,인문사회계열,855.0,117,13.68
2022.0,남부대학교,자연과학계열,2019.0,78,3.86
2022.0,남서울대학교,공학계열,3699.0,199,5.38
2022.0,남서울대학교,예체능계열,1451.0,73,5.03
2022.0,남서울대학교,인문사회계열,3986.0,300,7.53
2022.0,남서울대학교,자연과학계열,3219.0,138,4.29
2022.0,단국대학교,공학계열,4855.0,170,3.5
2022.0,단국대학교,예체능계열,1521.0,59,3.88
2022.0,단국대학교,인문사회계열,5708.0,175,3.07
2022.0,단국대학교,자연과학계열,844.0,34,4.03
2022.0,단국대학교 _제2캠퍼스,공학계열,2710.0,140,5.17
2022.0,단국대학교 _제2캠퍼스,예체능계열,2210.0,117,5.29
2022.0,단국대학교 _제2캠퍼스,인문사회계열,2853.0,134,4.7
2022.0,단국대학교 _제2캠퍼스,자연과학계열,3417.0,124,3.63
2022.0,대구가톨릭대학교,공학계열,3594.0,236,6.57
2022.0,대구가톨릭대학교,예체능계열,1452.0,102,7.02
2022.0,대구가톨릭대학교,인문사회계열,8109.0,517,6.38
2022.0,대구가톨릭대학교,자연과학계열,1997.0,57,2.85
2022.0,대구경북과학기술원,자연과학계열,1052.0,29,2.76
2022.0,대구교육대학교,예체능계열,357.0,11,3.08
2022.0,대구교육대학교,인문사회계열,685.0,20,2.92
2022.0,대구교육대학교,자연과학계열,564.0,11,1.95
2022.0,대구대학교,공학계열,4884.0,358,7.33
2022.0,대구대학교,예체능계열,1535.0,89,5.8
2022.0,대구대학교,인문사회계열,11210.0,816,7.28
2022.0,대구대학교,자연과학계열,4505.0,208,4.62
2022.0,대구예술대학교,예체능계열,895.0,136,15.2
2022.0,대구예술대학교,인문사회계열,98.0,16,16.33
2022.0,대구한의대학교,인문사회계열,511.0,85,16.63
2022.0,대구한의대학교,자연과학계열,6652.0,373,5.61
2022.0,대신대학교,예체능계열,185.0,13,7.03
2022.0,대신대학교,인문사회계열,414.0,34,8.21
2022.0,대전가톨릭대학교,인문사회계열,50.0,3,6.0
2022.0,대전대학교,공학계열,3405.0,221,6.49
2022.0,대전대학교,예체능계열,775.0,42,5.42
2022.0,대전대학교,인문사회계열,5314.0,357,6.72
2022.0,대전대학교,자연과학계열,2429.0,101,4.16
2022.0,대전신학대학교,인문사회계열,71.0,10,14.08
2022.0,대진대학교,공학계열,4548.0,209,4.6
2022.0,대진대학교,인문사회계열,5493.0,287,5.22
2022.0,덕성여자대학교,공학계열,1293.0,79,6.11
2022.0,덕성여자대학교,예체능계열,650.0,19,2.92
2022.0,덕성여자대학교,인문사회계열,3627.0,140,3.86
2022.0,덕성여자대학교,자연과학계열,921.0,26,2.82
2022.0,동국대학교,공학계열,4837.0,169,3.49
2022.0,동국대학교,예체능계열,1210.0,28,2.31
2022.0,동국대학교,인문사회계열,8490.0,207,2.44
2022.0,동국대학교,자연과학계열,3246.0,127,3.91
2022.0,동국대학교(WISE) _분교,공학계열,2522.0,157,6.23
2022.0,동국대학교(WISE) _분교,인문사회계열,6001.0,367,6.12
2022.0,동국대학교(WISE) _분교,자연과학계열,1600.0,49,3.06
2022.0,동덕여자대학교,예체능계열,2156.0,81,3.76
2022.0,동덕여자대학교,인문사회계열,3142.0,124,3.95
2022.0,동덕여자대학교,자연과학계열,1519.0,54,3.55
2022.0,동명대학교,공학계열,5809.0,708,12.19
2022.0,동명대학교,예체능계열,150.0,8,5.33
2022.0,동명대학교,인문사회계열,2865.0,380,13.26
2022.0,동명대학교,자연과학계열,1787.0,129,7.22
2022.0,동서대학교,공학계열,4238.0,219,5.17
2022.0,동서대학교,예체능계열,1338.0,77,5.75
2022.0,동서대학교,인문사회계열,4619.0,327,7.08
2022.0,동서대학교,자연과학계열,2567.0,107,4.17
2022.0,동신대학교,공학계열,2099.0,334,15.91
2022.0,동신대학교,인문사회계열,4557.0,517,11.35
2022.0,동신대학교,자연과학계열,1054.0,22,2.09
2022.0,동아대학교,공학계열,8470.0,351,4.14
2022.0,동아대학교,예체능계열,1903.0,88,4.62
2022.0,동아대학교,인문사회계열,9808.0,360,3.67
2022.0,동아대학교,자연과학계열,3660.0,157,4.29
2022.0,동양대학교,공학계열,2294.0,187,8.15
2022.0,동양대학교,예체능계열,1005.0,112,11.14
2022.0,동양대학교,인문사회계열,1498.0,147,9.81
2022.0,동양대학교,자연과학계열,333.0,9,2.7
2022.0,동의대학교,공학계열,8982.0,529,5.89
2022.0,동의대학교,예체능계열,1542.0,120,7.78
2022.0,동의대학교,인문사회계열,7714.0,503,6.52
2022.0,동의대학교,자연과학계열,1982.0,57,2.88
2022.0,루터대학교,인문사회계열,393.0,48,12.21
2022.0,명지대학교,공학계열,5242.0,224,4.27
2022.0,명지대학교,예체능계열,1755.0,103,5.87
2022.0,명지대학교,인문사회계열,715.0,31,4.34
2022.0,명지대학교,자연과학계열,1004.0,52,5.18
2022.0,명지대학교 _제2캠퍼스,공학계열,1054.0,46,4.36
2022.0,명지대학교 _제2캠퍼스,인문사회계열,9481.0,419,4.42
2022.0,목원대학교,공학계열,1825.0,119,6.52
2022.0,목원대학교,예체능계열,2882.0,180,6.25
2022.0,목원대학교,인문사회계열,2913.0,243,8.34
2022.0,목원대학교,자연과학계열,2140.0,128,5.98
2022.0,목포가톨릭대학교,인문사회계열,139.0,4,2.88
2022.0,목포가톨릭대학교,자연과학계열,427.0,10,2.34
2022.0,배재대학교,공학계열,2498.0,201,8.05
2022.0,배재대학교,예체능계열,2047.0,174,8.5
2022.0,배재대학교,인문사회계열,4059.0,381,9.39
2022.0,배재대학교,자연과학계열,1566.0,107,6.83
2022.0,백석대학교,공학계열,1579.0,91,5.76
2022.0,백석대학교,예체능계열,3428.0,209,6.1
2022.0,백석대학교,인문사회계열,7664.0,403,5.26
2022.0,백석대학교,자연과학계열,2938.0,110,3.74
2022.0,부산가톨릭대학교,인문사회계열,973.0,82,8.43
2022.0,부산가톨릭대학교,자연과학계열,3354.0,141,4.2
2022.0,부산교육대학교,예체능계열,363.0,7,1.93
2022.0,부산교육대학교,인문사회계열,699.0,18,2.58
2022.0,부산교육대학교,자연과학계열,458.0,14,3.06
2022.0,부산대학교,공학계열,8783.0,397,4.52
2022.0,부산대학교,예체능계열,1709.0,55,3.22
2022.0,부산대학교,인문사회계열,7357.0,236,3.21
2022.0,부산대학교,자연과학계열,8671.0,363,4.19
2022.0,부산외국어대학교,공학계열,767.0,38,4.95
2022.0,부산외국어대학교,인문사회계열,8160.0,479,5.87
2022.0,부산장신대학교,인문사회계열,93.0,18,19.35
2022.0,부산장신대학교,자연과학계열,87.0,8,9.2
2022.0,삼육대학교,공학계열,2004.0,82,4.09
2022.0,삼육대학교,예체능계열,977.0,32,3.28
2022.0,삼육대학교,인문사회계열,3501.0,124,3.54
2022.0,삼육대학교,자연과학계열,571.0,14,2.45
2022.0,상명대학교,공학계열,2622.0,91,3.47
2022.0,상명대학교,예체능계열,1379.0,49,3.55
2022.0,상명대학교,인문사회계열,3892.0,168,4.32
2022.0,상명대학교,자연과학계열,805.0,47,5.84
2022.0,상명대학교 _제2캠퍼스,공학계열,4065.0,169,4.16
2022.0,상명대학교 _제2캠퍼스,예체능계열,2702.0,67,2.48
2022.0,상명대학교 _제2캠퍼스,인문사회계열,919.0,49,5.33
2022.0,상지대학교,공학계열,1319.0,107,8.11
2022.0,상지대학교,예체능계열,1117.0,75,6.71
2022.0,상지대학교,인문사회계열,2470.0,228,9.23
2022.0,상지대학교,자연과학계열,4253.0,179,4.21
2022.0,서강대학교,공학계열,2763.0,96,3.47
2022.0,서강대학교,인문사회계열,7481.0,257,3.44
2022.0,서강대학교,자연과학계열,1264.0,75,5.93
2022.0,서경대학교,공학계열,2960.0,114,3.85
2022.0,서경대학교,예체능계열,2138.0,101,4.72
2022.0,서경대학교,인문사회계열,2326.0,133,5.72
2022.0,서울과학기술대학교,공학계열,9494.0,350,3.69
2022.0,서울과학기술대학교,예체능계열,3072.0,120,3.91
2022.0,서울과학기술대학교,인문사회계열,749.0,32,4.27
2022.0,서울과학기술대학교,자연과학계열,176.0,5,2.84
2022.0,서울교육대학교,예체능계열,364.0,17,4.67
2022.0,서울교육대학교,인문사회계열,712.0,40,5.62
2022.0,서울교육대학교,자연과학계열,462.0,26,5.63
2022.0,서울기독대학교,예체능계열,115.0,11,9.57
2022.0,서울기독대학교,인문사회계열,278.0,19,6.83
2022.0,서울대학교,공학계열,5308.0,119,2.24
2022.0,서울대학교,예체능계열,1455.0,9,0.62
2022.0,서울대학교,인문사회계열,6567.0,67,1.02
2022.0,서울대학교,자연과학계열,7935.0,216,2.72
2022.0,서울시립대학교,공학계열,4632.0,152,3.28
2022.0,서울시립대학교,예체능계열,795.0,16,2.01
2022.0,서울시립대학교,인문사회계열,5322.0,128,2.41
2022.0,서울시립대학교,자연과학계열,1100.0,50,4.55
2022.0,서울신학대학교,공학계열,75.0,6,8.0
2022.0,서울신학대학교,예체능계열,448.0,39,8.71
2022.0,서울신학대학교,인문사회계열,2050.0,108,5.27
2022.0,서울여자대학교,공학계열,2317.0,65,2.81
2022.0,서울여자대학교,예체능계열,568.0,20,3.52
2022.0,서울여자대학교,인문사회계열,4256.0,171,4.02
2022.0,서울여자대학교,자연과학계열,1462.0,86,5.88
2022.0,서울장신대학교,예체능계열,70.0,18,25.71
2022.0,서울장신대학교,인문사회계열,383.0,18,4.7
2022.0,서울한영대학교,예체능계열,65.0,14,21.54
2022.0,서울한영대학교,인문사회계열,786.0,86,10.94
2022.0,서원대학교,공학계열,1771.0,125,7.06
2022.0,서원대학교,인문사회계열,3730.0,227,6.09
2022.0,서원대학교,자연과학계열,2918.0,127,4.35
2022.0,선문대학교,공학계열,4458.0,322,7.22
2022.0,선문대학교,인문사회계열,5707.0,405,7.1
2022.0,선문대학교,자연과학계열,2316.0,142,6.13
2022.0,성결대학교,공학계열,1568.0,80,5.1
2022.0,성결대학교,예체능계열,835.0,58,6.95
2022.0,성결대학교,인문사회계열,3535.0,193,5.46
2022.0,성결대학교,자연과학계열,451.0,8,1.77
2022.0,성공회대학교,공학계열,781.0,39,4.99
2022.0,성공회대학교,인문사회계열,2014.0,107,5.31
2022.0,성균관대학교,공학계열,7029.0,268,3.81
2022.0,성균관대학교,예체능계열,1970.0,62,3.15
2022.0,성균관대학교,인문사회계열,11537.0,288,2.5
2022.0,성균관대학교,자연과학계열,3940.0,154,3.91
2022.0,성신여자대학교,공학계열,1877.0,80,4.26
2022.0,성신여자대학교,예체능계열,2259.0,72,3.19
2022.0,성신여자대학교,인문사회계열,4330.0,170,3.93
2022.0,성신여자대학교,자연과학계열,2157.0,75,3.48
2022.0,세명대학교,공학계열,2184.0,162,7.42
2022.0,세명대학교,인문사회계열,4640.0,402,8.66
2022.0,세명대학교,자연과학계열,2721.0,149,5.48
2022.0,세종대학교,공학계열,6750.0,279,4.13
2022.0,세종대학교,예체능계열,1490.0,57,3.83
2022.0,세종대학교,인문사회계열,4674.0,219,4.69
2022.0,세종대학교,자연과학계열,1799.0,118,6.56
2022.0,세한대학교,공학계열,365.0,2,0.55
2022.0,세한대학교,예체능계열,286.0,48,16.78
2022.0,세한대학교,인문사회계열,1378.0,143,10.38
2022.0,세한대학교,자연과학계열,753.0,48,6.37
2022.0,송원대학교,공학계열,1074.0,137,12.76
2022.0,송원대학교,예체능계열,390.0,47,12.05
2022.0,송원대학교,인문사회계열,2011.0,196,9.75
2022.0,송원대학교,자연과학계열,48.0,6,12.5
2022.0,수원가톨릭대학교,인문사회계열,171.0,9,5.26
2022.0,수원대학교,공학계열,3517.0,193,5.49
2022.0,수원대학교,예체능계열,2045.0,161,7.87
2022.0,수원대학교,인문사회계열,4881.0,257,5.27
2022.0,수원대학교,자연과학계열,1368.0,59,4.31
2022.0,숙명여자대학교,공학계열,2016.0,97,4.81
2022.0,숙명여자대학교,예체능계열,1627.0,32,1.97
2022.0,숙명여자대학교,인문사회계열,6093.0,149,2.45
2022.0,숙명여자대학교,자연과학계열,2258.0,119,5.27
2022.0,순복음총회신학교,예체능계열,14.0,5,35.71
2022.0,순복음총회신학교,인문사회계열,47.0,8,17.02
2022.0,순천향대학교,공학계열,5953.0,340,5.71
2022.0,순천향대학교,인문사회계열,3823.0,222,5.81
2022.0,순천향대학교,자연과학계열,4164.0,195,4.68
2022.0,숭실대학교,공학계열,7944.0,231,2.91
2022.0,숭실대학교,인문사회계열,10217.0,314,3.07
2022.0,숭실대학교,자연과학계열,1325.0,80,6.04
2022.0,신경주대학교,예체능계열,69.0,7,10.14
2022.0,신경주대학교,인문사회계열,397.0,91,22.92
2022.0,신경주대학교,자연과학계열,358.0,32,8.94
2022.0,신라대학교,공학계열,2407.0,264,10.97
2022.0,신라대학교,예체능계열,715.0,65,9.09
2022.0,신라대학교,인문사회계열,4134.0,380,9.19
2022.0,신라대학교,자연과학계열,1638.0,99,6.04
2022.0,신한대학교,인문사회계열,314.0,18,5.73
2022.0,신한대학교,자연과학계열,1496.0,77,5.15
2022.0,신한대학교 _제2캠퍼스,예체능계열,1033.0,95,9.2
2022.0,신한대학교 _제2캠퍼스,인문사회계열,2780.0,126,4.53
2022.0,신한대학교 _제2캠퍼스,자연과학계열,2645.0,108,4.08
2022.0,아신대학교,인문사회계열,557.0,57,10.23
2022.0,아주대학교,공학계열,7224.0,245,3.39
2022.0,아주대학교,인문사회계열,4434.0,147,3.32
2022.0,아주대학교,자연과학계열,1801.0,57,3.16
2022.0,안양대학교,공학계열,1874.0,62,3.31
2022.0,안양대학교,예체능계열,139.0,6,4.32
2022.0,안양대학교,인문사회계열,2426.0,132,5.44
2022.0,안양대학교,자연과학계열,231.0,15,6.49
2022.0,안양대학교 _제2캠퍼스,공학계열,183.0,12,6.56
2022.0,안양대학교 _제2캠퍼스,예체능계열,77.0,11,14.29
2022.0,안양대학교 _제2캠퍼스,인문사회계열,98.0,5,5.1
2022.0,안양대학교 _제2캠퍼스,자연과학계열,54.0,8,14.81
2022.0,연세대학교,공학계열,5377.0,122,2.27
2022.0,연세대학교,예체능계열,660.0,12,1.82
2022.0,연세대학교,인문사회계열,17518.0,593,3.39
2022.0,연세대학교,자연과학계열,3693.0,76,2.06
2022.0,연세대학교(미래) _분교,공학계열,2781.0,175,6.29
2022.0,연세대학교(미래) _분교,인문사회계열,2815.0,103,3.66
2022.0,연세대학교(미래) _분교,자연과학계열,2813.0,61,2.17
2022.0,영남대학교,공학계열,10076.0,405,4.02
2022.0,영남대학교,예체능계열,1887.0,67,3.55
2022.0,영남대학교,인문사회계열,9235.0,435,4.71
2022.0,영남대학교,자연과학계열,6528.0,310,4.75
2022.0,영남신학대학교,인문사회계열,501.0,40,7.98
2022.0,영산대학교,공학계열,794.0,95,11.96
2022.0,영산대학교,인문사회계열,1028.0,134,13.04
2022.0,영산대학교,자연과학계열,1017.0,48,4.72
2022.0,영산대학교 _제2캠퍼스,공학계열,699.0,61,8.73
2022.0,영산대학교 _제2캠퍼스,예체능계열,1309.0,124,9.47
2022.0,영산대학교 _제2캠퍼스,인문사회계열,2349.0,262,11.15
2022.0,영산선학대학교,인문사회계열,53.0,2,3.77
2022.0,예수대학교,인문사회계열,46.0,5,10.87
2022.0,예수대학교,자연과학계열,547.0,7,1.28
2022.0,예원예술대학교,예체능계열,1176.0,138,11.73
2022.0,예원예술대학교,인문사회계열,134.0,5,3.73
2022.0,예원예술대학교 _제2캠퍼스,예체능계열,482.0,52,10.79
2022.0,용인대학교,공학계열,1051.0,69,6.57
2022.0,용인대학교,예체능계열,4994.0,276,5.53
2022.0,용인대학교,인문사회계열,326.0,29,8.9
2022.0,용인대학교,자연과학계열,1125.0,63,5.6
2022.0,우석대학교,공학계열,1324.0,149,11.25
2022.0,우석대학교,예체능계열,1436.0,154,10.72
2022.0,우석대학교,인문사회계열,3939.0,361,9.16
2022.0,우석대학교,자연과학계열,2181.0,103,4.72
2022.0,우송대학교,공학계열,5864.0,323,5.51
2022.0,우송대학교,인문사회계열,6557.0,258,3.93
2022.0,울산과학기술원,공학계열,1979.0,79,3.99
2022.0,울산과학기술원,인문사회계열,199.0,5,2.51
2022.0,울산과학기술원,자연과학계열,223.0,7,3.14
2022.0,울산대학교,공학계열,6672.0,278,4.17
2022.0,울산대학교,예체능계열,1185.0,69,5.82
2022.0,울산대학교,인문사회계열,5553.0,315,5.67
2022.0,울산대학교,자연과학계열,3329.0,154,4.63
2022.0,원광대학교,공학계열,5219.0,376,7.2
2022.0,원광대학교,예체능계열,901.0,62,6.88
2022.0,원광대학교,인문사회계열,5277.0,470,8.91
2022.0,원광대학교,자연과학계열,7481.0,281,3.76
2022.0,위덕대학교,공학계열,431.0,67,15.55
2022.0,위덕대학교,예체능계열,272.0,47,17.28
2022.0,위덕대학교,인문사회계열,1678.0,241,14.36
2022.0,위덕대학교,자연과학계열,841.0,67,7.97
2022.0,유원대학교,공학계열,1070.0,123,11.5
2022.0,유원대학교,예체능계열,436.0,58,13.3
2022.0,유원대학교,인문사회계열,1709.0,295,17.26
2022.0,유원대학교,자연과학계열,1536.0,143,9.31
2022.0,을지대학교,자연과학계열,302.0,1,0.33
2022.0,을지대학교 _제2캠퍼스,자연과학계열,3357.0,121,3.6
2022.0,을지대학교 _제3캠퍼스,자연과학계열,680.0,17,2.5
2022.0,이화여자대학교,공학계열,2616.0,70,2.68
2022.0,이화여자대학교,예체능계열,2418.0,28,1.16
2022.0,이화여자대학교,인문사회계열,8597.0,189,2.2
2022.0,이화여자대학교,자연과학계열,5020.0,178,3.55
2022.0,인제대학교,공학계열,4146.0,333,8.03
2022.0,인제대학교,인문사회계열,3150.0,236,7.49
2022.0,인제대학교,자연과학계열,3036.0,109,3.59
2022.0,인천가톨릭대학교,인문사회계열,75.0,7,9.33
2022.0,인천가톨릭대학교 _제2캠퍼스,예체능계열,550.0,36,6.55
2022.0,인천가톨릭대학교 _제2캠퍼스,자연과학계열,205.0,3,1.46
2022.0,인천대학교,공학계열,6380.0,232,3.64
2022.0,인천대학교,예체능계열,1374.0,52,3.78
2022.0,인천대학교,인문사회계열,5116.0,181,3.54
2022.0,인천대학교,자연과학계열,1825.0,61,3.34
2022.0,인하대학교,공학계열,11771.0,380,3.23
2022.0,인하대학교,예체능계열,1233.0,26,2.11
2022.0,인하대학교,인문사회계열,8338.0,251,3.01
2022.0,인하대학교,자연과학계열,3576.0,123,3.44
2022.0,장로회신학대학교,인문사회계열,816.0,35,4.29
2022.0,전남대학교,공학계열,5523.0,267,4.83
2022.0,전남대학교,예체능계열,909.0,30,3.3
2022.0,전남대학교,인문사회계열,6428.0,224,3.48
2022.0,전남대학교,자연과학계열,8601.0,319,3.71
2022.0,전남대학교 _제2캠퍼스,공학계열,2931.0,237,8.09
2022.0,전남대학교 _제2캠퍼스,인문사회계열,1149.0,76,6.61
2022.0,전북대학교,공학계열,7713.0,337,4.37
2022.0,전북대학교,예체능계열,748.0,31,4.14
2022.0,전북대학교,인문사회계열,6569.0,260,3.96
2022.0,전북대학교,자연과학계열,8693.0,329,3.78
2022.0,전주교육대학교,예체능계열,298.0,8,2.68
2022.0,전주교육대학교,인문사회계열,483.0,15,3.11
2022.0,전주교육대학교,자연과학계열,388.0,20,5.15
2022.0,전주대학교,공학계열,5396.0,387,7.17
2022.0,전주대학교,인문사회계열,6857.0,503,7.34
2022.0,전주대학교,자연과학계열,2922.0,141,4.83
2022.0,제주국제대학교,공학계열,271.0,51,18.82
2022.0,제주국제대학교,예체능계열,179.0,45,25.14
2022.0,제주국제대학교,인문사회계열,195.0,38,19.49
2022.0,제주국제대학교,자연과학계열,13.0,10,76.92
2022.0,제주대학교,공학계열,3653.0,202,5.53
2022.0,제주대학교,예체능계열,569.0,48,8.44
2022.0,제주대학교,인문사회계열,4955.0,247,4.98
2022.0,제주대학교,자연과학계열,4047.0,190,4.69
2022.0,조선대학교,공학계열,9555.0,457,4.78
2022.0,조선대학교,예체능계열,5259.0,305,5.8
2022.0,조선대학교,인문사회계열,7766.0,457,5.88
2022.0,조선대학교,자연과학계열,3252.0,77,2.37
2022.0,중부대학교,공학계열,2134.0,167,7.83
2022.0,중부대학교,예체능계열,2226.0,164,7.37
2022.0,중부대학교,인문사회계열,5008.0,444,8.87
2022.0,중부대학교,자연과학계열,1761.0,133,7.55
2022.0,중앙대학교,공학계열,5287.0,202,3.82
2022.0,중앙대학교,예체능계열,607.0,28,4.61
2022.0,중앙대학교,인문사회계열,14017.0,409,2.92
2022.0,중앙대학교,자연과학계열,5129.0,217,4.23
2022.0,중앙대학교 _제2캠퍼스,공학계열,545.0,33,6.06
2022.0,중앙대학교 _제2캠퍼스,예체능계열,4690.0,165,3.52
2022.0,중앙대학교 _제2캠퍼스,인문사회계열,30.0,9,30.0
2022.0,중앙대학교 _제2캠퍼스,자연과학계열,1702.0,79,4.64
2022.0,중앙승가대학교,인문사회계열,108.0,16,14.81
2022.0,중원대학교,공학계열,838.0,71,8.47
2022.0,중원대학교,예체능계열,1365.0,270,19.78
2022.0,중원대학교,인문사회계열,1336.0,214,16.02
2022.0,중원대학교,자연과학계열,1227.0,103,8.39
2022.0,진주교육대학교,예체능계열,328.0,5,1.52
2022.0,진주교육대학교,인문사회계열,559.0,10,1.79
2022.0,진주교육대학교,자연과학계열,445.0,10,2.25
2022.0,차의과학대학교,공학계열,795.0,61,7.67
2022.0,차의과학대학교,자연과학계열,1863.0,94,5.05
2022.0,창신대학교,공학계열,55.0,7,12.73
2022.0,창신대학교,인문사회계열,624.0,94,15.06
2022.0,창신대학교,자연과학계열,859.0,50,5.82
2022.0,청운대학교,공학계열,1619.0,89,5.5
2022.0,청운대학교,예체능계열,1242.0,161,12.96
2022.0,청운대학교,인문사회계열,2046.0,146,7.14
2022.0,청운대학교,자연과학계열,1118.0,77,6.89
2022.0,청주교육대학교,예체능계열,302.0,13,4.3
2022.0,청주교육대학교,인문사회계열,507.0,17,3.35
2022.0,청주교육대학교,자연과학계열,397.0,14,3.53
2022.0,청주대학교,공학계열,5417.0,281,5.19
2022.0,청주대학교,예체능계열,1948.0,84,4.31
2022.0,청주대학교,인문사회계열,6069.0,283,4.66
2022.0,청주대학교,자연과학계열,2266.0,70,3.09
2022.0,초당대학교,공학계열,1037.0,168,16.2
2022.0,초당대학교,예체능계열,198.0,44,22.22
2022.0,초당대학교,인문사회계열,1285.0,301,23.42
2022.0,초당대학교,자연과학계열,1407.0,151,10.73
2022.0,총신대학교,예체능계열,298.0,16,5.37
2022.0,총신대학교,인문사회계열,1427.0,40,2.8
2022.0,총신대학교,자연과학계열,85.0,7,8.24
2022.0,추계예술대학교,예체능계열,1055.0,67,6.35
2022.0,추계예술대학교,인문사회계열,224.0,8,3.57
2022.0,추계예술대학교,인문사회계열,117.0,2,1.71
2022.0,춘천교육대학교,예체능계열,328.0,7,2.13
2022.0,춘천교육대학교,인문사회계열,563.0,19,3.37
2022.0,춘천교육대학교,자연과학계열,439.0,26,5.92
2022.0,충남대학교,공학계열,5924.0,261,4.41
2022.0,충남대학교,예체능계열,669.0,27,4.04
2022.0,충남대학교,인문사회계열,7200.0,282,3.92
2022.0,충남대학교,자연과학계열,8507.0,349,4.1
2022.0,충북대학교,공학계열,5715.0,210,3.67
2022.0,충북대학교,예체능계열,206.0,12,5.83
2022.0,충북대학교,인문사회계열,6698.0,275,4.11
2022.0,충북대학교,자연과학계열,4915.0,215,4.37
2022.0,칼빈대학교,공학계열,30.0,4,13.33
2022.0,칼빈대학교,예체능계열,44.0,4,9.09
2022.0,칼빈대학교,인문사회계열,441.0,52,11.79
2022.0,칼빈대학교,자연과학계열,48.0,4,8.33
2022.0,평택대학교,공학계열,1566.0,109,6.96
2022.0,평택대학교,예체능계열,667.0,97,14.54
2022.0,평택대학교,인문사회계열,1256.0,109,8.68
2022.0,평택대학교,자연과학계열,861.0,71,8.25
2022.0,포항공과대학교,공학계열,1675.0,36,2.15
2022.0,한경국립대학교,공학계열,3085.0,176,5.71
2022.0,한경국립대학교,예체능계열,191.0,9,4.71
2022.0,한경국립대학교,인문사회계열,1085.0,84,7.74
2022.0,한경국립대학교,자연과학계열,1855.0,106,5.71
2022.0,한국공학대학교,공학계열,8158.0,370,4.54
2022.0,한국공학대학교,인문사회계열,986.0,59,5.98
2022.0,한국과학기술원,공학계열,3857.0,92,2.39
2022.0,한국과학기술원,인문사회계열,120.0,2,1.67
2022.0,한국과학기술원,자연과학계열,797.0,31,3.89
2022.0,한국교원대학교,예체능계열,250.0,0,0.0
2022.0,한국교원대학교,인문사회계열,1463.0,35,2.39
2022.0,한국교원대학교,자연과학계열,883.0,31,3.51
2022.0,한국기술교육대학교,공학계열,5509.0,217,3.94
2022.0,한국기술교육대학교,인문사회계열,410.0,50,12.2
2022.0,한국방송통신대학교,인문사회계열,93568.0,19732,21.09
2022.0,한국방송통신대학교,자연과학계열,41433.0,8301,20.03
2022.0,한국성서대학교,공학계열,211.0,8,3.79
2022.0,한국성서대학교,인문사회계열,733.0,47,6.41
2022.0,한국성서대학교,자연과학계열,242.0,3,1.24
2022.0,한국에너지공과대학교,공학계열,107.0,7,6.54
2022.0,한국예술종합학교,예체능계열,3275.0,66,2.02
2022.0,한국외국어대학교,공학계열,1670.0,87,5.21
2022.0,한국외국어대학교,예체능계열,186.0,1,0.54
2022.0,한국외국어대학교,인문사회계열,18727.0,684,3.65
2022.0,한국외국어대학교,자연과학계열,2098.0,130,6.2
2022.0,한국전통문화대학교,인문사회계열,442.0,1,0.23
2022.0,한국전통문화대학교,자연과학계열,302.0,0,0.0
2022.0,한국체육대학교,예체능계열,2961.0,69,2.33
2022.0,한국침례신학대학교,예체능계열,140.0,21,15.0
2022.0,한국침례신학대학교,인문사회계열,1060.0,54,5.09
2022.0,한국항공대학교,공학계열,3844.0,145,3.77
2022.0,한국항공대학교,인문사회계열,2068.0,86,4.16
2022.0,한남대학교,공학계열,3737.0,207,5.54
2022.0,한남대학교,예체능계열,1092.0,49,4.49
2022.0,한남대학교,인문사회계열,7527.0,394,5.23
2022.0,한남대학교,자연과학계열,2535.0,155,6.11
2022.0,한동대학교,공학계열,2098.0,65,3.1
2022.0,한동대학교,인문사회계열,2903.0,79,2.72
2022.0,한동대학교,자연과학계열,328.0,13,3.96
2022.0,한라대학교,공학계열,2509.0,166,6.62
2022.0,한라대학교,인문사회계열,1947.0,122,6.27
2022.0,한림대학교,공학계열,539.0,21,3.9
2022.0,한림대학교,인문사회계열,5472.0,270,4.93
2022.0,한림대학교,자연과학계열,4329.0,151,3.49
2022.0,한서대학교,공학계열,5516.0,377,6.83
2022.0,한서대학교,예체능계열,904.0,69,7.63
2022.0,한서대학교,인문사회계열,596.0,33,5.54
2022.0,한서대학교,자연과학계열,1696.0,70,4.13
2022.0,한성대학교,공학계열,1237.0,61,4.93
2022.0,한성대학교,예체능계열,2239.0,63,2.81
2022.0,한성대학교,인문사회계열,1324.0,58,4.38
2022.0,한성대학교,자연과학계열,239.0,19,7.95
2022.0,한세대학교,공학계열,473.0,24,5.07
2022.0,한세대학교,예체능계열,815.0,51,6.26
2022.0,한세대학교,인문사회계열,1657.0,105,6.34
2022.0,한세대학교,자연과학계열,349.0,8,2.29
2022.0,한신대학교,공학계열,2146.0,107,4.99
2022.0,한신대학교,예체능계열,177.0,12,6.78
2022.0,한신대학교,인문사회계열,5180.0,347,6.7
2022.0,한양대학교,공학계열,8282.0,326,3.94
2022.0,한양대학교,예체능계열,1717.0,59,3.44
2022.0,한양대학교,인문사회계열,8548.0,256,2.99
2022.0,한양대학교,자연과학계열,3635.0,148,4.07
2022.0,한양대학교(ERICA) _분교,공학계열,5848.0,141,2.41
2022.0,한양대학교(ERICA) _분교,예체능계열,1998.0,40,2.0
2022.0,한양대학교(ERICA) _분교,인문사회계열,4336.0,122,2.81
2022.0,한양대학교(ERICA) _분교,자연과학계열,1392.0,54,3.88
2022.0,한일장신대학교,예체능계열,306.0,32,10.46
2022.0,한일장신대학교,인문사회계열,435.0,64,14.71
2022.0,한일장신대학교,자연과학계열,273.0,10,3.66
2022.0,협성대학교,공학계열,1207.0,54,4.47
2022.0,협성대학교,예체능계열,901.0,85,9.43
2022.0,협성대학교,인문사회계열,2670.0,174,6.52
2022.0,호남대학교,공학계열,2117.0,206,9.73
2022.0,호남대학교,인문사회계열,4493.0,370,8.24
2022.0,호남대학교,자연과학계열,2282.0,90,3.94
2022.0,호남신학대학교,인문사회계열,757.0,40,5.28
2022.0,호서대학교,공학계열,7259.0,392,5.4
2022.0,호서대학교,예체능계열,2174.0,128,5.89
2022.0,호서대학교,인문사회계열,4679.0,314,6.71
2022.0,호서대학교,자연과학계열,1945.0,76,3.91
2022.0,호원대학교,공학계열,618.0,87,14.08
2022.0,호원대학교,예체능계열,499.0,62,12.42
2022.0,호원대학교,인문사회계열,344.0,55,15.99
2022.0,호원대학교,자연과학계열,191.0,16,8.38
2022.0,홍익대학교,공학계열,7310.0,316,4.32
2022.0,홍익대학교,예체능계열,4283.0,96,2.24
2022.0,홍익대학교,인문사회계열,4508.0,171,3.79
2022.0,홍익대학교,자연과학계열,724.0,26,3.59
2022.0,홍익대학교 _제2캠퍼스,공학계열,3615.0,255,7.05
2022.0,홍익대학교 _제2캠퍼스,예체능계열,2595.0,81,3.12
2022.0,홍익대학교 _제2캠퍼스,인문사회계열,1726.0,101,5.85
2022.0,화성의과학대학교,공학계열,45.0,5,11.11
2022.0,화성의과학대학교,예체능계열,98.0,8,8.16
2022.0,화성의과학대학교,인문사회계열,199.0,26,13.07
2022.0,화성의과학대학교,자연과학계열,236.0,11,4.66
2023.0,가야대학교(김해),인문사회계열,538.0,82,15.24
2023.0,가야대학교(김해),자연과학계열,1615.0,125,7.74
2023.0,가천대학교,공학계열,9062.0,318,3.51
2023.0,가천대학교,예체능계열,2557.0,103,4.03
2023.0,가천대학교,인문사회계열,10656.0,402,3.77
2023.0,가천대학교,자연과학계열,4803.0,127,2.64
2023.0,가톨릭관동대학교,공학계열,1486.0,139,9.35
2023.0,가톨릭관동대학교,예체능계열,1904.0,182,9.56
2023.0,가톨릭관동대학교,인문사회계열,2485.0,256,10.3
2023.0,가톨릭관동대학교,자연과학계열,2043.0,82,4.01
2023.0,가톨릭꽃동네대학교,인문사회계열,244.0,16,6.56
2023.0,가톨릭꽃동네대학교,자연과학계열,310.0,13,4.19
2023.0,가톨릭대학교,공학계열,2241.0,99,4.42
2023.0,가톨릭대학교,예체능계열,234.0,18,7.69
2023.0,가톨릭대학교,의학계열,243.0,5,2.06
2023.0,가톨릭대학교,인문사회계열,5146.0,168,3.26
2023.0,가톨릭대학교,자연과학계열,1682.0,72,4.28
2023.0,가톨릭대학교 _제2캠퍼스,자연과학계열,966.0,13,1.35
2023.0,가톨릭대학교 _제3캠퍼스,인문사회계열,312.0,16,5.13
2023.0,감리교신학대학교,인문사회계열,849.0,69,8.13
2023.0,강남대학교,공학계열,2464.0,114,4.63
2023.0,강남대학교,인문사회계열,4845.0,281,5.8
2023.0,강남대학교,자연과학계열,571.0,16,2.8
2023.0,강서대학교,예체능계열,144.0,10,6.94
2023.0,강서대학교,인문사회계열,1473.0,88,5.97
2023.0,강서대학교,자연과학계열,364.0,11,3.02
2023.0,강원대학교,공학계열,3268.0,104,3.18
2023.0,강원대학교,예체능계열,180.0,2,1.11
2023.0,강원대학교,인문사회계열,5860.0,206,3.52
2023.0,강원대학교,자연과학계열,7773.0,245,3.15
2023.0,강원대학교 _제2캠퍼스,공학계열,4621.0,235,5.09
2023.0,강원대학교 _제2캠퍼스,예체능계열,317.0,12,3.79
2023.0,강원대학교 _제2캠퍼스,인문사회계열,638.0,44,6.9
2023.0,강원대학교 _제2캠퍼스,자연과학계열,1736.0,87,5.01
2023.0,건국대학교,공학계열,9350.0,277,2.96
2023.0,건국대학교,예체능계열,1887.0,28,1.48
2023.0,건국대학교,인문사회계열,7352.0,220,2.99
2023.0,건국대학교,자연과학계열,3798.0,115,3.03
2023.0,건국대학교(글로컬) _분교,공학계열,2306.0,94,4.08
2023.0,건국대학교(글로컬) _분교,예체능계열,1993.0,40,2.01
2023.0,건국대학교(글로컬) _분교,인문사회계열,2281.0,111,4.87
2023.0,건국대학교(글로컬) _분교,자연과학계열,2373.0,95,4.0
2023.0,건양대학교,인문사회계열,2249.0,135,6.0
2023.0,건양대학교,자연과학계열,263.0,40,15.21
2023.0,건양대학교 _제2캠퍼스,공학계열,1057.0,65,6.15
2023.0,건양대학교 _제2캠퍼스,자연과학계열,2465.0,67,2.72
2023.0,경기대학교,공학계열,7048.0,273,3.87
2023.0,경기대학교,예체능계열,1963.0,84,4.28
2023.0,경기대학교,인문사회계열,6321.0,236,3.73
2023.0,경기대학교 _제2캠퍼스,인문사회계열,2602.0,103,3.96
2023.0,경남과학기술대학교,공학계열,1983.0,104,5.24
2023.0,경남과학기술대학교,인문사회계열,1062.0,67,6.31
2023.0,경남과학기술대학교,자연과학계열,963.0,49,5.09
2023.0,경남대학교,공학계열,4375.0,363,8.3
2023.0,경남대학교,인문사회계열,4857.0,412,8.48
2023.0,경남대학교,자연과학계열,3872.0,171,4.42
2023.0,경동대학교,공학계열,70.0,5,7.14
2023.0,경동대학교,인문사회계열,715.0,51,7.13
2023.0,경동대학교,자연과학계열,47.0,15,31.91
2023.0,경동대학교 _제3캠퍼스,인문사회계열,89.0,18,20.22
2023.0,경동대학교 _제3캠퍼스,자연과학계열,4454.0,202,4.54
2023.0,경동대학교 _제4캠퍼스,공학계열,1355.0,103,7.6
2023.0,경동대학교 _제4캠퍼스,예체능계열,594.0,39,6.57
2023.0,경동대학교 _제4캠퍼스,인문사회계열,1360.0,115,8.46
2023.0,경동대학교 _제4캠퍼스,자연과학계열,350.0,22,6.29
2023.0,경북대학교,공학계열,10537.0,448,4.25
2023.0,경북대학교,예체능계열,681.0,17,2.5
2023.0,경북대학교,인문사회계열,7106.0,209,2.94
2023.0,경북대학교,자연과학계열,10305.0,415,4.03
2023.0,경상국립대학교,공학계열,6496.0,387,5.96
2023.0,경상국립대학교,예체능계열,58.0,2,3.45
2023.0,경상국립대학교,인문사회계열,5574.0,282,5.06
2023.0,경상국립대학교,자연과학계열,7778.0,386,4.96
2023.0,경성대학교,공학계열,3755.0,234,6.23
2023.0,경성대학교,예체능계열,3092.0,210,6.79
2023.0,경성대학교,인문사회계열,7564.0,460,6.08
2023.0,경성대학교,자연과학계열,1608.0,45,2.8
2023.0,경운대학교,공학계열,2557.0,365,14.27
2023.0,경운대학교,인문사회계열,942.0,129,13.69
2023.0,경운대학교,자연과학계열,2179.0,118,5.42
2023.0,경인교육대학교,예체능계열,281.0,20,7.12
2023.0,경인교육대학교,인문사회계열,653.0,35,5.36
2023.0,경인교육대학교,자연과학계열,349.0,31,8.88
2023.0,경인교육대학교 _제2캠퍼스,예체능계열,291.0,4,1.37
2023.0,경인교육대학교 _제2캠퍼스,인문사회계열,652.0,5,0.77
2023.0,경인교육대학교 _제2캠퍼스,자연과학계열,350.0,7,2.0
2023.0,경일대학교,공학계열,3424.0,304,8.88
2023.0,경일대학교,예체능계열,4742.0,304,6.41
2023.0,경일대학교,인문사회계열,54.0,3,5.56
2023.0,경희대학교,공학계열,6434.0,261,4.06
2023.0,경희대학교,예체능계열,5434.0,141,2.59
2023.0,경희대학교,인문사회계열,13758.0,429,3.12
2023.0,경희대학교,자연과학계열,7661.0,264,3.45
2023.0,계명대학교,공학계열,6360.0,296,4.65
2023.0,계명대학교,예체능계열,5066.0,252,4.97
2023.0,계명대학교,인문사회계열,12609.0,632,5.01
2023.0,계명대학교,자연과학계열,3951.0,148,3.75
2023.0,고려대학교,공학계열,6288.0,244,3.88
2023.0,고려대학교,예체능계열,1065.0,25,2.35
2023.0,고려대학교,인문사회계열,11186.0,210,1.88
2023.0,고려대학교,자연과학계열,8133.0,380,4.67
2023.0,고려대학교(세종) _분교,공학계열,3884.0,235,6.05
2023.0,고려대학교(세종) _분교,인문사회계열,4901.0,237,4.84
2023.0,고려대학교(세종) _분교,자연과학계열,225.0,4,1.78
2023.0,고신대학교,인문사회계열,1996.0,261,13.08
2023.0,고신대학교,자연과학계열,1933.0,122,6.31
2023.0,공주교육대학교,자연과학계열,1419.0,57,4.02
2023.0,광신대학교,예체능계열,114.0,14,12.28
2023.0,광신대학교,인문사회계열,392.0,45,11.48
2023.0,광운대학교,공학계열,5751.0,201,3.5
2023.0,광운대학교,인문사회계열,4460.0,268,6.01
2023.0,광운대학교,자연과학계열,1179.0,57,4.83
2023.0,광주가톨릭대학교,인문사회계열,103.0,4,3.88
2023.0,광주과학기술원,공학계열,550.0,13,2.36
2023.0,광주과학기술원,인문사회계열,306.0,21,6.86
2023.0,광주과학기술원,자연과학계열,194.0,5,2.58
2023.0,광주교육대학교,예체능계열,323.0,11,3.41
2023.0,광주교육대학교,인문사회계열,581.0,11,1.89
2023.0,광주교육대학교,자연과학계열,431.0,25,5.8
2023.0,광주대학교,공학계열,1427.0,154,10.79
2023.0,광주대학교,예체능계열,53.0,6,11.32
2023.0,광주대학교,인문사회계열,2152.0,270,12.55
2023.0,광주대학교,자연과학계열,762.0,38,4.99
2023.0,광주여자대학교,공학계열,41.0,11,26.83
2023.0,광주여자대학교,예체능계열,142.0,26,18.31
2023.0,광주여자대학교,인문사회계열,1551.0,142,9.16
2023.0,광주여자대학교,자연과학계열,2026.0,174,8.59
2023.0,국립강릉원주대학교,공학계열,1197.0,79,6.6
2023.0,국립강릉원주대학교,예체능계열,704.0,37,5.26
2023.0,국립강릉원주대학교,인문사회계열,2729.0,177,6.49
2023.0,국립강릉원주대학교,자연과학계열,2471.0,147,5.95
2023.0,국립강릉원주대학교 _제2캠퍼스,공학계열,1862.0,111,5.96
2023.0,국립강릉원주대학교 _제2캠퍼스,인문사회계열,982.0,36,3.67
2023.0,국립경국대학교,공학계열,2306.0,180,7.81
2023.0,국립경국대학교,인문사회계열,2041.0,181,8.87
2023.0,국립경국대학교,자연과학계열,2559.0,121,4.73
2023.0,국립공주대학교,공학계열,5286.0,260,4.92
2023.0,국립공주대학교,예체능계열,940.0,38,4.04
2023.0,국립공주대학교,인문사회계열,4237.0,229,5.4
2023.0,국립공주대학교,자연과학계열,4606.0,156,3.39
2023.0,국립군산대학교,공학계열,4230.0,368,8.7
2023.0,국립군산대학교,인문사회계열,2294.0,193,8.41
2023.0,국립군산대학교,자연과학계열,2184.0,133,6.09
2023.0,국립금오공과대학교,공학계열,6860.0,332,4.84
2023.0,국립금오공과대학교,인문사회계열,248.0,16,6.45
2023.0,국립금오공과대학교,자연과학계열,345.0,23,6.67
2023.0,국립목포대학교,공학계열,2869.0,188,6.55
2023.0,국립목포대학교,예체능계열,792.0,58,7.32
2023.0,국립목포대학교,인문사회계열,3014.0,243,8.06
2023.0,국립목포대학교,자연과학계열,1494.0,101,6.76
2023.0,국립목포해양대학교,공학계열,2991.0,242,8.09
2023.0,국립부경대학교,공학계열,11428.0,457,4.0
2023.0,국립부경대학교,인문사회계열,5737.0,253,4.41
2023.0,국립부경대학교,자연과학계열,3594.0,164,4.56
2023.0,국립순천대학교,공학계열,2620.0,199,7.6
2023.0,국립순천대학교,인문사회계열,2927.0,203,6.94
2023.0,국립순천대학교,자연과학계열,3200.0,197,6.16
2023.0,국립창원대학교,공학계열,3900.0,184,4.72
2023.0,국립창원대학교,예체능계열,573.0,40,6.98
2023.0,국립창원대학교,인문사회계열,3954.0,234,5.92
2023.0,국립창원대학교,자연과학계열,1527.0,93,6.09
2023.0,국립한국교통대학교,공학계열,8093.0,469,5.8
2023.0,국립한국교통대학교,인문사회계열,2463.0,168,6.82
2023.0,국립한국해양대학교,공학계열,4754.0,167,3.51
2023.0,국립한국해양대학교,인문사회계열,1358.0,64,4.71
2023.0,국립한밭대학교,공학계열,7475.0,428,5.73
2023.0,국립한밭대학교,인문사회계열,2149.0,138,6.42
2023.0,국민대학교,공학계열,8073.0,267,3.31
2023.0,국민대학교,예체능계열,3460.0,70,2.02
2023.0,국민대학교,인문사회계열,8144.0,340,4.17
2023.0,국민대학교,인문사회계열,115.0,4,3.48
2023.0,극동대학교,공학계열,1232.0,103,8.36
2023.0,극동대학교,예체능계열,874.0,83,9.5
2023.0,극동대학교,인문사회계열,751.0,102,13.58
2023.0,극동대학교,자연과학계열,1007.0,63,6.26
2023.0,금강대학교,인문사회계열,280.0,67,23.93
2023.0,김천대학교,공학계열,423.0,58,13.71
2023.0,김천대학교,예체능계열,671.0,121,18.03
2023.0,김천대학교,자연과학계열,1801.0,172,9.55
2023.0,나사렛대학교,공학계열,13.0,6,46.15
2023.0,나사렛대학교,예체능계열,1241.0,144,11.6
2023.0,나사렛대학교,인문사회계열,3601.0,328,9.11
2023.0,나사렛대학교,자연과학계열,1387.0,132,9.52
2023.0,남부대학교,공학계열,316.0,51,16.14
2023.0,남부대학교,예체능계열,327.0,47,14.37
2023.0,남부대학교,인문사회계열,704.0,93,13.21
2023.0,남부대학교,자연과학계열,1955.0,109,5.58
2023.0,남서울대학교,공학계열,3790.0,220,5.8
2023.0,남서울대학교,예체능계열,1454.0,83,5.71
2023.0,남서울대학교,인문사회계열,3671.0,219,5.97
2023.0,남서울대학교,자연과학계열,3171.0,136,4.29
2023.0,단국대학교,공학계열,4890.0,167,3.42
2023.0,단국대학교,예체능계열,1284.0,53,4.13
2023.0,단국대학교,인문사회계열,6189.0,222,3.59
2023.0,단국대학교,자연과학계열,836.0,29,3.47
2023.0,단국대학교 _제2캠퍼스,공학계열,3456.0,133,3.85
2023.0,단국대학교 _제2캠퍼스,예체능계열,2188.0,110,5.03
2023.0,단국대학교 _제2캠퍼스,인문사회계열,2879.0,160,5.56
2023.0,단국대학교 _제2캠퍼스,자연과학계열,3045.0,133,4.37
2023.0,대구가톨릭대학교,공학계열,3376.0,203,6.01
2023.0,대구가톨릭대학교,예체능계열,1474.0,116,7.87
2023.0,대구가톨릭대학교,인문사회계열,7609.0,516,6.78
2023.0,대구가톨릭대학교,자연과학계열,2091.0,85,4.07
2023.0,대구경북과학기술원,자연과학계열,1073.0,41,3.82
2023.0,대구교육대학교,예체능계열,350.0,12,3.43
2023.0,대구교육대학교,인문사회계열,684.0,27,3.95
2023.0,대구교육대학교,자연과학계열,568.0,16,2.82
2023.0,대구대학교,공학계열,4543.0,409,9.0
2023.0,대구대학교,예체능계열,1632.0,97,5.94
2023.0,대구대학교,인문사회계열,10744.0,805,7.49
2023.0,대구대학교,자연과학계열,4385.0,243,5.54
2023.0,대구예술대학교,예체능계열,602.0,129,21.43
2023.0,대구예술대학교,인문사회계열,61.0,9,14.75
2023.0,대구한의대학교,인문사회계열,1011.0,139,13.75
2023.0,대구한의대학교,자연과학계열,5822.0,534,9.17
2023.0,대신대학교,예체능계열,181.0,11,6.08
2023.0,대신대학교,인문사회계열,419.0,20,4.77
2023.0,대전가톨릭대학교,인문사회계열,51.0,4,7.84
2023.0,대전대학교,공학계열,3234.0,246,7.61
2023.0,대전대학교,예체능계열,791.0,52,6.57
2023.0,대전대학교,인문사회계열,4931.0,358,7.26
2023.0,대전대학교,자연과학계열,2470.0,93,3.77
2023.0,대전신학대학교,인문사회계열,54.0,5,9.26
2023.0,대진대학교,공학계열,3364.0,222,6.6
2023.0,대진대학교,인문사회계열,5301.0,331,6.24
2023.0,대진대학교,자연과학계열,1162.0,57,4.91
2023.0,덕성여자대학교,공학계열,1514.0,100,6.61
2023.0,덕성여자대학교,예체능계열,590.0,19,3.22
2023.0,덕성여자대학교,인문사회계열,3491.0,163,4.67
2023.0,덕성여자대학교,자연과학계열,752.0,26,3.46
2023.0,동국대학교,공학계열,4829.0,138,2.86
2023.0,동국대학교,예체능계열,1213.0,23,1.9
2023.0,동국대학교,인문사회계열,8345.0,284,3.4
2023.0,동국대학교,자연과학계열,3136.0,122,3.89
2023.0,동국대학교(WISE) _분교,공학계열,1970.0,148,7.51
2023.0,동국대학교(WISE) _분교,인문사회계열,4956.0,379,7.65
2023.0,동국대학교(WISE) _분교,자연과학계열,1739.0,45,2.59
2023.0,동덕여자대학교,예체능계열,2095.0,94,4.49
2023.0,동덕여자대학교,인문사회계열,3007.0,157,5.22
2023.0,동덕여자대학교,자연과학계열,1847.0,111,6.01
2023.0,동명대학교,공학계열,5171.0,471,9.11
2023.0,동명대학교,예체능계열,358.0,34,9.5
2023.0,동명대학교,인문사회계열,2397.0,348,14.52
2023.0,동명대학교,자연과학계열,1852.0,122,6.59
2023.0,동서대학교,공학계열,4104.0,250,6.09
2023.0,동서대학교,예체능계열,1764.0,143,8.11
2023.0,동서대학교,인문사회계열,3791.0,318,8.39
2023.0,동서대학교,자연과학계열,2318.0,110,4.75
2023.0,동신대학교,공학계열,1682.0,226,13.44
2023.0,동신대학교,인문사회계열,4413.0,509,11.53
2023.0,동신대학교,자연과학계열,976.0,22,2.25
2023.0,동아대학교,공학계열,8530.0,352,4.13
2023.0,동아대학교,예체능계열,1839.0,103,5.6
2023.0,동아대학교,인문사회계열,9846.0,410,4.16
2023.0,동아대학교,자연과학계열,3690.0,153,4.15
2023.0,동양대학교,공학계열,2378.0,215,9.04
2023.0,동양대학교,예체능계열,1013.0,151,14.91
2023.0,동양대학교,인문사회계열,1386.0,179,12.91
2023.0,동양대학교,자연과학계열,414.0,9,2.17
2023.0,동의대학교,공학계열,8681.0,622,7.17
2023.0,동의대학교,예체능계열,1472.0,127,8.63
2023.0,동의대학교,인문사회계열,7678.0,545,7.1
2023.0,동의대학교,자연과학계열,1944.0,54,2.78
2023.0,루터대학교,인문사회계열,388.0,44,11.34
2023.0,명지대학교,공학계열,5121.0,192,3.75
2023.0,명지대학교,예체능계열,1659.0,56,3.38
2023.0,명지대학교,인문사회계열,654.0,20,3.06
2023.0,명지대학교,자연과학계열,973.0,47,4.83
2023.0,명지대학교 _제2캠퍼스,공학계열,1057.0,40,3.78
2023.0,명지대학교 _제2캠퍼스,인문사회계열,9189.0,378,4.11
2023.0,목원대학교,공학계열,1693.0,121,7.15
2023.0,목원대학교,예체능계열,2982.0,186,6.24
2023.0,목원대학교,인문사회계열,2818.0,238,8.45
2023.0,목원대학교,자연과학계열,2105.0,134,6.37
2023.0,목포가톨릭대학교,인문사회계열,134.0,8,5.97
2023.0,목포가톨릭대학교,자연과학계열,433.0,8,1.85
2023.0,배재대학교,공학계열,2413.0,184,7.63
2023.0,배재대학교,예체능계열,2212.0,157,7.1
2023.0,배재대학교,인문사회계열,3869.0,334,8.63
2023.0,배재대학교,자연과학계열,1183.0,69,5.83
2023.0,백석대학교,공학계열,1498.0,88,5.87
2023.0,백석대학교,예체능계열,3433.0,198,5.77
2023.0,백석대학교,인문사회계열,7245.0,454,6.27
2023.0,백석대학교,자연과학계열,3260.0,169,5.18
2023.0,부산가톨릭대학교,인문사회계열,934.0,69,7.39
2023.0,부산가톨릭대학교,자연과학계열,3132.0,118,3.77
2023.0,부산교육대학교,예체능계열,359.0,15,4.18
2023.0,부산교육대학교,인문사회계열,695.0,26,3.74
2023.0,부산교육대학교,자연과학계열,445.0,26,5.84
2023.0,부산대학교,공학계열,8689.0,337,3.88
2023.0,부산대학교,예체능계열,1492.0,42,2.82
2023.0,부산대학교,인문사회계열,7288.0,229,3.14
2023.0,부산대학교,자연과학계열,8882.0,345,3.88
2023.0,부산외국어대학교,공학계열,514.0,28,5.45
2023.0,부산외국어대학교,예체능계열,141.0,15,10.64
2023.0,부산외국어대학교,인문사회계열,8422.0,574,6.82
2023.0,부산장신대학교,인문사회계열,56.0,11,19.64
2023.0,부산장신대학교,자연과학계열,87.0,5,5.75
2023.0,삼육대학교,공학계열,2080.0,83,3.99
2023.0,삼육대학교,예체능계열,989.0,48,4.85
2023.0,삼육대학교,인문사회계열,3381.0,139,4.11
2023.0,삼육대학교,자연과학계열,605.0,17,2.81
2023.0,상명대학교,공학계열,2844.0,96,3.38
2023.0,상명대학교,예체능계열,1320.0,57,4.32
2023.0,상명대학교,인문사회계열,3587.0,167,4.66
2023.0,상명대학교,자연과학계열,746.0,37,4.96
2023.0,상명대학교 _제2캠퍼스,공학계열,4018.0,186,4.63
2023.0,상명대학교 _제2캠퍼스,예체능계열,2683.0,72,2.68
2023.0,상명대학교 _제2캠퍼스,인문사회계열,847.0,62,7.32
2023.0,상지대학교,공학계열,2514.0,201,8.0
2023.0,상지대학교,예체능계열,1912.0,134,7.01
2023.0,상지대학교,인문사회계열,1825.0,203,11.12
2023.0,상지대학교,자연과학계열,2575.0,136,5.28
2023.0,서강대학교,공학계열,2613.0,101,3.87
2023.0,서강대학교,인문사회계열,7652.0,250,3.27
2023.0,서강대학교,자연과학계열,1275.0,50,3.92
2023.0,서경대학교,공학계열,3002.0,157,5.23
2023.0,서경대학교,예체능계열,2277.0,106,4.66
2023.0,서경대학교,인문사회계열,1876.0,66,3.52
2023.0,서울과학기술대학교,공학계열,9436.0,351,3.72
2023.0,서울과학기술대학교,예체능계열,3008.0,102,3.39
2023.0,서울과학기술대학교,인문사회계열,747.0,36,4.82
2023.0,서울과학기술대학교,자연과학계열,296.0,9,3.04
2023.0,서울교육대학교,예체능계열,352.0,19,5.4
2023.0,서울교육대학교,인문사회계열,690.0,39,5.65
2023.0,서울교육대학교,자연과학계열,455.0,38,8.35
2023.0,서울기독대학교,예체능계열,129.0,20,15.5
2023.0,서울기독대학교,인문사회계열,274.0,31,11.31
2023.0,서울대학교,공학계열,5387.0,137,2.54
2023.0,서울대학교,예체능계열,1469.0,5,0.34
2023.0,서울대학교,인문사회계열,6518.0,90,1.38
2023.0,서울대학교,자연과학계열,8047.0,205,2.55
2023.0,서울시립대학교,공학계열,4623.0,131,2.83
2023.0,서울시립대학교,예체능계열,781.0,21,2.69
2023.0,서울시립대학교,인문사회계열,5227.0,146,2.79
2023.0,서울시립대학교,자연과학계열,1112.0,44,3.96
2023.0,서울신학대학교,공학계열,113.0,7,6.19
2023.0,서울신학대학교,예체능계열,414.0,35,8.45
2023.0,서울신학대학교,인문사회계열,1929.0,100,5.18
2023.0,서울여자대학교,공학계열,2409.0,78,3.24
2023.0,서울여자대학교,예체능계열,602.0,18,2.99
2023.0,서울여자대학교,인문사회계열,4231.0,199,4.7
2023.0,서울여자대학교,자연과학계열,1478.0,109,7.37
2023.0,서울장신대학교,예체능계열,63.0,8,12.7
2023.0,서울장신대학교,인문사회계열,316.0,46,14.56
2023.0,서울한영대학교,예체능계열,61.0,23,37.7
2023.0,서울한영대학교,인문사회계열,753.0,73,9.69
2023.0,서원대학교,공학계열,1576.0,123,7.8
2023.0,서원대학교,예체능계열,1031.0,67,6.5
2023.0,서원대학교,인문사회계열,2695.0,190,7.05
2023.0,서원대학교,자연과학계열,3139.0,143,4.56
2023.0,선문대학교,공학계열,4252.0,343,8.07
2023.0,선문대학교,예체능계열,829.0,62,7.48
2023.0,선문대학교,인문사회계열,5087.0,362,7.12
2023.0,선문대학교,자연과학계열,1832.0,102,5.57
2023.0,성결대학교,공학계열,1600.0,67,4.19
2023.0,성결대학교,예체능계열,830.0,68,8.19
2023.0,성결대학교,인문사회계열,3510.0,175,4.99
2023.0,성결대학교,자연과학계열,455.0,21,4.62
2023.0,성공회대학교,공학계열,800.0,32,4.0
2023.0,성공회대학교,인문사회계열,2007.0,110,5.48
2023.0,성균관대학교,공학계열,7116.0,244,3.43
2023.0,성균관대학교,예체능계열,1989.0,35,1.76
2023.0,성균관대학교,인문사회계열,11611.0,295,2.54
2023.0,성균관대학교,자연과학계열,3953.0,160,4.05
2023.0,성신여자대학교,공학계열,2000.0,94,4.7
2023.0,성신여자대학교,예체능계열,2222.0,82,3.69
2023.0,성신여자대학교,인문사회계열,4429.0,205,4.63
2023.0,성신여자대학교,자연과학계열,2271.0,90,3.96
2023.0,세명대학교,공학계열,1879.0,161,8.57
2023.0,세명대학교,인문사회계열,4208.0,342,8.13
2023.0,세명대학교,자연과학계열,2650.0,140,5.28
2023.0,세종대학교,공학계열,7013.0,290,4.14
2023.0,세종대학교,예체능계열,1475.0,74,5.02
2023.0,세종대학교,인문사회계열,4806.0,235,4.89
2023.0,세종대학교,자연과학계열,1794.0,74,4.12
2023.0,세한대학교,공학계열,242.0,6,2.48
2023.0,세한대학교,예체능계열,241.0,50,20.75
2023.0,세한대학교,인문사회계열,1741.0,293,16.83
2023.0,세한대학교,자연과학계열,767.0,55,7.17
2023.0,송원대학교,공학계열,912.0,136,14.91
2023.0,송원대학교,예체능계열,290.0,62,21.38
2023.0,송원대학교,인문사회계열,1457.0,207,14.21
2023.0,송원대학교,자연과학계열,14.0,5,35.71
2023.0,수원가톨릭대학교,인문사회계열,169.0,6,3.55
2023.0,수원대학교,공학계열,3473.0,211,6.08
2023.0,수원대학교,예체능계열,2034.0,171,8.41
2023.0,수원대학교,인문사회계열,4842.0,255,5.27
2023.0,수원대학교,자연과학계열,1385.0,76,5.49
2023.0,숙명여자대학교,공학계열,2098.0,92,4.39
2023.0,숙명여자대학교,예체능계열,1641.0,43,2.62
2023.0,숙명여자대학교,인문사회계열,6162.0,228,3.7
2023.0,숙명여자대학교,자연과학계열,2330.0,86,3.69
2023.0,순복음총회신학교,예체능계열,24.0,10,41.67
2023.0,순복음총회신학교,인문사회계열,23.0,5,21.74
2023.0,순천향대학교,공학계열,5918.0,340,5.75
2023.0,순천향대학교,인문사회계열,3827.0,254,6.64
2023.0,순천향대학교,자연과학계열,4103.0,181,4.41
2023.0,숭실대학교,공학계열,7993.0,235,2.94
2023.0,숭실대학교,인문사회계열,10201.0,357,3.5
2023.0,숭실대학교,자연과학계열,1279.0,41,3.21
2023.0,신경주대학교,공학계열,43.0,17,39.53
2023.0,신경주대학교,예체능계열,52.0,13,25.0
2023.0,신경주대학교,인문사회계열,507.0,176,34.71
2023.0,신경주대학교,자연과학계열,306.0,83,27.12
2023.0,신라대학교,공학계열,2178.0,166,7.62
2023.0,신라대학교,예체능계열,675.0,71,10.52
2023.0,신라대학교,인문사회계열,3862.0,275,7.12
2023.0,신라대학교,자연과학계열,1284.0,75,5.84
2023.0,신한대학교,공학계열,550.0,16,2.91
2023.0,신한대학교,인문사회계열,230.0,16,6.96
2023.0,신한대학교,자연과학계열,774.0,30,3.88
2023.0,신한대학교 _제2캠퍼스,공학계열,552.0,27,4.89
2023.0,신한대학교 _제2캠퍼스,예체능계열,1148.0,109,9.49
2023.0,신한대학교 _제2캠퍼스,인문사회계열,2646.0,152,5.74
2023.0,신한대학교 _제2캠퍼스,자연과학계열,2048.0,88,4.3
2023.0,아신대학교,인문사회계열,435.0,58,13.33
2023.0,아주대학교,공학계열,7168.0,213,2.97
2023.0,아주대학교,인문사회계열,4377.0,130,2.97
2023.0,아주대학교,자연과학계열,1785.0,68,3.81
2023.0,안양대학교,공학계열,1473.0,61,4.14
2023.0,안양대학교,예체능계열,287.0,26,9.06
2023.0,안양대학교,인문사회계열,2341.0,133,5.68
2023.0,안양대학교,자연과학계열,738.0,53,7.18
2023.0,안양대학교 _제2캠퍼스,공학계열,140.0,13,9.29
2023.0,안양대학교 _제2캠퍼스,예체능계열,142.0,14,9.86
2023.0,안양대학교 _제2캠퍼스,인문사회계열,56.0,11,19.64
2023.0,안양대학교 _제2캠퍼스,자연과학계열,90.0,12,13.33
2023.0,연세대학교,공학계열,5568.0,120,2.16
2023.0,연세대학교,예체능계열,648.0,5,0.77
2023.0,연세대학교,인문사회계열,17536.0,650,3.71
2023.0,연세대학교,자연과학계열,3651.0,53,1.45
2023.0,연세대학교(미래) _분교,공학계열,2381.0,171,7.18
2023.0,연세대학교(미래) _분교,인문사회계열,2094.0,80,3.82
2023.0,연세대학교(미래) _분교,자연과학계열,2780.0,71,2.55
2023.0,영남대학교,공학계열,9845.0,456,4.63
2023.0,영남대학교,예체능계열,952.0,48,5.04
2023.0,영남대학교,인문사회계열,6336.0,286,4.51
2023.0,영남대학교,자연과학계열,6570.0,272,4.14
2023.0,영남신학대학교,인문사회계열,484.0,50,10.33
2023.0,영산대학교(양산) _제2캠퍼스,공학계열,639.0,85,13.3
2023.0,영산대학교(양산) _제2캠퍼스,인문사회계열,919.0,151,16.43
2023.0,영산대학교(양산) _제2캠퍼스,자연과학계열,957.0,36,3.76
2023.0,영산대학교(해운대),공학계열,742.0,96,12.94
2023.0,영산대학교(해운대),예체능계열,1372.0,168,12.24
2023.0,영산대학교(해운대),인문사회계열,2156.0,257,11.92
2023.0,영산대학교(해운대),자연과학계열,20.0,13,65.0
2023.0,영산선학대학교,인문사회계열,46.0,2,4.35
2023.0,예수대학교,인문사회계열,28.0,0,0.0
2023.0,예수대학교,자연과학계열,539.0,10,1.86
2023.0,예원예술대학교,예체능계열,965.0,136,14.09
2023.0,예원예술대학교,인문사회계열,114.0,12,10.53
2023.0,예원예술대학교 _제2캠퍼스,예체능계열,444.0,40,9.01
2023.0,용인대학교,공학계열,1148.0,68,5.92
2023.0,용인대학교,예체능계열,4940.0,258,5.22
2023.0,용인대학교,인문사회계열,200.0,16,8.0
2023.0,용인대학교,자연과학계열,1072.0,63,5.88
2023.0,우석대학교,공학계열,1074.0,137,12.76
2023.0,우석대학교,예체능계열,1407.0,149,10.59
2023.0,우석대학교,인문사회계열,3621.0,420,11.6
2023.0,우석대학교,자연과학계열,2186.0,83,3.8
2023.0,우송대학교,공학계열,6025.0,327,5.43
2023.0,우송대학교,인문사회계열,6729.0,332,4.93
2023.0,울산과학기술원,공학계열,1970.0,69,3.5
2023.0,울산과학기술원,인문사회계열,191.0,3,1.57
2023.0,울산과학기술원,자연과학계열,179.0,5,2.79
2023.0,울산대학교,공학계열,6626.0,276,4.17
2023.0,울산대학교,예체능계열,1117.0,78,6.98
2023.0,울산대학교,인문사회계열,5297.0,323,6.1
2023.0,울산대학교,자연과학계열,3267.0,163,4.99
2023.0,원광대학교,공학계열,4984.0,353,7.08
2023.0,원광대학교,예체능계열,871.0,63,7.23
2023.0,원광대학교,인문사회계열,4858.0,409,8.42
2023.0,원광대학교,자연과학계열,7291.0,354,4.86
2023.0,위덕대학교,공학계열,291.0,58,19.93
2023.0,위덕대학교,예체능계열,264.0,46,17.42
2023.0,위덕대학교,인문사회계열,1386.0,277,19.99
2023.0,위덕대학교,자연과학계열,916.0,60,6.55
2023.0,유원대학교,공학계열,798.0,166,20.8
2023.0,유원대학교,예체능계열,368.0,70,19.02
2023.0,유원대학교,인문사회계열,1796.0,377,20.99
2023.0,유원대학교,자연과학계열,1414.0,175,12.38
2023.0,을지대학교,자연과학계열,303.0,0,0.0
2023.0,을지대학교 _제2캠퍼스,자연과학계열,3334.0,130,3.9
2023.0,을지대학교 _제3캠퍼스,자연과학계열,786.0,23,2.93
2023.0,이화여자대학교,공학계열,3103.0,69,2.22
2023.0,이화여자대학교,예체능계열,2443.0,30,1.23
2023.0,이화여자대학교,인문사회계열,8481.0,218,2.57
2023.0,이화여자대학교,자연과학계열,5019.0,148,2.95
2023.0,인제대학교,공학계열,3732.0,329,8.82
2023.0,인제대학교,인문사회계열,2876.0,250,8.69
2023.0,인제대학교,자연과학계열,2986.0,105,3.52
2023.0,인천가톨릭대학교,인문사회계열,65.0,2,3.08
2023.0,인천가톨릭대학교 _제2캠퍼스,예체능계열,531.0,56,10.55
2023.0,인천가톨릭대학교 _제2캠퍼스,자연과학계열,209.0,4,1.91
2023.0,인천대학교,공학계열,6404.0,253,3.95
2023.0,인천대학교,예체능계열,1362.0,61,4.48
2023.0,인천대학교,인문사회계열,5088.0,231,4.54
2023.0,인천대학교,자연과학계열,1837.0,65,3.54
2023.0,인하대학교,공학계열,11878.0,329,2.77
2023.0,인하대학교,예체능계열,1241.0,43,3.46
2023.0,인하대학교,인문사회계열,8274.0,241,2.91
2023.0,인하대학교,자연과학계열,3544.0,116,3.27
2023.0,장로회신학대학교,인문사회계열,791.0,47,5.94
2023.0,전남대학교,공학계열,5545.0,208,3.75
2023.0,전남대학교,예체능계열,911.0,31,3.4
2023.0,전남대학교,인문사회계열,6174.0,224,3.63
2023.0,전남대학교,자연과학계열,8527.0,333,3.91
2023.0,전남대학교 _제2캠퍼스,공학계열,2891.0,206,7.13
2023.0,전남대학교 _제2캠퍼스,인문사회계열,1188.0,95,8.0
2023.0,전북대학교,공학계열,7509.0,312,4.16
2023.0,전북대학교,예체능계열,736.0,35,4.76
2023.0,전북대학교,인문사회계열,6452.0,268,4.15
2023.0,전북대학교,자연과학계열,8714.0,376,4.31
2023.0,전주교육대학교,예체능계열,290.0,13,4.48
2023.0,전주교육대학교,인문사회계열,479.0,23,4.8
2023.0,전주교육대학교,자연과학계열,383.0,21,5.48
2023.0,전주대학교,공학계열,5174.0,338,6.53
2023.0,전주대학교,인문사회계열,6368.0,422,6.63
2023.0,전주대학교,자연과학계열,2914.0,147,5.04
2023.0,제주국제대학교,공학계열,159.0,27,16.98
2023.0,제주국제대학교,예체능계열,136.0,45,33.09
2023.0,제주국제대학교,인문사회계열,96.0,42,43.75
2023.0,제주대학교,공학계열,3573.0,182,5.09
2023.0,제주대학교,예체능계열,557.0,34,6.1
2023.0,제주대학교,인문사회계열,4806.0,236,4.91
2023.0,제주대학교,자연과학계열,4140.0,216,5.22
2023.0,조선대학교,공학계열,9459.0,389,4.11
2023.0,조선대학교,예체능계열,5144.0,212,4.12
2023.0,조선대학교,인문사회계열,7605.0,320,4.21
2023.0,조선대학교,자연과학계열,3356.0,100,2.98
2023.0,중부대학교,공학계열,1975.0,113,5.72
2023.0,중부대학교,예체능계열,2307.0,199,8.63
2023.0,중부대학교,인문사회계열,4716.0,351,7.44
2023.0,중부대학교,자연과학계열,1667.0,64,3.84
2023.0,중앙대학교,공학계열,5202.0,221,4.25
2023.0,중앙대학교,예체능계열,581.0,20,3.44
2023.0,중앙대학교,인문사회계열,13815.0,566,4.1
2023.0,중앙대학교,자연과학계열,5457.0,240,4.4
2023.0,중앙대학교 _제2캠퍼스,공학계열,665.0,35,5.26
2023.0,중앙대학교 _제2캠퍼스,예체능계열,4578.0,184,4.02
2023.0,중앙대학교 _제2캠퍼스,인문사회계열,12.0,2,16.67
2023.0,중앙대학교 _제2캠퍼스,자연과학계열,1709.0,88,5.15
2023.0,중앙승가대학교,인문사회계열,76.0,6,7.89
2023.0,중원대학교,공학계열,2066.0,255,12.34
2023.0,중원대학교,인문사회계열,1104.0,183,16.58
2023.0,중원대학교,자연과학계열,1030.0,71,6.89
2023.0,진주교육대학교,예체능계열,311.0,5,1.61
2023.0,진주교육대학교,인문사회계열,537.0,15,2.79
2023.0,진주교육대학교,자연과학계열,439.0,15,3.42
2023.0,차의과학대학교,공학계열,1043.0,71,6.81
2023.0,차의과학대학교,자연과학계열,1655.0,66,3.99
2023.0,창신대학교,공학계열,117.0,12,10.26
2023.0,창신대학교,인문사회계열,1302.0,169,12.98
2023.0,창신대학교,자연과학계열,534.0,12,2.25
2023.0,청운대학교,공학계열,1665.0,98,5.89
2023.0,청운대학교,예체능계열,1066.0,109,10.23
2023.0,청운대학교,인문사회계열,1935.0,160,8.27
2023.0,청운대학교,자연과학계열,1033.0,82,7.94
2023.0,청주교육대학교,예체능계열,291.0,15,5.15
2023.0,청주교육대학교,인문사회계열,505.0,26,5.15
2023.0,청주교육대학교,자연과학계열,393.0,16,4.07
2023.0,청주대학교,공학계열,5047.0,227,4.5
2023.0,청주대학교,예체능계열,2076.0,94,4.53
2023.0,청주대학교,인문사회계열,2064.0,157,7.61
2023.0,청주대학교,자연과학계열,2361.0,85,3.6
2023.0,초당대학교,공학계열,254.0,59,23.23
2023.0,초당대학교,예체능계열,152.0,25,16.45
2023.0,초당대학교,인문사회계열,821.0,224,27.28
2023.0,초당대학교,자연과학계열,630.0,129,20.48
2023.0,총신대학교,예체능계열,283.0,21,7.42
2023.0,총신대학교,인문사회계열,1364.0,45,3.3
2023.0,총신대학교,자연과학계열,86.0,3,3.49
2023.0,추계예술대학교,예체능계열,1033.0,69,6.68
2023.0,추계예술대학교,인문사회계열,232.0,11,4.74
2023.0,추계예술대학교,인문사회계열,120.0,2,1.67
2023.0,춘천교육대학교,예체능계열,318.0,14,4.4
2023.0,춘천교육대학교,인문사회계열,557.0,16,2.87
2023.0,춘천교육대학교,자연과학계열,427.0,18,4.22
2023.0,충남대학교,공학계열,5950.0,220,3.7
2023.0,충남대학교,예체능계열,653.0,31,4.75
2023.0,충남대학교,인문사회계열,7142.0,284,3.98
2023.0,충남대학교,자연과학계열,8575.0,349,4.07
2023.0,충북대학교,공학계열,5741.0,277,4.82
2023.0,충북대학교,예체능계열,196.0,17,8.67
2023.0,충북대학교,인문사회계열,6458.0,271,4.2
2023.0,충북대학교,자연과학계열,4920.0,202,4.11
2023.0,칼빈대학교,공학계열,26.0,0,0.0
2023.0,칼빈대학교,예체능계열,31.0,4,12.9
2023.0,칼빈대학교,인문사회계열,512.0,67,13.09
2023.0,칼빈대학교,자연과학계열,162.0,2,1.23
2023.0,평택대학교,공학계열,1591.0,81,5.09
2023.0,평택대학교,예체능계열,670.0,48,7.16
2023.0,평택대학교,인문사회계열,1126.0,72,6.39
2023.0,평택대학교,자연과학계열,771.0,40,5.19
2023.0,포항공과대학교,공학계열,1747.0,43,2.46
2023.0,한경국립대학교,공학계열,3123.0,167,5.35
2023.0,한경국립대학교,예체능계열,331.0,23,6.95
2023.0,한경국립대학교,인문사회계열,1168.0,86,7.36
2023.0,한경국립대학교,자연과학계열,1752.0,89,5.08
2023.0,한국공학대학교,공학계열,8227.0,483,5.87
2023.0,한국공학대학교,인문사회계열,940.0,85,9.04
2023.0,한국과학기술원,공학계열,3966.0,94,2.37
2023.0,한국과학기술원,인문사회계열,133.0,2,1.5
2023.0,한국과학기술원,자연과학계열,812.0,34,4.19
2023.0,한국교원대학교,예체능계열,248.0,2,0.81
2023.0,한국교원대학교,인문사회계열,1440.0,56,3.89
2023.0,한국교원대학교,자연과학계열,870.0,19,2.18
2023.0,한국기술교육대학교,공학계열,5387.0,184,3.42
2023.0,한국기술교육대학교,인문사회계열,431.0,58,13.46
2023.0,한국방송통신대학교,인문사회계열,83864.0,18636,22.22
2023.0,한국방송통신대학교,자연과학계열,39600.0,8584,21.68
2023.0,한국성서대학교,공학계열,215.0,12,5.58
2023.0,한국성서대학교,인문사회계열,725.0,69,9.52
2023.0,한국성서대학교,자연과학계열,246.0,8,3.25
2023.0,한국에너지공과대학교,공학계열,209.0,6,2.87
2023.0,한국예술종합학교,예체능계열,3300.0,66,2.0
2023.0,한국외국어대학교,공학계열,1689.0,96,5.68
2023.0,한국외국어대학교,예체능계열,193.0,2,1.04
2023.0,한국외국어대학교,인문사회계열,18662.0,792,4.24
2023.0,한국외국어대학교,자연과학계열,2074.0,106,5.11
2023.0,한국전통문화대학교,인문사회계열,416.0,18,4.33
2023.0,한국전통문화대학교,자연과학계열,312.0,8,2.56
2023.0,한국체육대학교,예체능계열,2890.0,47,1.63
2023.0,한국침례신학대학교,예체능계열,94.0,13,13.83
2023.0,한국침례신학대학교,인문사회계열,928.0,44,4.74
2023.0,한국항공대학교,공학계열,3841.0,174,4.53
2023.0,한국항공대학교,인문사회계열,2054.0,70,3.41
2023.0,한남대학교,공학계열,3787.0,213,5.62
2023.0,한남대학교,예체능계열,924.0,36,3.9
2023.0,한남대학교,인문사회계열,7792.0,445,5.71
2023.0,한남대학교,자연과학계열,2498.0,127,5.08
2023.0,한동대학교,공학계열,2162.0,50,2.31
2023.0,한동대학교,인문사회계열,2853.0,90,3.15
2023.0,한동대학교,자연과학계열,323.0,15,4.64
2023.0,한라대학교,공학계열,1981.0,152,7.67
2023.0,한라대학교,인문사회계열,2167.0,222,10.24
2023.0,한림대학교,공학계열,523.0,24,4.59
2023.0,한림대학교,인문사회계열,5323.0,278,5.22
2023.0,한림대학교,자연과학계열,4448.0,153,3.44
2023.0,한서대학교,공학계열,5349.0,280,5.23
2023.0,한서대학교,예체능계열,887.0,82,9.24
2023.0,한서대학교,인문사회계열,334.0,44,13.17
2023.0,한서대학교,자연과학계열,1667.0,108,6.48
2023.0,한성대학교,공학계열,2225.0,76,3.42
2023.0,한성대학교,예체능계열,2225.0,64,2.88
2023.0,한성대학교,인문사회계열,1206.0,46,3.81
2023.0,한성대학교,자연과학계열,355.0,44,12.39
2023.0,한세대학교,공학계열,468.0,33,7.05
2023.0,한세대학교,예체능계열,800.0,65,8.12
2023.0,한세대학교,인문사회계열,1638.0,116,7.08
2023.0,한세대학교,자연과학계열,377.0,15,3.98
2023.0,한신대학교,공학계열,2036.0,102,5.01
2023.0,한신대학교,예체능계열,196.0,17,8.67
2023.0,한신대학교,인문사회계열,5153.0,293,5.69
2023.0,한신대학교,자연과학계열,81.0,7,8.64
2023.0,한양대학교,공학계열,8503.0,351,4.13
2023.0,한양대학교,예체능계열,1711.0,42,2.45
2023.0,한양대학교,인문사회계열,8442.0,301,3.57
2023.0,한양대학교,자연과학계열,3584.0,140,3.91
2023.0,한양대학교(ERICA) _분교,공학계열,5995.0,170,2.84
2023.0,한양대학교(ERICA) _분교,예체능계열,2053.0,53,2.58
2023.0,한양대학교(ERICA) _분교,인문사회계열,4471.0,148,3.31
2023.0,한양대학교(ERICA) _분교,자연과학계열,1396.0,49,3.51
2023.0,한일장신대학교,예체능계열,329.0,38,11.55
2023.0,한일장신대학교,인문사회계열,340.0,47,13.82
2023.0,한일장신대학교,자연과학계열,274.0,7,2.55
2023.0,협성대학교,공학계열,1254.0,62,4.94
2023.0,협성대학교,예체능계열,935.0,81,8.66
2023.0,협성대학교,인문사회계열,2657.0,168,6.32
2023.0,호남대학교,공학계열,1839.0,136,7.4
2023.0,호남대학교,인문사회계열,4294.0,353,8.22
2023.0,호남대학교,자연과학계열,2255.0,108,4.79
2023.0,호남신학대학교,인문사회계열,734.0,41,5.59
2023.0,호서대학교,공학계열,7214.0,478,6.63
2023.0,호서대학교,예체능계열,2215.0,144,6.5
2023.0,호서대학교,인문사회계열,4616.0,309,6.69
2023.0,호서대학교,자연과학계열,1988.0,73,3.67
2023.0,호원대학교,공학계열,394.0,63,15.99
2023.0,호원대학교,예체능계열,408.0,55,13.48
2023.0,호원대학교,인문사회계열,269.0,50,18.59
2023.0,호원대학교,자연과학계열,433.0,28,6.47
2023.0,홍익대학교,공학계열,7116.0,295,4.15
2023.0,홍익대학교,예체능계열,4307.0,111,2.58
2023.0,홍익대학교,인문사회계열,4350.0,180,4.14
2023.0,홍익대학교,자연과학계열,721.0,31,4.3
2023.0,홍익대학교 _제2캠퍼스,공학계열,3606.0,236,6.54
2023.0,홍익대학교 _제2캠퍼스,예체능계열,2600.0,59,2.27
2023.0,홍익대학교 _제2캠퍼스,인문사회계열,1629.0,90,5.52
2023.0,화성의과학대학교,공학계열,30.0,6,20.0
2023.0,화성의과학대학교,예체능계열,101.0,19,18.81
2023.0,화성의과학대학교,의학계열,22.0,8,36.36
2023.0,화성의과학대학교,인문사회계열,174.0,44,25.29
2023.0,화성의과학대학교,자연과학계열,234.0,14,5.98
