기준연도,학교명,대계열,1인당장학금
2021,가야대학교(김해),예체능계열,2136288.0871428573
2021,가야대학교(김해),인문사회계열,1778309.589817881
2021,가야대학교(김해),자연과학계열,1876386.489324534
2021,가천대학교,공학계열,1691862.7834561905
2021,가천대학교,예체능계열,1843676.8067750677
2021,가천대학교,의학계열,4277145.209596928
2021,가천대학교,인문사회계열,1483538.159830738
2021,가천대학교,자연과학계열,1842482.5504144686
2021,가톨릭관동대학교,공학계열,1458481.4866799205
2021,가톨릭관동대학교,예체능계열,1872445.2087456274
2021,가톨릭관동대학교,의학계열,1039530.2474012474
2021,가톨릭관동대학교,인문사회계열,1619373.155460352
2021,가톨릭관동대학교,자연과학계열,1580410.9575332867
2021,가톨릭꽃동네대학교,인문사회계열,2751705.374761905
2021,가톨릭꽃동네대학교,자연과학계열,2181818.237292161
2021,가톨릭대학교,공학계열,1776903.1260853836
2021,가톨릭대학교,예체능계열,1708108.7686217006
2021,가톨릭대학교,인문사회계열,1602313.2386450006
2021,가톨릭대학교,자연과학계열,1614110.6721477872
2021,가톨릭대학교 _제2캠퍼스,의학계열,1201615.8808275862
2021,가톨릭대학교 _제2캠퍼스,자연과학계열,1417540.8424187726
2021,가톨릭대학교 _제3캠퍼스,인문사회계열,3091438.7695067264
2021,감리교신학대학교,인문사회계열,2224206.6143054594
2021,강남대학교,공학계열,1768828.7031778928
2021,강남대학교,예체능계열,1918818.869820972
2021,강남대학교,인문사회계열,1727021.018334325
2021,강남대학교,자연과학계열,1551500.0
2021,강서대학교,공학계열,535714.3
2021,강서대학교,예체능계열,2537386.207692308
2021,강서대학교,인문사회계열,1527892.5279822615
2021,강서대학교,자연과학계열,1973635.536054422
2021,강원대학교,공학계열,1377922.0999198204
2021,강원대학교,예체능계열,1546099.1003314
2021,강원대학교,의학계열,1205172.0934328358
2021,강원대학교,인문사회계열,1264862.1730865268
2021,강원대학교,자연과학계열,1369610.7577380291
2021,강원대학교 _제2캠퍼스,공학계열,1433775.8288325472
2021,강원대학교 _제2캠퍼스,예체능계열,1578880.1482498285
2021,강원대학교 _제2캠퍼스,인문사회계열,1472846.4820291419
2021,강원대학교 _제2캠퍼스,자연과학계열,2205560.063733115
2021,건국대학교,공학계열,1698284.4896249762
2021,건국대학교,예체능계열,1751621.928768411
2021,건국대학교,의학계열,1742191.65
2021,건국대학교,인문사회계열,1493890.4381433425
2021,건국대학교,자연과학계열,1701313.7372431913
2021,건국대학교(글로컬) _분교,공학계열,1827950.6440836298
2021,건국대학교(글로컬) _분교,예체능계열,2016195.6115585612
2021,건국대학교(글로컬) _분교,인문사회계열,1908536.1142563259
2021,건국대학교(글로컬) _분교,자연과학계열,1882264.1787817937
2021,건양대학교,공학계열,1986737.5030901288
2021,건양대학교,예체능계열,1989158.8695290862
2021,건양대학교,인문사회계열,1861899.1438968335
2021,건양대학교,자연과학계열,2027496.043812709
2021,건양대학교 _제2캠퍼스,공학계열,1954800.316735537
2021,건양대학교 _제2캠퍼스,의학계열,1266542.1170526315
2021,건양대학교 _제2캠퍼스,인문사회계열,1481638.003508772
2021,건양대학교 _제2캠퍼스,자연과학계열,1708091.111713244
2021,경기대학교,공학계열,1773050.5194971394
2021,경기대학교,예체능계열,2042864.8918513225
2021,경기대학교,인문사회계열,1728504.770460592
2021,경기대학교,자연과학계열,1820219.2545136458
2021,경기대학교 _제2캠퍼스,예체능계열,1995174.2463999998
2021,경기대학교 _제2캠퍼스,인문사회계열,1693676.3724040831
2021,경기대학교 _제2캠퍼스,자연과학계열,1507594.8095823096
2021,경남과학기술대학교,공학계열,1313238.358498954
2021,경남과학기술대학교,예체능계열,1374430.7491582492
2021,경남과학기술대학교,인문사회계열,1226660.2635675222
2021,경남과학기술대학교,자연과학계열,1351676.393066561
2021,경남대학교,공학계열,1580538.8355690031
2021,경남대학교,예체능계열,2157015.2686465434
2021,경남대학교,인문사회계열,1567152.4819457438
2021,경남대학교,자연과학계열,1832632.8009011908
2021,경동대학교,공학계열,2459187.5025000004
2021,경동대학교,인문사회계열,2512298.077106518
2021,경동대학교,자연과학계열,1974711.097916667
2021,경동대학교 _제3캠퍼스,인문사회계열,1442083.0085676038
2021,경동대학교 _제3캠퍼스,자연과학계열,1551151.6740463406
2021,경동대학교 _제4캠퍼스,공학계열,1557430.7552380953
2021,경동대학교 _제4캠퍼스,예체능계열,1873295.9790697673
2021,경동대학교 _제4캠퍼스,인문사회계열,1423527.7957882967
2021,경동대학교 _제4캠퍼스,자연과학계열,1360084.9722826087
2021,경북대학교,공학계열,1408513.5929988332
2021,경북대학교,예체능계열,1491436.40158883
2021,경북대학교,의학계열,1283400.8852015461
2021,경북대학교,인문사회계열,1193219.2150671142
2021,경북대학교,자연과학계열,1347588.3020453572
2021,경상국립대학교,공학계열,1329169.4980538923
2021,경상국립대학교,예체능계열,1244977.7352011495
2021,경상국립대학교,의학계열,1585982.9602985075
2021,경상국립대학교,인문사회계열,1229802.296253085
2021,경상국립대학교,자연과학계열,1378789.6742774928
2021,경성대학교,공학계열,1732963.795989061
2021,경성대학교,예체능계열,1963034.7455755312
2021,경성대학교,인문사회계열,1497308.9492726293
2021,경성대학교,자연과학계열,1709016.835035461
2021,경운대학교,공학계열,2454231.8492665472
2021,경운대학교,예체능계열,2766424.190909091
2021,경운대학교,인문사회계열,2011999.7109014676
2021,경운대학교,자연과학계열,2012244.5554923674
2021,경인교육대학교,인문사회계열,1058398.668410777
2021,경인교육대학교 _제2캠퍼스,인문사회계열,1073128.1869367664
2021,경일대학교,공학계열,1990435.1849179806
2021,경일대학교,예체능계열,2061990.7787528867
2021,경일대학교,인문사회계열,1584839.7837523452
2021,경일대학교,자연과학계열,2030357.9777479894
2021,경희대학교,공학계열,1604134.688469791
2021,경희대학교,예체능계열,1844163.4089039469
2021,경희대학교,의학계열,1365103.725518409
2021,경희대학교,인문사회계열,1358631.9038345015
2021,경희대학교,자연과학계열,1534026.3476280202
2021,계명대학교,공학계열,1940514.569031839
2021,계명대학교,예체능계열,2061875.326259947
2021,계명대학교,의학계열,1585435.037264957
2021,계명대학교,인문사회계열,1824853.5194696242
2021,계명대학교,자연과학계열,1970536.977394408
2021,고려대학교,공학계열,1847535.7822553525
2021,고려대학교,예체능계열,2364725.0293322066
2021,고려대학교,의학계열,1903510.174766355
2021,고려대학교,인문사회계열,1612979.9031604142
2021,고려대학교,자연과학계열,1667320.5229755738
2021,고려대학교(세종) _분교,공학계열,1641442.3538701443
2021,고려대학교(세종) _분교,예체능계열,2002570.356401384
2021,고려대학교(세종) _분교,인문사회계열,1672775.268047436
2021,고려대학교(세종) _분교,자연과학계열,1794721.7246478873
2021,고신대학교,예체능계열,2425482.266251729
2021,고신대학교,의학계열,851316.2407284768
2021,고신대학교,인문사회계열,2249422.295913235
2021,고신대학교,자연과학계열,1804425.8114624508
2021,공주교육대학교,인문사회계열,1089432.748694425
2021,광신대학교,예체능계열,2365635.1796536795
2021,광신대학교,인문사회계열,2242673.9529839884
2021,광운대학교,공학계열,1494493.6725788768
2021,광운대학교,예체능계열,2381507.449832776
2021,광운대학교,인문사회계열,1351205.3405293508
2021,광운대학교,자연과학계열,1579461.6933844679
2021,광주가톨릭대학교,인문사회계열,8169.94248366013
2021,광주과학기술원,공학계열,2989104.3781879195
2021,광주과학기술원,자연과학계열,3013774.1024771836
2021,광주교육대학교,인문사회계열,1843498.233907386
2021,광주대학교,공학계열,1891114.759949803
2021,광주대학교,예체능계열,2218042.0252964427
2021,광주대학교,인문사회계열,1939653.646048358
2021,광주대학교,자연과학계열,2009624.4149682717
2021,광주여자대학교,공학계열,3351613.826666667
2021,광주여자대학교,예체능계열,2313539.0335122696
2021,광주여자대학교,인문사회계열,2052429.3692672143
2021,광주여자대학교,자연과학계열,2199187.8417290673
2021,국립강릉원주대학교,공학계열,1429825.0000545257
2021,국립강릉원주대학교,예체능계열,1858568.1471461186
2021,국립강릉원주대학교,의학계열,1502999.353398058
2021,국립강릉원주대학교,인문사회계열,1305274.831937562
2021,국립강릉원주대학교,자연과학계열,1515743.0889418777
2021,국립강릉원주대학교 _제2캠퍼스,공학계열,1526068.3198347108
2021,국립강릉원주대학교 _제2캠퍼스,인문사회계열,1538715.3715715713
2021,국립강릉원주대학교 _제2캠퍼스,자연과학계열,1368973.172808321
2021,국립경국대학교,공학계열,1629682.975303293
2021,국립경국대학교,예체능계열,1786822.1822463768
2021,국립경국대학교,인문사회계열,1517346.2133593515
2021,국립경국대학교,자연과학계열,1585668.642070637
2021,국립공주대학교,공학계열,1230491.0359420972
2021,국립공주대학교,예체능계열,1550695.7579155674
2021,국립공주대학교,인문사회계열,1252022.7465130568
2021,국립공주대학교,자연과학계열,1424063.05577121
2021,국립군산대학교,공학계열,1389062.3583461472
2021,국립군산대학교,예체능계열,1393787.0095346197
2021,국립군산대학교,인문사회계열,1268312.53235589
2021,국립군산대학교,자연과학계열,1401155.5340291453
2021,국립금오공과대학교,공학계열,1408507.71316621
2021,국립금오공과대학교,인문사회계열,1406769.0222560975
2021,국립금오공과대학교,자연과학계열,1322982.7010706638
2021,국립목포대학교,공학계열,1711668.431363331
2021,국립목포대학교,예체능계열,1697803.2341394024
2021,국립목포대학교,인문사회계열,1592387.5838204592
2021,국립목포대학교,자연과학계열,1605199.438048956
2021,국립목포해양대학교,공학계열,1128777.7829732408
2021,국립부경대학교,공학계열,1398346.2616985496
2021,국립부경대학교,예체능계열,1401204.172105997
2021,국립부경대학교,인문사회계열,1167628.7692110392
2021,국립부경대학교,자연과학계열,1384734.4728358793
2021,국립순천대학교,공학계열,1480369.4423149312
2021,국립순천대학교,예체능계열,1606190.4017421603
2021,국립순천대학교,인문사회계열,1235231.452996213
2021,국립순천대학교,자연과학계열,1479240.136973479
2021,국립창원대학교,공학계열,1407289.8986699407
2021,국립창원대학교,예체능계열,1642297.1414615957
2021,국립창원대학교,인문사회계열,1261245.1107431825
2021,국립창원대학교,자연과학계열,1405261.9455677292
2021,국립한국교통대학교,공학계열,1417203.5038381957
2021,국립한국교통대학교,예체능계열,1697522.571807838
2021,국립한국교통대학교,인문사회계열,1529776.5576561638
2021,국립한국교통대학교,자연과학계열,1546992.997447644
2021,국립한국해양대학교,공학계열,1217734.2889874803
2021,국립한국해양대학교,예체능계열,1531420.4387254901
2021,국립한국해양대학교,인문사회계열,1265673.584957957
2021,국립한국해양대학교,자연과학계열,1285416.1354166667
2021,국립한밭대학교,공학계열,1320368.6251508477
2021,국립한밭대학교,예체능계열,1516815.6033568904
2021,국립한밭대학교,인문사회계열,1370296.9326593294
2021,국립한밭대학교,자연과학계열,1585539.3384845464
2021,국민대학교,공학계열,1788716.2182521173
2021,국민대학교,예체능계열,1555796.5972227897
2021,국민대학교,인문사회계열,1623810.1672448006
2021,국민대학교,자연과학계열,1762396.3943678162
2021,극동대학교,공학계열,1927707.6083393765
2021,극동대학교,예체능계열,2021601.43952
2021,극동대학교,인문사회계열,1760636.2830372492
2021,극동대학교,자연과학계열,2021501.822885835
2021,금강대학교,인문사회계열,3857446.596586345
2021,김천대학교,공학계열,2193176.0353125
2021,김천대학교,예체능계열,3189067.5969387754
2021,김천대학교,인문사회계열,2212587.4170970614
2021,김천대학교,자연과학계열,2035363.7519957423
2021,나사렛대학교,공학계열,1640576.6683972913
2021,나사렛대학교,예체능계열,2247090.784156379
2021,나사렛대학교,인문사회계열,2141994.2585870284
2021,나사렛대학교,자연과학계열,2309563.649214286
2021,남부대학교,공학계열,1862273.9481012656
2021,남부대학교,예체능계열,2154298.779059829
2021,남부대학교,인문사회계열,1775995.5802419356
2021,남부대학교,자연과학계열,1790271.496361632
2021,남서울대학교,공학계열,1767630.3306962708
2021,남서울대학교,예체능계열,2108187.963088829
2021,남서울대학교,인문사회계열,1769267.4208812492
2021,남서울대학교,자연과학계열,2334958.4829661017
2021,단국대학교,공학계열,1571044.199864149
2021,단국대학교,예체능계열,1768130.8079548744
2021,단국대학교,인문사회계열,1608594.1325085722
2021,단국대학교,자연과학계열,1725947.4530398324
2021,단국대학교 _제2캠퍼스,공학계열,1640669.466418835
2021,단국대학교 _제2캠퍼스,예체능계열,1920175.7190492477
2021,단국대학교 _제2캠퍼스,의학계열,1037506.6458590853
2021,단국대학교 _제2캠퍼스,인문사회계열,1651605.70423433
2021,단국대학교 _제2캠퍼스,자연과학계열,1700769.9359601673
2021,대구가톨릭대학교,공학계열,2000506.5724657532
2021,대구가톨릭대학교,예체능계열,1990666.226749611
2021,대구가톨릭대학교,의학계열,874108.037654321
2021,대구가톨릭대학교,인문사회계열,1802928.6135486716
2021,대구가톨릭대학교,자연과학계열,1992507.632460826
2021,대구경북과학기술원,자연과학계열,1382163.098356983
2021,대구교육대학교,인문사회계열,1000823.726440461
2021,대구대학교,공학계열,1884405.0899103137
2021,대구대학교,예체능계열,2100132.378145467
2021,대구대학교,인문사회계열,1934004.5439071567
2021,대구대학교,자연과학계열,2168883.3962446656
2021,대구예술대학교,예체능계열,1956544.0910702113
2021,대구예술대학교,자연과학계열,2309670.2125
2021,대구한의대학교,공학계열,2113461.8560461416
2021,대구한의대학교,예체능계열,1948776.188
2021,대구한의대학교,의학계열,1010044.8746696035
2021,대구한의대학교,인문사회계열,1978890.2893929712
2021,대구한의대학교,자연과학계열,1957905.2205133557
2021,대신대학교,예체능계열,2467133.2498039217
2021,대신대학교,인문사회계열,2716955.2436762224
2021,대전가톨릭대학교,인문사회계열,1755499.9907692308
2021,대전대학교,공학계열,1762788.7452772856
2021,대전대학교,예체능계열,2018632.0263463133
2021,대전대학교,의학계열,1217362.0084772373
2021,대전대학교,인문사회계열,1843461.600663199
2021,대전대학교,자연과학계열,1693298.4544871794
2021,대전신학대학교,인문사회계열,3226174.125
2021,대진대학교,공학계열,1870855.279020287
2021,대진대학교,예체능계열,2063206.0227087575
2021,대진대학교,인문사회계열,1727463.4762200667
2021,대진대학교,자연과학계열,2032770.9709340301
2021,덕성여자대학교,공학계열,1408246.5226723095
2021,덕성여자대학교,예체능계열,1644731.1049526583
2021,덕성여자대학교,인문사회계열,1473295.3596900518
2021,덕성여자대학교,자연과학계열,1422659.2663736264
2021,동국대학교,공학계열,1538483.1564134667
2021,동국대학교,예체능계열,1928272.0739685658
2021,동국대학교,인문사회계열,1661131.3452453231
2021,동국대학교,자연과학계열,1596169.8974331552
2021,동국대학교(WISE) _분교,공학계열,1647671.4117101938
2021,동국대학교(WISE) _분교,예체능계열,2396715.0176107106
2021,동국대학교(WISE) _분교,의학계열,994364.0953282828
2021,동국대학교(WISE) _분교,인문사회계열,1855173.4276655898
2021,동국대학교(WISE) _분교,자연과학계열,1759099.3777943926
2021,동덕여자대학교,공학계열,1602231.54425
2021,동덕여자대학교,예체능계열,1736352.7803823773
2021,동덕여자대학교,인문사회계열,1521748.8060546555
2021,동덕여자대학교,자연과학계열,1555080.5313417723
2021,동명대학교,공학계열,2115480.2416215353
2021,동명대학교,예체능계열,2071007.3717046238
2021,동명대학교,인문사회계열,1798213.6043018212
2021,동명대학교,자연과학계열,2163427.468894009
2021,동서대학교,공학계열,1930530.0160253865
2021,동서대학교,예체능계열,1953615.0095814688
2021,동서대학교,인문사회계열,1746021.1249833356
2021,동서대학교,자연과학계열,2154808.9488294316
2021,동신대학교,공학계열,2164435.9453475936
2021,동신대학교,예체능계열,2266731.548350398
2021,동신대학교,의학계열,1503471.9442622948
2021,동신대학교,인문사회계열,1880534.8557886137
2021,동신대학교,자연과학계열,2073379.0226367533
2021,동아대학교,공학계열,1773725.4897338043
2021,동아대학교,예체능계열,2250799.082964416
2021,동아대학교,의학계열,1189865.4
2021,동아대학교,인문사회계열,1621042.594671091
2021,동아대학교,자연과학계열,1696637.651355778
2021,동양대학교,공학계열,1701387.7309149394
2021,동양대학교,예체능계열,1837438.7139874739
2021,동양대학교,인문사회계열,1603667.199431818
2021,동양대학교,자연과학계열,2034839.2880829019
2021,동의대학교,공학계열,1867572.8981178978
2021,동의대학교,예체능계열,2082981.5165900541
2021,동의대학교,의학계열,1455283.2941828254
2021,동의대학교,인문사회계열,1595727.7918219925
2021,동의대학교,자연과학계열,1712342.6740720817
2021,루터대학교,인문사회계열,2098743.9925869894
2021,명지대학교,공학계열,1668584.0616776983
2021,명지대학교,예체능계열,1978394.1732176535
2021,명지대학교,인문사회계열,1223123.961983471
2021,명지대학교,자연과학계열,1681014.8341726619
2021,명지대학교 _제2캠퍼스,공학계열,1715136.764363404
2021,명지대학교 _제2캠퍼스,예체능계열,1379129.8016025643
2021,명지대학교 _제2캠퍼스,인문사회계열,1581692.5309794818
2021,목원대학교,공학계열,1994607.9942152102
2021,목원대학교,예체능계열,2158666.348783977
2021,목원대학교,인문사회계열,1848906.5345872343
2021,목원대학교,자연과학계열,1893842.6333333335
2021,목포가톨릭대학교,인문사회계열,2558792.761087866
2021,목포가톨릭대학교,자연과학계열,2262659.3064257028
2021,배재대학교,공학계열,1763889.1626904886
2021,배재대학교,예체능계열,2162370.77524818
2021,배재대학교,인문사회계열,1674548.7271289176
2021,배재대학교,자연과학계열,1807715.1176181103
2021,백석대학교,공학계열,1581769.3980303032
2021,백석대학교,예체능계열,1887238.2360717845
2021,백석대학교,인문사회계열,1896566.3877313407
2021,백석대학교,자연과학계열,1931449.9100799174
2021,부산가톨릭대학교,공학계열,1979632.1455497383
2021,부산가톨릭대학교,인문사회계열,1874647.6699386502
2021,부산가톨릭대학교,자연과학계열,2340599.261864407
2021,부산교육대학교,인문사회계열,1072678.3751176866
2021,부산대학교,공학계열,1436740.9172946638
2021,부산대학교,예체능계열,1562371.000136472
2021,부산대학교,의학계열,1829071.3499999999
2021,부산대학교,인문사회계열,1318398.982954082
2021,부산대학교,자연과학계열,1348063.6658120663
2021,부산외국어대학교,공학계열,1701965.1635176651
2021,부산외국어대학교,예체능계열,1773883.4589285713
2021,부산외국어대학교,인문사회계열,1539978.0640518141
2021,부산장신대학교,인문사회계열,2545155.7752066115
2021,삼육대학교,공학계열,1795389.8576923078
2021,삼육대학교,예체능계열,1960024.7669764117
2021,삼육대학교,인문사회계열,2032630.9130931236
2021,삼육대학교,자연과학계열,1940386.6670822944
2021,상명대학교,공학계열,1765621.6619769358
2021,상명대학교,예체능계열,1907596.885070944
2021,상명대학교,인문사회계열,1676285.7464317053
2021,상명대학교,자연과학계열,1575209.4657807308
2021,상명대학교 _제2캠퍼스,공학계열,1784160.2921879962
2021,상명대학교 _제2캠퍼스,예체능계열,2023222.599509231
2021,상명대학교 _제2캠퍼스,인문사회계열,1667771.7952809953
2021,상명대학교 _제2캠퍼스,자연과학계열,1784842.4842391305
2021,상지대학교,공학계열,1574847.5403557532
2021,상지대학교,예체능계열,1937367.5032051282
2021,상지대학교,의학계열,1232223.8296650718
2021,상지대학교,인문사회계열,1591187.0154201116
2021,상지대학교,자연과학계열,1738658.0160902694
2021,서강대학교,공학계열,1479256.0483625734
2021,서강대학교,인문사회계열,1287415.0032738678
2021,서강대학교,자연과학계열,1439163.5345159352
2021,서경대학교,공학계열,1577941.0142590865
2021,서경대학교,예체능계열,1720042.1022222221
2021,서경대학교,인문사회계열,1644807.8444964872
2021,서경대학교,자연과학계열,1617818.2070552148
2021,서울과학기술대학교,공학계열,1575623.6654320043
2021,서울과학기술대학교,예체능계열,1471953.0007626738
2021,서울과학기술대학교,인문사회계열,1772318.8085588422
2021,서울과학기술대학교,자연과학계열,1582531.5856882406
2021,서울교육대학교,인문사회계열,849154.7059173554
2021,서울기독대학교,예체능계열,1618388.3767080745
2021,서울기독대학교,인문사회계열,1776186.721090909
2021,서울대학교,공학계열,1596211.7120295956
2021,서울대학교,예체능계열,1584983.2496539163
2021,서울대학교,의학계열,1807964.9755910544
2021,서울대학교,인문사회계열,1364690.6979317137
2021,서울대학교,자연과학계열,1707939.9653356995
2021,서울시립대학교,공학계열,943620.3888906856
2021,서울시립대학교,예체능계열,872809.734593725
2021,서울시립대학교,인문사회계열,870511.0813482611
2021,서울시립대학교,자연과학계열,917994.2742405063
2021,서울신학대학교,공학계열,2449732.8657534244
2021,서울신학대학교,예체능계열,2505213.426375176
2021,서울신학대학교,인문사회계열,2354759.523795535
2021,서울여자대학교,공학계열,1843357.0861860209
2021,서울여자대학교,예체능계열,1763246.3682878083
2021,서울여자대학교,인문사회계열,1667130.536445702
2021,서울여자대학교,자연과학계열,1863127.5011346445
2021,서울장신대학교,예체능계열,2438508.7093023257
2021,서울장신대학교,인문사회계열,2487360.3632911392
2021,서울한영대학교,예체능계열,1981873.858241758
2021,서울한영대학교,인문사회계열,1925512.222368421
2021,서원대학교,공학계열,1790899.2336461125
2021,서원대학교,예체능계열,1925570.545912361
2021,서원대학교,인문사회계열,1933598.2473623476
2021,서원대학교,자연과학계열,1866860.5035829123
2021,선문대학교,공학계열,1751850.0338176594
2021,선문대학교,예체능계열,2090223.6515873016
2021,선문대학교,인문사회계열,2191370.853491755
2021,선문대학교,자연과학계열,2194292.808671268
2021,성결대학교,공학계열,1771708.7068592056
2021,성결대학교,예체능계열,1778534.3033879166
2021,성결대학교,인문사회계열,1584419.8544429925
2021,성공회대학교,공학계열,1949946.1853345556
2021,성공회대학교,예체능계열,2944361.4222222217
2021,성공회대학교,인문사회계열,2026698.9996506213
2021,성균관대학교,공학계열,1703344.0355752534
2021,성균관대학교,예체능계열,1678344.061315894
2021,성균관대학교,의학계열,2408987.651851852
2021,성균관대학교,인문사회계열,1404877.4755695343
2021,성균관대학교,자연과학계열,1785523.6587108015
2021,성신여자대학교,공학계열,1925259.8746648794
2021,성신여자대학교,예체능계열,1898319.601023566
2021,성신여자대학교,인문사회계열,1662487.1355303535
2021,성신여자대학교,자연과학계열,1737946.595121951
2021,세명대학교,공학계열,1692948.5815848217
2021,세명대학교,예체능계열,2053993.9335695878
2021,세명대학교,의학계열,1813093.7213483145
2021,세명대학교,인문사회계열,1920203.2501126127
2021,세명대학교,자연과학계열,2013377.865674077
2021,세종대학교,공학계열,1627383.6242815
2021,세종대학교,예체능계열,1713752.7912006578
2021,세종대학교,인문사회계열,1505549.3637160512
2021,세종대학교,자연과학계열,1587806.290967742
2021,세한대학교,공학계열,1511622.0327771157
2021,세한대학교,예체능계열,1477864.8534725374
2021,세한대학교,인문사회계열,1658203.444571654
2021,세한대학교,자연과학계열,1772051.9291666667
2021,송원대학교,공학계열,2043590.3226294823
2021,송원대학교,예체능계열,2261893.5672955974
2021,송원대학교,인문사회계열,1833859.0313086198
2021,송원대학교,자연과학계열,1953506.1861799217
2021,수원가톨릭대학교,인문사회계열,4169072.1526104417
2021,수원대학교,공학계열,1689228.4957660942
2021,수원대학교,예체능계열,1956373.7428237738
2021,수원대학교,인문사회계열,1510767.4569791472
2021,수원대학교,자연과학계열,1700483.947874939
2021,숙명여자대학교,공학계열,1806204.4150773992
2021,숙명여자대학교,예체능계열,1882640.593423953
2021,숙명여자대학교,인문사회계열,1737601.1689741453
2021,숙명여자대학교,자연과학계열,1466986.9565315314
2021,순복음총회신학교,예체능계열,2127955.5733333332
2021,순복음총회신학교,인문사회계열,2048603.87983871
2021,순천향대학교,공학계열,2113822.9642973854
2021,순천향대학교,예체능계열,2139506.419141914
2021,순천향대학교,의학계열,1142978.1374517374
2021,순천향대학교,인문사회계열,2102458.223855551
2021,순천향대학교,자연과학계열,1789054.8712594458
2021,숭실대학교,공학계열,1535677.8995403808
2021,숭실대학교,예체능계열,1694439.7457814661
2021,숭실대학교,인문사회계열,1569859.1768250288
2021,숭실대학교,자연과학계열,1262030.2313736575
2021,신경주대학교,공학계열,1690205.1205128205
2021,신경주대학교,예체능계열,2116828.595473251
2021,신경주대학교,인문사회계열,1377152.402474527
2021,신경주대학교,자연과학계열,2087028.669863014
2021,신라대학교,공학계열,1881129.5716861754
2021,신라대학교,예체능계열,1798646.0421290323
2021,신라대학교,인문사회계열,1785317.9639621193
2021,신라대학교,자연과학계열,1899118.4894754428
2021,신한대학교,공학계열,2096109.8670741648
2021,신한대학교,인문사회계열,1630591.4749460046
2021,신한대학교,자연과학계열,2302024.798838437
2021,신한대학교 _제2캠퍼스,공학계열,1810416.5780254777
2021,신한대학교 _제2캠퍼스,예체능계열,2072895.4447988905
2021,신한대학교 _제2캠퍼스,인문사회계열,1953716.9717557253
2021,신한대학교 _제2캠퍼스,자연과학계열,2086817.4326234567
2021,아신대학교,인문사회계열,2752862.2160852714
2021,아주대학교,공학계열,1574996.606157178
2021,아주대학교,예체능계열,2868589.2
2021,아주대학교,의학계열,2172508.5843444224
2021,아주대학교,인문사회계열,1454927.515491508
2021,아주대학교,자연과학계열,1701899.1898239588
2021,안양대학교,공학계열,1747912.9585449358
2021,안양대학교,예체능계열,1645130.8065306123
2021,안양대학교,인문사회계열,1696990.7394690267
2021,안양대학교,자연과학계열,1518581.684390244
2021,안양대학교 _제2캠퍼스,공학계열,1457154.769508197
2021,안양대학교 _제2캠퍼스,인문사회계열,1471058.7698492461
2021,연세대학교,공학계열,1704648.1173253732
2021,연세대학교,예체능계열,2380721.482087912
2021,연세대학교,의학계열,2069238.2700334447
2021,연세대학교,인문사회계열,1755380.9342570598
2021,연세대학교,자연과학계열,1723974.2308130504
2021,연세대학교(미래) _분교,공학계열,1735734.385770039
2021,연세대학교(미래) _분교,예체능계열,1484827.64070922
2021,연세대학교(미래) _분교,의학계열,1254251.0
2021,연세대학교(미래) _분교,인문사회계열,1604970.7574311022
2021,연세대학교(미래) _분교,자연과학계열,1670366.7033333331
2021,영남대학교,공학계열,1818712.9822075416
2021,영남대학교,예체능계열,2229007.0146770026
2021,영남대학교,의학계열,1393688.5731788077
2021,영남대학교,인문사회계열,1800321.556880026
2021,영남대학교,자연과학계열,1877333.2865778357
2021,영남신학대학교,인문사회계열,2155568.690311419
2021,영산대학교,공학계열,1584236.4608567208
2021,영산대학교,예체능계열,2439818.1876
2021,영산대학교,인문사회계열,1582481.8027920646
2021,영산대학교,자연과학계열,2460327.799009901
2021,영산대학교 _제2캠퍼스,공학계열,1347250.6878048782
2021,영산대학교 _제2캠퍼스,예체능계열,1908594.0694660193
2021,영산대학교 _제2캠퍼스,인문사회계열,1577698.2073380866
2021,영산대학교 _제2캠퍼스,자연과학계열,1947574.2612656467
2021,영산선학대학교,인문사회계열,1531060.5909090908
2021,예수대학교,인문사회계열,2145652.766086956
2021,예수대학교,자연과학계열,1877457.1102083332
2021,예원예술대학교,예체능계열,1633548.7268175252
2021,예원예술대학교,인문사회계열,1958269.2153846151
2021,예원예술대학교 _제2캠퍼스,예체능계열,1369422.369735183
2021,용인대학교,공학계열,1335225.8392307693
2021,용인대학교,예체능계열,1802711.9759426613
2021,용인대학교,인문사회계열,1629713.0959341044
2021,용인대학교,자연과학계열,1561997.4392929978
2021,우석대학교,공학계열,1558424.9358876562
2021,우석대학교,예체능계열,1799550.887556561
2021,우석대학교,의학계열,1351727.75
2021,우석대학교,인문사회계열,1643796.6980664982
2021,우석대학교,자연과학계열,1719393.9810693641
2021,우송대학교,공학계열,1845346.201296633
2021,우송대학교,예체능계열,2164135.379106946
2021,우송대학교,인문사회계열,1891695.7740576179
2021,우송대학교,자연과학계열,1961467.980292618
2021,울산과학기술원,공학계열,3002012.6411604714
2021,울산과학기술원,인문사회계열,3057986.4661202184
2021,울산과학기술원,자연과학계열,3079306.6281842818
2021,울산대학교,공학계열,1388345.8587649637
2021,울산대학교,예체능계열,1819156.4775757575
2021,울산대학교,의학계열,4347067.0465625
2021,울산대학교,인문사회계열,1193904.7778846154
2021,울산대학교,자연과학계열,1807232.1600616593
2021,원광대학교,공학계열,1778733.959723527
2021,원광대학교,예체능계열,2024971.9534282018
2021,원광대학교,의학계열,1224843.6810170978
2021,원광대학교,인문사회계열,1661940.6422279794
2021,원광대학교,자연과학계열,1733691.5297128796
2021,위덕대학교,공학계열,2121027.4292153586
2021,위덕대학교,예체능계열,2675321.915028902
2021,위덕대학교,인문사회계열,2143845.0012495117
2021,위덕대학교,자연과학계열,1831788.5378378378
2021,유원대학교,공학계열,1643869.4653846154
2021,유원대학교,예체능계열,2492887.4768916154
2021,유원대학교,인문사회계열,2139155.7971645365
2021,유원대학교,자연과학계열,1835065.8751445087
2021,을지대학교,의학계열,2032489.4170483463
2021,을지대학교,자연과학계열,1819844.3513513512
2021,을지대학교 _제2캠퍼스,공학계열,1872348.8327819551
2021,을지대학교 _제2캠퍼스,예체능계열,1874135.7497816596
2021,을지대학교 _제2캠퍼스,인문사회계열,1794478.5797658863
2021,을지대학교 _제2캠퍼스,자연과학계열,1686268.6920206433
2021,을지대학교 _제3캠퍼스,예체능계열,1944505.1862068966
2021,을지대학교 _제3캠퍼스,인문사회계열,2076292.0333333334
2021,을지대학교 _제3캠퍼스,자연과학계열,1938051.6158765159
2021,이화여자대학교,공학계열,1779738.8621253406
2021,이화여자대학교,예체능계열,1606332.5164191087
2021,이화여자대학교,의학계열,2428598.1106666666
2021,이화여자대학교,인문사회계열,1577417.9652148872
2021,이화여자대학교,자연과학계열,1728228.0938086
2021,인제대학교,공학계열,1860281.6572521245
2021,인제대학교,예체능계열,2272923.801305057
2021,인제대학교,의학계열,1076653.1866336633
2021,인제대학교,인문사회계열,1663935.527444795
2021,인제대학교,자연과학계열,1722035.254021076
2021,인천가톨릭대학교,인문사회계열,3740263.1736842105
2021,인천가톨릭대학교 _제2캠퍼스,예체능계열,1435305.2101449275
2021,인천가톨릭대학교 _제2캠퍼스,인문사회계열,1584402.1794520547
2021,인천가톨릭대학교 _제2캠퍼스,자연과학계열,1650757.9744000002
2021,인천대학교,공학계열,1572427.5742798587
2021,인천대학교,예체능계열,1584117.6338790932
2021,인천대학교,인문사회계열,1629097.6160896583
2021,인천대학교,자연과학계열,1462704.4929815016
2021,인하대학교,공학계열,1560484.660622186
2021,인하대학교,예체능계열,1861046.1100845411
2021,인하대학교,의학계열,997666.0762025317
2021,인하대학교,인문사회계열,1590959.7576150305
2021,인하대학교,자연과학계열,1391546.1811635797
2021,장로회신학대학교,예체능계열,2091207.8510204083
2021,장로회신학대학교,인문사회계열,2176539.5824791417
2021,전남대학교,공학계열,1413082.3472346978
2021,전남대학교,예체능계열,1435427.2281038375
2021,전남대학교,의학계열,1151773.9934285716
2021,전남대학교,인문사회계열,1247761.240324354
2021,전남대학교,자연과학계열,1419890.27217175
2021,전남대학교 _제2캠퍼스,공학계열,1563510.1761187788
2021,전남대학교 _제2캠퍼스,인문사회계열,1293996.6223361823
2021,전남대학교 _제2캠퍼스,자연과학계열,1506468.3248508945
2021,전북대학교,공학계열,1386289.613319495
2021,전북대학교,예체능계열,1595729.1317412334
2021,전북대학교,의학계열,1566082.9278021976
2021,전북대학교,인문사회계열,1286535.3562655144
2021,전북대학교,자연과학계열,1324698.8428262107
2021,전주교육대학교,인문사회계열,699090.704494863
2021,전주대학교,공학계열,1978258.6777589496
2021,전주대학교,예체능계열,2123604.1283385092
2021,전주대학교,인문사회계열,1672629.9625589226
2021,전주대학교,자연과학계열,1812826.2528939287
2021,정석대학,공학계열,0.0
2021,정석대학,인문사회계열,0.0
2021,제주국제대학교,공학계열,1467652.5083904108
2021,제주국제대학교,예체능계열,1700267.0542792794
2021,제주국제대학교,인문사회계열,1806524.6296954313
2021,제주국제대학교,자연과학계열,262394.7368421053
2021,제주대학교,공학계열,1422798.9524416134
2021,제주대학교,예체능계열,1382885.8116455695
2021,제주대학교,의학계열,1290464.2730496454
2021,제주대학교,인문사회계열,1192628.4093304845
2021,제주대학교,자연과학계열,1394676.416896753
2021,조선대학교,공학계열,1738460.6824849437
2021,조선대학교,예체능계열,2039741.2723054257
2021,조선대학교,의학계열,1070965.5194894148
2021,조선대학교,인문사회계열,1655332.8703011503
2021,조선대학교,자연과학계열,1577378.750797726
2021,중부대학교,공학계열,1730068.3867842874
2021,중부대학교,예체능계열,1922363.6127719963
2021,중부대학교,인문사회계열,1863567.2662765293
2021,중부대학교,자연과학계열,2049819.660324419
2021,중앙대학교,공학계열,1713814.1864986608
2021,중앙대학교,예체능계열,1749698.564135407
2021,중앙대학교,인문사회계열,1469899.6510947482
2021,중앙대학교,자연과학계열,1376434.089302167
2021,중앙대학교 _제2캠퍼스,공학계열,2067457.0658511722
2021,중앙대학교 _제2캠퍼스,예체능계열,1898120.979207493
2021,중앙대학교 _제2캠퍼스,인문사회계열,1025756.5978021979
2021,중앙대학교 _제2캠퍼스,자연과학계열,1665346.5120022122
2021,중앙승가대학교,인문사회계열,1003711.0672131148
2021,중원대학교,공학계열,2070162.2420799232
2021,중원대학교,예체능계열,2313339.5681381957
2021,중원대학교,인문사회계열,2052747.422099768
2021,중원대학교,자연과학계열,2217175.404027665
2021,진주교육대학교,인문사회계열,1132424.1269070208
2021,차의과학대학교,인문사회계열,2068333.3339435146
2021,차의과학대학교,자연과학계열,1757701.0637089992
2021,창신대학교,공학계열,2504221.4076458756
2021,창신대학교,예체능계열,2578711.6447033896
2021,창신대학교,인문사회계열,2251355.3298601396
2021,창신대학교,자연과학계열,2266085.5266022827
2021,청운대학교,공학계열,2077663.2762014482
2021,청운대학교,예체능계열,2931788.2662398634
2021,청운대학교,인문사회계열,2348573.9451845908
2021,청운대학교,자연과학계열,1942550.210428737
2021,청주교육대학교,인문사회계열,828450.9812764159
2021,청주대학교,공학계열,1581739.3325613313
2021,청주대학교,예체능계열,1889787.2643792005
2021,청주대학교,인문사회계열,1682460.9673297966
2021,청주대학교,자연과학계열,1798287.440355251
2021,초당대학교,공학계열,2129132.090528483
2021,초당대학교,예체능계열,2260179.6983490563
2021,초당대학교,인문사회계열,1664547.6984630162
2021,초당대학교,자연과학계열,1879243.1264640144
2021,총신대학교,예체능계열,2101632.074947808
2021,총신대학교,인문사회계열,2307420.0211300305
2021,추계예술대학교,예체능계열,1570252.3658369633
2021,추계예술대학교,인문사회계열,1218194.8850719426
2021,춘천교육대학교,인문사회계열,992402.517044146
2021,충남대학교,공학계열,1253044.6987602415
2021,충남대학교,예체능계열,1393896.3830557151
2021,충남대학교,의학계열,1584131.3973246566
2021,충남대학교,인문사회계열,1011597.9166391377
2021,충남대학교,자연과학계열,1137074.7970635344
2021,충북대학교,공학계열,1517475.7328012162
2021,충북대학교,예체능계열,1581572.3683544304
2021,충북대학교,의학계열,1382422.1898929842
2021,충북대학교,인문사회계열,1306396.0344280307
2021,충북대학교,자연과학계열,1448254.87073329
2021,칼빈대학교,예체능계열,2030730.7707692308
2021,칼빈대학교,인문사회계열,1982571.1727071824
2021,평택대학교,공학계열,1507774.5291925466
2021,평택대학교,예체능계열,1817568.210269122
2021,평택대학교,인문사회계열,1732462.0528521538
2021,평택대학교,자연과학계열,1429298.9250300843
2021,포항공과대학교,공학계열,2807003.2654646323
2021,포항공과대학교,자연과학계열,3089536.7163727963
2021,한경국립대학교,공학계열,1332199.6235633288
2021,한경국립대학교,예체능계열,1574658.100135318
2021,한경국립대학교,인문사회계열,1367182.0807228915
2021,한경국립대학교,자연과학계열,1393557.8847880298
2021,한국공학대학교,공학계열,1705960.8640991626
2021,한국공학대학교,예체능계열,2396250.0
2021,한국공학대학교,인문사회계열,1593789.011036036
2021,한국과학기술원,공학계열,3550268.0553313154
2021,한국과학기술원,인문사회계열,3360156.0452054795
2021,한국과학기술원,자연과학계열,3276389.923076923
2021,한국교원대학교,공학계열,1012531.9335403728
2021,한국교원대학교,예체능계열,988337.4076604554
2021,한국교원대학교,인문사회계열,1108365.2306008902
2021,한국교원대학교,자연과학계열,1287280.6078125
2021,한국기술교육대학교,공학계열,1831559.7772408535
2021,한국기술교육대학교,인문사회계열,1202828.3525353284
2021,한국방송통신대학교,공학계열,104856.37955402855
2021,한국방송통신대학교,예체능계열,118873.06339234723
2021,한국방송통신대학교,인문사회계열,122943.78443274714
2021,한국방송통신대학교,자연과학계열,114599.75089724216
2021,한국성서대학교,공학계열,1824858.9505190314
2021,한국성서대학교,인문사회계열,2389527.1824324327
2021,한국성서대학교,자연과학계열,1634902.8909090909
2021,한국예술종합학교,공학계열,663627.2446808511
2021,한국예술종합학교,예체능계열,1056413.0984578629
2021,한국예술종합학교,인문사회계열,1124812.3964179105
2021,한국외국어대학교,공학계열,1417564.5135918194
2021,한국외국어대학교,인문사회계열,1302830.8058089532
2021,한국외국어대학교,자연과학계열,1447607.5920337392
2021,한국전통문화대학교,공학계열,1050551.05210356
2021,한국전통문화대학교,예체능계열,1258571.079331307
2021,한국전통문화대학교,인문사회계열,1134770.8452685422
2021,한국전통문화대학교,자연과학계열,1323585.3218390804
2021,한국체육대학교,예체능계열,1482669.3440880503
2021,한국침례신학대학교,예체능계열,2819006.96
2021,한국침례신학대학교,인문사회계열,3203769.9532167045
2021,한국항공대학교,공학계열,1633938.5419678297
2021,한국항공대학교,인문사회계열,1673192.8172330097
2021,한국항공대학교,자연과학계열,1814307.3303995368
2021,한남대학교,공학계열,1679138.593579235
2021,한남대학교,예체능계열,2057417.9806803593
2021,한남대학교,인문사회계열,1796970.3983327604
2021,한남대학교,자연과학계열,1967512.7464638783
2021,한동대학교,공학계열,1993978.367648066
2021,한동대학교,인문사회계열,1951381.5193913658
2021,한동대학교,자연과학계열,1930414.8991051454
2021,한라대학교,공학계열,1717870.166810345
2021,한라대학교,예체능계열,2573682.481712963
2021,한라대학교,인문사회계열,1871129.4340686277
2021,한림대학교,공학계열,1970751.29645
2021,한림대학교,예체능계열,2227551.2836820083
2021,한림대학교,의학계열,1092117.5764525994
2021,한림대학교,인문사회계열,1797742.5709175547
2021,한림대학교,자연과학계열,1713732.7377859585
2021,한서대학교,공학계열,1787795.4705716302
2021,한서대학교,예체능계열,1715844.952660243
2021,한서대학교,인문사회계열,1804433.0773959206
2021,한서대학교,자연과학계열,2014187.6280221685
2021,한성대학교,공학계열,1736936.6569038702
2021,한성대학교,예체능계열,1930768.1310186703
2021,한성대학교,인문사회계열,1586195.8115079366
2021,한세대학교,공학계열,1958094.9895781637
2021,한세대학교,예체능계열,2174633.366730646
2021,한세대학교,인문사회계열,1957846.0886669229
2021,한세대학교,자연과학계열,2054459.7200581396
2021,한신대학교,공학계열,1575319.167246214
2021,한신대학교,예체능계열,1702282.746594982
2021,한신대학교,인문사회계열,1647137.8159190735
2021,한신대학교,자연과학계열,1394695.0546378654
2021,한양대학교,공학계열,1883494.866707547
2021,한양대학교,예체능계열,1794731.6924521355
2021,한양대학교,의학계열,797336.5804123712
2021,한양대학교,인문사회계열,1726795.4660920957
2021,한양대학교,자연과학계열,1318308.0832456797
2021,한양대학교(ERICA) _분교,공학계열,2000116.9016298573
2021,한양대학교(ERICA) _분교,예체능계열,1980517.6099083214
2021,한양대학교(ERICA) _분교,인문사회계열,1771512.951722449
2021,한양대학교(ERICA) _분교,자연과학계열,1681179.9527726434
2021,한일장신대학교,예체능계열,2801870.8362467866
2021,한일장신대학교,인문사회계열,2553699.4094594596
2021,한일장신대학교,자연과학계열,1873081.7447191013
2021,협성대학교,공학계열,1789760.0947321428
2021,협성대학교,예체능계열,1951420.359178931
2021,협성대학교,인문사회계열,1915934.2681800316
2021,협성대학교,자연과학계열,2031956.726064736
2021,호남대학교,공학계열,1609519.662331512
2021,호남대학교,예체능계열,1844027.3145394465
2021,호남대학교,인문사회계열,1698843.4337206846
2021,호남대학교,자연과학계열,1877669.8152504843
2021,호남신학대학교,예체능계열,1955947.417679558
2021,호남신학대학교,인문사회계열,2336448.2703020135
2021,호서대학교,공학계열,1758747.9208095656
2021,호서대학교,예체능계열,1928498.143162008
2021,호서대학교,인문사회계열,1641723.9500972384
2021,호서대학교,자연과학계열,1860013.5406837082
2021,호원대학교,공학계열,2352722.1635180726
2021,호원대학교,예체능계열,2064959.7117611938
2021,호원대학교,인문사회계열,2326012.925769231
2021,호원대학교,자연과학계열,2127981.4846391752
2021,홍익대학교,공학계열,1918952.6204996186
2021,홍익대학교,예체능계열,1742279.450477787
2021,홍익대학교,인문사회계열,2027469.8834456613
2021,홍익대학교,자연과학계열,1852029.0499999998
2021,홍익대학교 _제2캠퍼스,공학계열,2048302.1880361647
2021,홍익대학교 _제2캠퍼스,예체능계열,2404168.519962637
2021,홍익대학교 _제2캠퍼스,인문사회계열,1824244.9210983801
2021,화성의과학대학교,공학계열,257058.8029411765
2021,화성의과학대학교,예체능계열,719465.2624161073
2021,화성의과학대학교,인문사회계열,458295.4727272728
2021,화성의과학대학교,자연과학계열,510224.39164677804
2022,가야대학교(김해),예체능계열,2201526.164102564
2022,가야대학교(김해),인문사회계열,1864571.9046826223
2022,가야대학교(김해),자연과학계열,1886362.7193977318
2022,가천대학교,공학계열,1845897.237578604
2022,가천대학교,예체능계열,1910701.2874652585
2022,가천대학교,의학계열,4051325.446520146
2022,가천대학교,인문사회계열,1522858.1128585893
2022,가천대학교,자연과학계열,1993696.8391693684
2022,가톨릭관동대학교,공학계열,1648734.3360977739
2022,가톨릭관동대학교,예체능계열,2257798.648975302
2022,가톨릭관동대학교,의학계열,1051846.5837209304
2022,가톨릭관동대학교,인문사회계열,1926448.5294880788
2022,가톨릭관동대학교,자연과학계열,1758430.1540095955
2022,가톨릭꽃동네대학교,인문사회계열,3128669.93427673
2022,가톨릭꽃동네대학교,자연과학계열,2646080.7699152543
2022,가톨릭대학교,공학계열,1903710.839738562
2022,가톨릭대학교,예체능계열,1625262.6131901839
2022,가톨릭대학교,인문사회계열,1651602.9865384614
2022,가톨릭대학교,자연과학계열,1669068.3746382636
2022,가톨릭대학교 _제2캠퍼스,의학계열,1207347.4764705885
2022,가톨릭대학교 _제2캠퍼스,자연과학계열,1544795.5598870055
2022,가톨릭대학교 _제3캠퍼스,인문사회계열,2825872.096402878
2022,감리교신학대학교,인문사회계열,2338897.7193993507
2022,강남대학교,공학계열,1858751.589252185
2022,강남대학교,예체능계열,2077192.3316096747
2022,강남대학교,인문사회계열,1765310.7602946733
2022,강남대학교,자연과학계열,1170000.0
2022,강서대학교,공학계열,666666.6666666666
2022,강서대학교,예체능계열,2986660.201041667
2022,강서대학교,인문사회계열,1533721.3363386728
2022,강서대학교,자연과학계열,2205390.061335677
2022,강원대학교,공학계열,1454484.6390607648
2022,강원대학교,예체능계열,1638506.2216280927
2022,강원대학교,의학계열,1383312.6632218845
2022,강원대학교,인문사회계열,1320057.8234673026
2022,강원대학교,자연과학계열,1462570.1002768548
2022,강원대학교 _제2캠퍼스,공학계열,1580787.0105284888
2022,강원대학교 _제2캠퍼스,예체능계열,1727787.5476821193
2022,강원대학교 _제2캠퍼스,인문사회계열,1712513.4638116849
2022,강원대학교 _제2캠퍼스,자연과학계열,2182628.5122828283
2022,건국대학교,공학계열,1789671.03096211
2022,건국대학교,예체능계열,1754125.8539133146
2022,건국대학교,의학계열,1676661.2156682028
2022,건국대학교,인문사회계열,1596094.2196795286
2022,건국대학교,자연과학계열,1884252.8024173656
2022,건국대학교(글로컬) _분교,공학계열,1985442.3648829432
2022,건국대학교(글로컬) _분교,예체능계열,2113811.4619446234
2022,건국대학교(글로컬) _분교,인문사회계열,2146073.4076344576
2022,건국대학교(글로컬) _분교,자연과학계열,2032677.075488959
2022,건양대학교,공학계열,2168140.381993007
2022,건양대학교,예체능계열,2201811.6939560436
2022,건양대학교,인문사회계열,1991242.914052478
2022,건양대학교,자연과학계열,2123823.051825677
2022,건양대학교 _제2캠퍼스,공학계열,2116701.513377755
2022,건양대학교 _제2캠퍼스,의학계열,1266380.7000000002
2022,건양대학교 _제2캠퍼스,인문사회계열,1566818.5127596438
2022,건양대학교 _제2캠퍼스,자연과학계열,1842414.1268169824
2022,경기대학교,공학계열,1895903.3110674326
2022,경기대학교,예체능계열,2249421.5863586757
2022,경기대학교,인문사회계열,1878891.9893338056
2022,경기대학교,자연과학계열,1969808.0581343283
2022,경기대학교 _제2캠퍼스,예체능계열,2034434.0884705882
2022,경기대학교 _제2캠퍼스,인문사회계열,1758446.7998898677
2022,경기대학교 _제2캠퍼스,자연과학계열,1617488.6689655173
2022,경남과학기술대학교,공학계열,1458489.7334664245
2022,경남과학기술대학교,예체능계열,1777415.2474489796
2022,경남과학기술대학교,인문사회계열,1473236.9400578036
2022,경남과학기술대학교,자연과학계열,1418021.6821213777
2022,경남대학교,공학계열,1631777.665097147
2022,경남대학교,예체능계열,2226702.1557156136
2022,경남대학교,인문사회계열,1710795.5088990303
2022,경남대학교,자연과학계열,1927565.0623432342
2022,경동대학교,공학계열,1575000.0
2022,경동대학교,인문사회계열,2864204.338888889
2022,경동대학교,자연과학계열,2336903.638554217
2022,경동대학교 _제3캠퍼스,인문사회계열,1760287.3098712445
2022,경동대학교 _제3캠퍼스,자연과학계열,1841502.548792624
2022,경동대학교 _제4캠퍼스,공학계열,1711741.7726598172
2022,경동대학교 _제4캠퍼스,예체능계열,2356459.503960396
2022,경동대학교 _제4캠퍼스,인문사회계열,1649665.57446458
2022,경동대학교 _제4캠퍼스,자연과학계열,1685099.5667532468
2022,경북대학교,공학계열,1583093.6777695988
2022,경북대학교,예체능계열,1640075.5903816794
2022,경북대학교,의학계열,1440068.9741718136
2022,경북대학교,인문사회계열,1338994.171094753
2022,경북대학교,자연과학계열,1481085.6386507319
2022,경상국립대학교,공학계열,1439588.3796111727
2022,경상국립대학교,예체능계열,1565227.0575838927
2022,경상국립대학교,의학계열,1614116.1676616916
2022,경상국립대학교,인문사회계열,1382870.922405131
2022,경상국립대학교,자연과학계열,1523269.3359343405
2022,경성대학교,공학계열,1792688.146647343
2022,경성대학교,예체능계열,2188187.497219559
2022,경성대학교,인문사회계열,1594177.5634465974
2022,경성대학교,자연과학계열,1827196.7357118116
2022,경운대학교,공학계열,2525580.1254985756
2022,경운대학교,예체능계열,2944662.1631055903
2022,경운대학교,인문사회계열,2300626.916350124
2022,경운대학교,자연과학계열,2186275.598416565
2022,경인교육대학교,인문사회계열,1266396.899879904
2022,경인교육대학교 _제2캠퍼스,인문사회계열,1133187.4613924052
2022,경일대학교,공학계열,2259311.8805598756
2022,경일대학교,예체능계열,2266642.8387559806
2022,경일대학교,인문사회계열,1862397.961966739
2022,경일대학교,자연과학계열,2388582.3215024495
2022,경희대학교,공학계열,1710948.7768156424
2022,경희대학교,예체능계열,1971735.4690737834
2022,경희대학교,의학계열,1421991.8762660944
2022,경희대학교,인문사회계열,1499547.9947831377
2022,경희대학교,자연과학계열,1635922.3558876608
2022,계명대학교,공학계열,2120217.4396719695
2022,계명대학교,예체능계열,2334585.94141791
2022,계명대학교,의학계열,1468210.1500000001
2022,계명대학교,인문사회계열,1903550.5233355374
2022,계명대학교,자연과학계열,2060238.5869153226
2022,고려대학교,공학계열,1918114.6390105616
2022,고려대학교,예체능계열,2414362.46984127
2022,고려대학교,의학계열,2023410.15
2022,고려대학교,인문사회계열,1668057.0690522727
2022,고려대학교,자연과학계열,1670502.4136068479
2022,고려대학교(세종) _분교,공학계열,1861631.854558896
2022,고려대학교(세종) _분교,예체능계열,2211503.8945205477
2022,고려대학교(세종) _분교,인문사회계열,1751714.6598886296
2022,고려대학교(세종) _분교,자연과학계열,1776004.053102292
2022,고신대학교,예체능계열,2661343.1598101268
2022,고신대학교,의학계열,1004344.175
2022,고신대학교,인문사회계열,2303478.1051532035
2022,고신대학교,자연과학계열,1939204.7089131253
2022,공주교육대학교,인문사회계열,1162950.6918248176
2022,광신대학교,예체능계열,2816046.2869565217
2022,광신대학교,인문사회계열,2357497.9356508874
2022,광운대학교,공학계열,1666631.1055741627
2022,광운대학교,예체능계열,2484670.9295532648
2022,광운대학교,인문사회계열,1477388.1257964142
2022,광운대학교,자연과학계열,1632482.9339285712
2022,광주가톨릭대학교,인문사회계열,0.0
2022,광주과학기술원,공학계열,3147183.255114504
2022,광주과학기술원,자연과학계열,3257795.6740885414
2022,광주교육대학교,인문사회계열,2103404.7054517134
2022,광주대학교,공학계열,2062743.7795221845
2022,광주대학교,예체능계열,2402259.7454054053
2022,광주대학교,인문사회계열,2021747.8528004906
2022,광주대학교,자연과학계열,2159247.5898197913
2022,광주여자대학교,공학계열,3368019.208695653
2022,광주여자대학교,예체능계열,2600792.0002479334
2022,광주여자대학교,인문사회계열,2162024.3010003334
2022,광주여자대학교,자연과학계열,2391183.575921542
2022,국립강릉원주대학교,공학계열,1590434.150576037
2022,국립강릉원주대학교,예체능계열,2035924.1938118811
2022,국립강릉원주대학교,의학계열,1527329.7286173634
2022,국립강릉원주대학교,인문사회계열,1438498.4749671312
2022,국립강릉원주대학교,자연과학계열,1621990.8390404796
2022,국립강릉원주대학교 _제2캠퍼스,공학계열,1633840.0442185516
2022,국립강릉원주대학교 _제2캠퍼스,인문사회계열,1696044.2456158663
2022,국립강릉원주대학교 _제2캠퍼스,자연과학계열,1552524.1798540144
2022,국립경국대학교,공학계열,1774942.3142681427
2022,국립경국대학교,예체능계열,1977897.19601518
2022,국립경국대학교,인문사회계열,1586621.6377827334
2022,국립경국대학교,자연과학계열,1743682.175486527
2022,국립공주대학교,공학계열,1289774.0634974125
2022,국립공주대학교,예체능계열,1561032.4945633563
2022,국립공주대학교,인문사회계열,1334610.9043674232
2022,국립공주대학교,자연과학계열,1518958.5699324831
2022,국립군산대학교,공학계열,1521426.4331053605
2022,국립군산대학교,예체능계열,1494182.971055753
2022,국립군산대학교,인문사회계열,1340241.7196104238
2022,국립군산대학교,자연과학계열,1499771.5833121557
2022,국립금오공과대학교,공학계열,1496383.7539529915
2022,국립금오공과대학교,인문사회계열,1463293.7086816719
2022,국립금오공과대학교,자연과학계열,1550900.647096774
2022,국립목포대학교,공학계열,1879715.1746572212
2022,국립목포대학교,예체능계열,1784199.2145736436
2022,국립목포대학교,인문사회계열,1745959.6043267108
2022,국립목포대학교,자연과학계열,1829685.0367331854
2022,국립목포해양대학교,공학계열,1257883.2763349514
2022,국립목포해양대학교,자연과학계열,1187084.4444444445
2022,국립부경대학교,공학계열,1530001.2622618796
2022,국립부경대학교,예체능계열,1469436.5383333333
2022,국립부경대학교,인문사회계열,1315738.6905446756
2022,국립부경대학교,자연과학계열,1532303.8523943662
2022,국립순천대학교,공학계열,1509131.786294896
2022,국립순천대학교,예체능계열,1609816.6123711339
2022,국립순천대학교,인문사회계열,1337936.6692162417
2022,국립순천대학교,자연과학계열,1569449.1426161313
2022,국립창원대학교,공학계열,1513435.5410825384
2022,국립창원대학교,예체능계열,1776074.5628132578
2022,국립창원대학교,인문사회계열,1359554.93111661
2022,국립창원대학교,자연과학계열,1515639.494672131
2022,국립한국교통대학교,공학계열,1428069.7362430599
2022,국립한국교통대학교,예체능계열,1603625.632448037
2022,국립한국교통대학교,인문사회계열,1559855.4534952606
2022,국립한국교통대학교,자연과학계열,1583297.016622163
2022,국립한국해양대학교,공학계열,1363856.7351845258
2022,국립한국해양대학교,예체능계열,1561442.3698979593
2022,국립한국해양대학교,인문사회계열,1441701.8434962146
2022,국립한국해양대학교,자연과학계열,1435100.9478431372
2022,국립한밭대학교,공학계열,1408756.21143333
2022,국립한밭대학교,예체능계열,1735203.1353405726
2022,국립한밭대학교,인문사회계열,1401817.390228967
2022,국립한밭대학교,자연과학계열,1670075.8900681597
2022,국민대학교,공학계열,2109381.6640247605
2022,국민대학교,예체능계열,1804588.4645929018
2022,국민대학교,인문사회계열,1780559.2081150808
2022,국민대학교,자연과학계열,2048904.4977733598
2022,극동대학교,공학계열,2028235.0588379707
2022,극동대학교,예체능계열,2166198.609059233
2022,극동대학교,인문사회계열,1942826.5095457537
2022,극동대학교,자연과학계열,2126234.2894679103
2022,금강대학교,인문사회계열,4305050.195225464
2022,김천대학교,공학계열,2243252.456451613
2022,김천대학교,예체능계열,2938748.708982036
2022,김천대학교,인문사회계열,2357425.0583333336
2022,김천대학교,자연과학계열,2193527.794661922
2022,나사렛대학교,공학계열,1721159.1885361553
2022,나사렛대학교,예체능계열,2244194.9177379482
2022,나사렛대학교,인문사회계열,2281679.9019537885
2022,나사렛대학교,자연과학계열,2469695.3850668645
2022,남부대학교,공학계열,1816031.8245398772
2022,남부대학교,예체능계열,2517206.215498938
2022,남부대학교,인문사회계열,1761108.6537126994
2022,남부대학교,자연과학계열,1921856.5544880987
2022,남서울대학교,공학계열,1965824.4968240345
2022,남서울대학교,예체능계열,2235597.0568647194
2022,남서울대학교,인문사회계열,1906686.785657268
2022,남서울대학교,자연과학계열,2418299.323744476
2022,단국대학교,공학계열,1632849.9102345416
2022,단국대학교,예체능계열,1820628.320898384
2022,단국대학교,인문사회계열,1682572.802022216
2022,단국대학교,자연과학계열,1852779.4340425532
2022,단국대학교 _제2캠퍼스,공학계열,1788265.7221974095
2022,단국대학교 _제2캠퍼스,예체능계열,2081696.0818558123
2022,단국대학교 _제2캠퍼스,의학계열,1159120.9604271357
2022,단국대학교 _제2캠퍼스,인문사회계열,1764178.8266918475
2022,단국대학교 _제2캠퍼스,자연과학계열,1881403.1364590877
2022,대구가톨릭대학교,공학계열,2140091.949868341
2022,대구가톨릭대학교,예체능계열,2244631.87512
2022,대구가톨릭대학교,의학계열,1067757.801801802
2022,대구가톨릭대학교,인문사회계열,1936520.9938008478
2022,대구가톨릭대학교,자연과학계열,2207929.9572212067
2022,대구경북과학기술원,자연과학계열,1371687.7607645877
2022,대구교육대학교,인문사회계열,1067946.6357142858
2022,대구대학교,공학계열,2050432.136615713
2022,대구대학교,예체능계열,2199573.4134269846
2022,대구대학교,인문사회계열,2064829.783253282
2022,대구대학교,자연과학계열,2412637.769371345
2022,대구예술대학교,예체능계열,2013012.0981382981
2022,대구예술대학교,자연과학계열,2344621.1500000004
2022,대구한의대학교,공학계열,2358281.772996142
2022,대구한의대학교,예체능계열,2143925.2002096437
2022,대구한의대학교,의학계열,1191568.0
2022,대구한의대학교,인문사회계열,2270345.87198036
2022,대구한의대학교,자연과학계열,2228020.767404007
2022,대신대학교,예체능계열,2584155.926222222
2022,대신대학교,인문사회계열,2853594.0312401885
2022,대전가톨릭대학교,인문사회계열,2134999.9904761906
2022,대전대학교,공학계열,1921266.7699417758
2022,대전대학교,예체능계열,2228107.2930038027
2022,대전대학교,의학계열,1400878.3422003286
2022,대전대학교,인문사회계열,1972244.7930117159
2022,대전대학교,자연과학계열,1860405.0923376235
2022,대전신학대학교,인문사회계열,2977789.8798076925
2022,대진대학교,공학계열,2030869.4961284231
2022,대진대학교,예체능계열,2179249.266929134
2022,대진대학교,인문사회계열,2006995.1848397434
2022,대진대학교,자연과학계열,2251646.917978921
2022,덕성여자대학교,공학계열,1571326.7865002835
2022,덕성여자대학교,예체능계열,1801039.306504065
2022,덕성여자대학교,인문사회계열,1574175.4026850509
2022,덕성여자대학교,자연과학계열,1407506.7779492831
2022,동국대학교,공학계열,1716746.9606960365
2022,동국대학교,예체능계열,2105341.80993117
2022,동국대학교,인문사회계열,1766694.3391420513
2022,동국대학교,자연과학계열,1754513.9341734617
2022,동국대학교(WISE) _분교,공학계열,2001632.5256679808
2022,동국대학교(WISE) _분교,예체능계열,2590930.9187695514
2022,동국대학교(WISE) _분교,의학계열,1127937.2826621924
2022,동국대학교(WISE) _분교,인문사회계열,2017274.8040203194
2022,동국대학교(WISE) _분교,자연과학계열,1958743.0625280477
2022,동덕여자대학교,공학계열,1593461.8413631022
2022,동덕여자대학교,예체능계열,1870975.8185535283
2022,동덕여자대학교,인문사회계열,1700269.6398544447
2022,동덕여자대학교,자연과학계열,1646257.9133140377
2022,동명대학교,공학계열,2287697.655743544
2022,동명대학교,예체능계열,2479074.344105409
2022,동명대학교,인문사회계열,1959120.647446063
2022,동명대학교,자연과학계열,2443457.586374315
2022,동서대학교,공학계열,2017070.577308642
2022,동서대학교,예체능계열,2094554.7106761567
2022,동서대학교,인문사회계열,1899946.5142111205
2022,동서대학교,자연과학계열,2300200.0893984013
2022,동신대학교,공학계열,2252199.097125621
2022,동신대학교,예체능계열,2675089.4946764093
2022,동신대학교,의학계열,1391269.7760989012
2022,동신대학교,인문사회계열,2028183.7204868153
2022,동신대학교,자연과학계열,2316345.9301154506
2022,동아대학교,공학계열,1967593.886016507
2022,동아대학교,예체능계열,2456324.72458775
2022,동아대학교,의학계열,1134950.0
2022,동아대학교,인문사회계열,1766390.5145905116
2022,동아대학교,자연과학계열,1894453.574422832
2022,동양대학교,공학계열,1997092.2942912125
2022,동양대학교,예체능계열,2001026.4010869565
2022,동양대학교,인문사회계열,1775714.7030432716
2022,동양대학교,자연과학계열,2269537.812305296
2022,동의대학교,공학계열,2055279.2820351978
2022,동의대학교,예체능계열,2254663.8265731097
2022,동의대학교,의학계열,1399789.4830188681
2022,동의대학교,인문사회계열,1759823.6200170356
2022,동의대학교,자연과학계열,1897510.6012637806
2022,루터대학교,인문사회계열,2137333.6227929373
2022,명지대학교,공학계열,1685618.0802633292
2022,명지대학교,예체능계열,2026809.9357764877
2022,명지대학교,자연과학계열,1875659.9126019273
2022,명지대학교 _제2캠퍼스,공학계열,1623946.1784468205
2022,명지대학교 _제2캠퍼스,예체능계열,1576704.9175644028
2022,명지대학교 _제2캠퍼스,인문사회계열,1727563.5827351387
2022,목원대학교,공학계열,2052260.6844210527
2022,목원대학교,예체능계열,2326193.922881356
2022,목원대학교,인문사회계열,1973742.3920981903
2022,목원대학교,자연과학계열,2035593.6982156711
2022,목포가톨릭대학교,인문사회계열,2442483.0288065844
2022,목포가톨릭대학교,자연과학계열,2486587.0194070083
2022,배재대학교,공학계열,1841113.6766841854
2022,배재대학교,예체능계열,2294400.012426384
2022,배재대학교,인문사회계열,1715136.696005729
2022,배재대학교,자연과학계열,1939210.8927410992
2022,백석대학교,공학계열,1559741.6463805018
2022,백석대학교,예체능계열,1871632.7786186072
2022,백석대학교,인문사회계열,1873273.8941509083
2022,백석대학교,자연과학계열,1961816.8399898761
2022,부산가톨릭대학교,공학계열,1854898.6869026548
2022,부산가톨릭대학교,인문사회계열,1963131.577784731
2022,부산가톨릭대학교,자연과학계열,2522088.1718172985
2022,부산교육대학교,인문사회계열,1160532.1008310248
2022,부산대학교,공학계열,1551568.3234969326
2022,부산대학교,예체능계열,1656620.1019162526
2022,부산대학교,의학계열,1701708.0460815048
2022,부산대학교,인문사회계열,1342628.001464893
2022,부산대학교,자연과학계열,1476692.233671236
2022,부산외국어대학교,공학계열,1778417.193833992
2022,부산외국어대학교,예체능계열,2066290.8245119306
2022,부산외국어대학교,인문사회계열,1600140.0362877273
2022,부산장신대학교,인문사회계열,2962076.934798535
2022,삼육대학교,공학계열,2056410.1296800945
2022,삼육대학교,예체능계열,2155740.3436270943
2022,삼육대학교,인문사회계열,2104831.889299398
2022,삼육대학교,자연과학계열,2039508.682396088
2022,상명대학교,공학계열,1868494.7324273665
2022,상명대학교,예체능계열,2097117.6851261621
2022,상명대학교,인문사회계열,1713767.3853436294
2022,상명대학교,자연과학계열,1662329.2095011878
2022,상명대학교 _제2캠퍼스,공학계열,1834429.3213893967
2022,상명대학교 _제2캠퍼스,예체능계열,2259997.220999777
2022,상명대학교 _제2캠퍼스,인문사회계열,1804302.9851332398
2022,상명대학교 _제2캠퍼스,자연과학계열,1925262.965153115
2022,상지대학교,공학계열,1497813.4551823973
2022,상지대학교,예체능계열,1978166.9855521156
2022,상지대학교,의학계열,1089729.716058394
2022,상지대학교,인문사회계열,1596608.931709331
2022,상지대학교,자연과학계열,1700143.6026014246
2022,서강대학교,공학계열,1589165.84608624
2022,서강대학교,인문사회계열,1381646.1994641593
2022,서강대학교,자연과학계열,1603215.7091127099
2022,서경대학교,공학계열,1773598.8467446745
2022,서경대학교,예체능계열,1744102.8978796445
2022,서경대학교,인문사회계열,1804813.5759348292
2022,서경대학교,자연과학계열,2006721.8493069308
2022,서울과학기술대학교,공학계열,1561408.1130841123
2022,서울과학기술대학교,예체능계열,1407145.9120644599
2022,서울과학기술대학교,인문사회계열,1829574.130873971
2022,서울과학기술대학교,자연과학계열,1634469.2519999999
2022,서울교육대학교,인문사회계열,932997.6548431575
2022,서울기독대학교,예체능계열,2010860.785472973
2022,서울기독대학교,인문사회계열,1624635.121920668
2022,서울대학교,공학계열,1609221.5876560335
2022,서울대학교,예체능계열,1702293.774816984
2022,서울대학교,의학계열,2037230.9149867375
2022,서울대학교,인문사회계열,1456070.6079779228
2022,서울대학교,자연과학계열,1793376.5650583548
2022,서울시립대학교,공학계열,1149926.189662732
2022,서울시립대학교,예체능계열,987175.7040429042
2022,서울시립대학교,인문사회계열,1027125.2574665165
2022,서울시립대학교,자연과학계열,1035268.0323585506
2022,서울신학대학교,공학계열,3107480.20877193
2022,서울신학대학교,예체능계열,2801401.481155015
2022,서울신학대학교,인문사회계열,2632885.186501901
2022,서울여자대학교,공학계열,1976979.2763130793
2022,서울여자대학교,예체능계열,2034405.2496985935
2022,서울여자대학교,인문사회계열,1766626.7030637593
2022,서울여자대학교,자연과학계열,1939146.161468971
2022,서울장신대학교,예체능계열,2843277.8677419354
2022,서울장신대학교,인문사회계열,3073754.328205128
2022,서울한영대학교,예체능계열,2184345.8306122446
2022,서울한영대학교,인문사회계열,2140517.9387915935
2022,서원대학교,공학계열,1916793.8594038326
2022,서원대학교,예체능계열,2075724.7052944675
2022,서원대학교,인문사회계열,2067388.7478181212
2022,서원대학교,자연과학계열,2141389.420469484
2022,선문대학교,공학계열,1944368.1985121379
2022,선문대학교,예체능계열,2482790.5987064675
2022,선문대학교,인문사회계열,2291562.4998232545
2022,선문대학교,자연과학계열,2438004.1084158416
2022,성결대학교,공학계열,1849732.023693247
2022,성결대학교,예체능계열,1984072.7106993424
2022,성결대학교,인문사회계열,1646312.1005005005
2022,성공회대학교,공학계열,2071760.7987767584
2022,성공회대학교,예체능계열,2898437.7539906106
2022,성공회대학교,인문사회계열,2116900.7218535007
2022,성균관대학교,공학계열,1630406.2240802061
2022,성균관대학교,예체능계열,1811635.7024003256
2022,성균관대학교,의학계열,2276700.367164179
2022,성균관대학교,인문사회계열,1479035.3961723878
2022,성균관대학교,자연과학계열,1814219.7842049769
2022,성신여자대학교,공학계열,1882414.5691123486
2022,성신여자대학교,예체능계열,2012368.460713419
2022,성신여자대학교,인문사회계열,1765091.0500354662
2022,성신여자대학교,자연과학계열,1906184.7352782462
2022,세명대학교,공학계열,2077169.6561395947
2022,세명대학교,예체능계열,2301493.2856898517
2022,세명대학교,의학계열,1963217.65
2022,세명대학교,인문사회계열,2120312.208156173
2022,세명대학교,자연과학계열,2198239.6440181728
2022,세종대학교,공학계열,1680549.9544652968
2022,세종대학교,예체능계열,1806537.0405790838
2022,세종대학교,인문사회계열,1510859.0212543032
2022,세종대학교,자연과학계열,1694465.661827957
2022,세한대학교,공학계열,1514575.5895604396
2022,세한대학교,예체능계열,1546314.3317283324
2022,세한대학교,인문사회계열,1951415.9097843447
2022,세한대학교,자연과학계열,1817780.9155591573
2022,송원대학교,공학계열,2001269.7944660953
2022,송원대학교,예체능계열,2486748.375937904
2022,송원대학교,인문사회계열,1905479.5226053637
2022,송원대학교,자연과학계열,2201408.668064516
2022,수원가톨릭대학교,인문사회계열,4310582.696707819
2022,수원대학교,공학계열,1790144.5145976616
2022,수원대학교,예체능계열,2176945.984959243
2022,수원대학교,인문사회계열,1675427.1863736263
2022,수원대학교,자연과학계열,1853878.1629241516
2022,숙명여자대학교,공학계열,1713057.6807965422
2022,숙명여자대학교,예체능계열,1887289.9308995106
2022,숙명여자대학교,인문사회계열,1841289.9456394247
2022,숙명여자대학교,자연과학계열,1518114.5718841641
2022,순복음총회신학교,예체능계열,2854166.7000000007
2022,순복음총회신학교,인문사회계열,2191465.1176744187
2022,순천향대학교,공학계열,2157173.101234233
2022,순천향대학교,예체능계열,2155686.101344538
2022,순천향대학교,의학계열,1236051.141948052
2022,순천향대학교,인문사회계열,2152193.2635704875
2022,순천향대학교,자연과학계열,1927627.356534878
2022,숭실대학교,공학계열,1576509.1151445406
2022,숭실대학교,예체능계열,1898071.8382716049
2022,숭실대학교,인문사회계열,1655621.8205246914
2022,숭실대학교,자연과학계열,1375060.51596829
2022,신경주대학교,공학계열,2293705.874509804
2022,신경주대학교,예체능계열,2555235.33815261
2022,신경주대학교,인문사회계열,1783307.274074074
2022,신경주대학교,자연과학계열,2164184.572446556
2022,신라대학교,공학계열,1975120.6695623342
2022,신라대학교,예체능계열,2167019.0128526646
2022,신라대학교,인문사회계열,1931312.016287065
2022,신라대학교,자연과학계열,2159845.9197638067
2022,신한대학교,공학계열,2185073.8776898733
2022,신한대학교,인문사회계열,1701189.2903553299
2022,신한대학교,자연과학계열,2484531.71715847
2022,신한대학교 _제2캠퍼스,공학계열,2024086.8318750001
2022,신한대학교 _제2캠퍼스,예체능계열,2291412.619959128
2022,신한대학교 _제2캠퍼스,인문사회계열,2122785.5523360185
2022,신한대학교 _제2캠퍼스,자연과학계열,2273734.54650641
2022,아신대학교,인문사회계열,2634037.400387597
2022,아주대학교,공학계열,1666078.7170754138
2022,아주대학교,예체능계열,2955261.031578947
2022,아주대학교,의학계열,2217315.991969407
2022,아주대학교,인문사회계열,1599203.065585403
2022,아주대학교,자연과학계열,1797584.769068323
2022,안양대학교,공학계열,1919459.342361111
2022,안양대학교,예체능계열,1980632.187735849
2022,안양대학교,인문사회계열,1822458.210664606
2022,안양대학교,자연과학계열,1872074.66753507
2022,안양대학교 _제2캠퍼스,공학계열,1960620.9241042347
2022,안양대학교 _제2캠퍼스,예체능계열,2226887.573722628
2022,안양대학교 _제2캠퍼스,인문사회계열,1371836.0643478262
2022,연세대학교,공학계열,1759280.3153421022
2022,연세대학교,예체능계열,2514337.095844576
2022,연세대학교,의학계열,2066828.8633755837
2022,연세대학교,인문사회계열,1768548.372785502
2022,연세대학교,자연과학계열,1822956.7019873222
2022,연세대학교(미래) _분교,공학계열,1900014.8422988506
2022,연세대학교(미래) _분교,예체능계열,1661041.68359375
2022,연세대학교(미래) _분교,의학계열,1510445.05
2022,연세대학교(미래) _분교,인문사회계열,1695636.847758685
2022,연세대학교(미래) _분교,자연과학계열,1919836.1317815166
2022,영남대학교,공학계열,2018059.9298707973
2022,영남대학교,예체능계열,2454267.703187566
2022,영남대학교,의학계열,1693657.0362862009
2022,영남대학교,인문사회계열,1948297.4208322219
2022,영남대학교,자연과학계열,2093514.912857836
2022,영남신학대학교,인문사회계열,2604189.832702703
2022,영산대학교,공학계열,1571641.9105954466
2022,영산대학교,예체능계열,2591817.898031496
2022,영산대학교,인문사회계열,1911463.1691914892
2022,영산대학교,자연과학계열,2423048.5930857873
2022,영산대학교 _제2캠퍼스,공학계열,1707245.638888889
2022,영산대학교 _제2캠퍼스,예체능계열,2169354.9342436064
2022,영산대학교 _제2캠퍼스,인문사회계열,1773531.4779561595
2022,영산대학교 _제2캠퍼스,자연과학계열,1942158.3857940943
2022,영산선학대학교,인문사회계열,1669565.191304348
2022,예수대학교,인문사회계열,2636350.7
2022,예수대학교,자연과학계열,1826241.4926380368
2022,예원예술대학교,예체능계열,1733528.2392929294
2022,예원예술대학교,인문사회계열,1497500.0
2022,예원예술대학교 _제2캠퍼스,예체능계열,1750959.9621933622
2022,용인대학교,공학계열,1213078.4581081083
2022,용인대학교,예체능계열,1963151.5733019607
2022,용인대학교,인문사회계열,1776698.677124183
2022,용인대학교,자연과학계열,1836903.25013986
2022,우석대학교,공학계열,1757624.1996749288
2022,우석대학교,예체능계열,1875863.3919899247
2022,우석대학교,의학계열,1366851.4309352515
2022,우석대학교,인문사회계열,1767697.1752936328
2022,우석대학교,자연과학계열,1924711.3393477679
2022,우송대학교,공학계열,2059734.992035011
2022,우송대학교,예체능계열,2358325.972727273
2022,우송대학교,인문사회계열,2059087.1604098938
2022,우송대학교,자연과학계열,2174352.884622343
2022,울산과학기술원,공학계열,3294434.8758264463
2022,울산과학기술원,인문사회계열,3218784.0412940052
2022,울산과학기술원,자연과학계열,3018327.77493188
2022,울산대학교,공학계열,1576634.5136133237
2022,울산대학교,예체능계열,2060679.401612181
2022,울산대학교,의학계열,4193504.1580952387
2022,울산대학교,인문사회계열,1384383.0430675796
2022,울산대학교,자연과학계열,2045355.640923521
2022,원광대학교,공학계열,2015780.0776183433
2022,원광대학교,예체능계열,2325566.6865156796
2022,원광대학교,의학계열,1340095.088262477
2022,원광대학교,인문사회계열,1950507.7844328487
2022,원광대학교,자연과학계열,1886751.4485055937
2022,위덕대학교,공학계열,2632992.925882353
2022,위덕대학교,예체능계열,3394993.6662192396
2022,위덕대학교,인문사회계열,2308733.2539708265
2022,위덕대학교,자연과학계열,2256620.0415934757
2022,유원대학교,공학계열,1710483.9279805354
2022,유원대학교,예체능계열,2732986.862732919
2022,유원대학교,인문사회계열,2521583.8893307084
2022,유원대학교,자연과학계열,2460244.0296346415
2022,을지대학교,의학계열,1913547.8479166667
2022,을지대학교,자연과학계열,2015996.0923913044
2022,을지대학교 _제2캠퍼스,공학계열,1920229.7040057224
2022,을지대학교 _제2캠퍼스,예체능계열,2098023.2997333338
2022,을지대학교 _제2캠퍼스,인문사회계열,2002685.0902056806
2022,을지대학교 _제2캠퍼스,자연과학계열,1940814.9576873106
2022,을지대학교 _제3캠퍼스,예체능계열,1852996.15
2022,을지대학교 _제3캠퍼스,인문사회계열,2283743.1679389314
2022,을지대학교 _제3캠퍼스,자연과학계열,2269518.164773922
2022,이화여자대학교,공학계열,1856932.499801237
2022,이화여자대학교,예체능계열,1675842.375464135
2022,이화여자대학교,의학계열,2423101.3938640133
2022,이화여자대학교,인문사회계열,1682277.192979684
2022,이화여자대학교,자연과학계열,1792273.0538398959
2022,인제대학교,공학계열,2054361.4184735874
2022,인제대학교,예체능계열,2216965.7115749526
2022,인제대학교,의학계열,1185974.92404908
2022,인제대학교,인문사회계열,1883099.4617668712
2022,인제대학교,자연과학계열,1905457.5242424244
2022,인천가톨릭대학교,인문사회계열,4074783.355
2022,인천가톨릭대학교 _제2캠퍼스,예체능계열,1475377.7668806163
2022,인천가톨릭대학교 _제2캠퍼스,인문사회계열,1870670.0981132074
2022,인천가톨릭대학교 _제2캠퍼스,자연과학계열,1972578.5565445027
2022,인천대학교,공학계열,1686559.502581677
2022,인천대학교,예체능계열,1715877.9622269806
2022,인천대학교,인문사회계열,1691123.754904848
2022,인천대학교,자연과학계열,1575879.6159102763
2022,인하대학교,공학계열,1703951.3566844559
2022,인하대학교,예체능계열,2015315.1149445416
2022,인하대학교,의학계열,1017445.3102941177
2022,인하대학교,인문사회계열,1741370.1777795528
2022,인하대학교,자연과학계열,1540617.440227214
2022,장로회신학대학교,예체능계열,2202837.1937172776
2022,장로회신학대학교,인문사회계열,2152101.0030674846
2022,전남대학교,공학계열,1525913.0202701013
2022,전남대학교,예체능계열,1500852.1657322655
2022,전남대학교,의학계열,1310331.7668401487
2022,전남대학교,인문사회계열,1333170.7133775726
2022,전남대학교,자연과학계열,1462091.0746999572
2022,전남대학교 _제2캠퍼스,공학계열,1687372.8797084317
2022,전남대학교 _제2캠퍼스,인문사회계열,1375708.531908665
2022,전남대학교 _제2캠퍼스,자연과학계열,1503380.3539070226
2022,전북대학교,공학계열,1478442.324042479
2022,전북대학교,예체능계열,1573963.897776366
2022,전북대학교,의학계열,1636572.487562744
2022,전북대학교,인문사회계열,1345206.8290849985
2022,전북대학교,자연과학계열,1384057.0836282694
2022,전주교육대학교,인문사회계열,789746.2533213645
2022,전주대학교,공학계열,2179374.539381611
2022,전주대학교,예체능계열,2296043.334638197
2022,전주대학교,인문사회계열,1821404.9736009731
2022,전주대학교,자연과학계열,2133068.510864593
2022,정석대학,인문사회계열,0.0
2022,제주국제대학교,공학계열,1345255.9377314816
2022,제주국제대학교,예체능계열,1901525.5411764705
2022,제주국제대학교,인문사회계열,2018282.2307359308
2022,제주국제대학교,자연과학계열,803000.0
2022,제주대학교,공학계열,1494373.2989450821
2022,제주대학교,예체능계열,1458075.1279151943
2022,제주대학교,의학계열,1434373.1619341564
2022,제주대학교,인문사회계열,1264311.291606773
2022,제주대학교,자연과학계열,1470306.4708618072
2022,조선대학교,공학계열,1930078.0953106682
2022,조선대학교,예체능계열,2246190.2406110284
2022,조선대학교,의학계열,1144191.660077022
2022,조선대학교,인문사회계열,1824824.334872244
2022,조선대학교,자연과학계열,1743735.1532966057
2022,중부대학교,공학계열,1843158.4448238288
2022,중부대학교,예체능계열,2129411.2931629196
2022,중부대학교,인문사회계열,2038401.4091289781
2022,중부대학교,자연과학계열,2142576.205312922
2022,중앙대학교,공학계열,1768051.3334557472
2022,중앙대학교,예체능계열,1809658.7959164295
2022,중앙대학교,인문사회계열,1547164.3601068656
2022,중앙대학교,자연과학계열,1372887.018784819
2022,중앙대학교 _제2캠퍼스,공학계열,2097368.659304348
2022,중앙대학교 _제2캠퍼스,예체능계열,2054169.4951052084
2022,중앙대학교 _제2캠퍼스,인문사회계열,668561.6666666666
2022,중앙대학교 _제2캠퍼스,자연과학계열,1734178.0525118986
2022,중앙승가대학교,인문사회계열,1786558.9914141414
2022,중원대학교,공학계열,2279166.9505045144
2022,중원대학교,예체능계열,2540589.6476099426
2022,중원대학교,인문사회계열,2280451.9474297464
2022,중원대학교,자연과학계열,2632835.1275991653
2022,진주교육대학교,인문사회계열,1348657.5128944293
2022,차의과학대학교,인문사회계열,2288989.4743169397
2022,차의과학대학교,자연과학계열,1935907.7322150364
2022,창신대학교,공학계열,2192900.137142857
2022,창신대학교,예체능계열,2732329.579064039
2022,창신대학교,인문사회계열,2344344.321991701
2022,창신대학교,자연과학계열,2262972.0282495664
2022,청운대학교,공학계열,2138395.7997749196
2022,청운대학교,예체능계열,2924626.8996687173
2022,청운대학교,인문사회계열,2470727.688824003
2022,청운대학교,자연과학계열,2145016.7387471
2022,청주교육대학교,인문사회계열,866412.0360789361
2022,청주대학교,공학계열,1745445.0601851852
2022,청주대학교,예체능계열,2043444.263722826
2022,청주대학교,인문사회계열,1824436.9673087818
2022,청주대학교,자연과학계열,1999716.4675165561
2022,초당대학교,공학계열,2324746.669544528
2022,초당대학교,예체능계열,2585662.1006622515
2022,초당대학교,인문사회계열,1727459.090189243
2022,초당대학교,자연과학계열,2051686.4650388937
2022,총신대학교,예체능계열,2181135.258675799
2022,총신대학교,인문사회계열,2291688.2684298907
2022,추계예술대학교,예체능계열,1839515.2258343634
2022,추계예술대학교,인문사회계열,1363968.3776679842
2022,춘천교육대학교,인문사회계열,1096101.627017544
2022,충남대학교,공학계열,1367911.865489822
2022,충남대학교,예체능계열,1444520.9232670283
2022,충남대학교,의학계열,1644758.4329376854
2022,충남대학교,인문사회계열,1077841.7616765376
2022,충남대학교,자연과학계열,1184659.0522162742
2022,충북대학교,공학계열,1552794.580613254
2022,충북대학교,예체능계열,1782397.334255319
2022,충북대학교,의학계열,1320157.1091448932
2022,충북대학교,인문사회계열,1419705.2709976218
2022,충북대학교,자연과학계열,1558972.5826273388
2022,칼빈대학교,공학계열,2495389.86440678
2022,칼빈대학교,예체능계열,1919730.45
2022,칼빈대학교,인문사회계열,2191523.81978022
2022,칼빈대학교,자연과학계열,2167042.876047904
2022,평택대학교,공학계열,1686367.5330696201
2022,평택대학교,예체능계열,2144168.482692308
2022,평택대학교,인문사회계열,1998659.3124916723
2022,평택대학교,자연과학계열,1481504.1661060804
2022,포항공과대학교,공학계열,3152155.6646306817
2022,포항공과대학교,자연과학계열,4462180.735230352
2022,한경국립대학교,공학계열,1328104.2652465003
2022,한경국립대학교,예체능계열,1698129.75622435
2022,한경국립대학교,인문사회계열,1492570.4887015177
2022,한경국립대학교,자연과학계열,1271316.4049495875
2022,한국공학대학교,공학계열,1831540.0196903015
2022,한국공학대학교,인문사회계열,1401047.9321604504
2022,한국과학기술원,공학계열,3592778.227640959
2022,한국과학기술원,인문사회계열,3257352.558888889
2022,한국과학기술원,자연과학계열,3562407.6354555436
2022,한국교원대학교,공학계열,1184434.5012269937
2022,한국교원대학교,예체능계열,1141132.6107692306
2022,한국교원대학교,인문사회계열,1252959.0820107858
2022,한국교원대학교,자연과학계열,1430636.5978090768
2022,한국기술교육대학교,공학계열,1812298.1321589882
2022,한국기술교육대학교,인문사회계열,1194913.2855050117
2022,한국방송통신대학교,공학계열,92340.92364731923
2022,한국방송통신대학교,예체능계열,157788.8595706619
2022,한국방송통신대학교,인문사회계열,122406.6447938731
2022,한국방송통신대학교,자연과학계열,116183.18954776955
2022,한국성서대학교,공학계열,2049227.1148867314
2022,한국성서대학교,인문사회계열,2451123.7881500428
2022,한국성서대학교,자연과학계열,1645943.787443946
2022,한국에너지공과대학교,공학계열,8123188.379710144
2022,한국예술종합학교,공학계열,853293.8234146342
2022,한국예술종합학교,예체능계열,1071774.3743500866
2022,한국예술종합학교,인문사회계열,1281545.371301775
2022,한국외국어대학교,공학계열,1375029.1238686778
2022,한국외국어대학교,인문사회계열,1405872.2504664592
2022,한국외국어대학교,자연과학계열,1487955.9676967647
2022,한국전통문화대학교,공학계열,1421474.5648275863
2022,한국전통문화대학교,예체능계열,1546420.817363344
2022,한국전통문화대학교,인문사회계열,1400148.7838526913
2022,한국전통문화대학교,자연과학계열,1788316.830120482
2022,한국체육대학교,예체능계열,1542950.8277527366
2022,한국침례신학대학교,예체능계열,3242000.835436893
2022,한국침례신학대학교,인문사회계열,3407186.4024405126
2022,한국항공대학교,공학계열,1742630.2576556923
2022,한국항공대학교,인문사회계열,1562728.8070011667
2022,한국항공대학교,자연과학계열,1786178.9798231928
2022,한남대학교,공학계열,1868852.7583920187
2022,한남대학교,예체능계열,2321120.187875354
2022,한남대학교,인문사회계열,1807404.303945766
2022,한남대학교,자연과학계열,2065713.4171638899
2022,한동대학교,공학계열,2181703.6239986187
2022,한동대학교,인문사회계열,2165172.6066619754
2022,한동대학교,자연과학계열,2169775.8
2022,한라대학교,공학계열,1858317.9439960949
2022,한라대학교,예체능계열,2663545.1554890224
2022,한라대학교,인문사회계열,1950774.8375316993
2022,한림대학교,공학계열,2116702.582265343
2022,한림대학교,예체능계열,2440258.1747252746
2022,한림대학교,의학계열,1223339.5373228348
2022,한림대학교,인문사회계열,1926711.9742122933
2022,한림대학교,자연과학계열,1812076.4295713513
2022,한서대학교,공학계열,1925523.5037328538
2022,한서대학교,예체능계열,1920986.4332902671
2022,한서대학교,인문사회계열,1934906.934905377
2022,한서대학교,자연과학계열,2090317.8212431446
2022,한성대학교,공학계열,1750736.6241081571
2022,한성대학교,예체능계열,2087267.583632982
2022,한성대학교,인문사회계열,1768506.6516595287
2022,한세대학교,공학계열,2207992.094936709
2022,한세대학교,예체능계열,2307015.8310550763
2022,한세대학교,인문사회계열,2010435.237465887
2022,한세대학교,자연과학계열,2223731.105428572
2022,한신대학교,공학계열,1716212.3556634304
2022,한신대학교,예체능계열,2055618.9322580642
2022,한신대학교,인문사회계열,1764698.067144772
2022,한신대학교,자연과학계열,1536004.551188811
2022,한양대학교,공학계열,1997143.5633345596
2022,한양대학교,예체능계열,1905682.2128423392
2022,한양대학교,의학계열,984168.6882915173
2022,한양대학교,인문사회계열,1778089.2632949676
2022,한양대학교,자연과학계열,1463218.808752188
2022,한양대학교(ERICA) _분교,공학계열,2151258.25630382
2022,한양대학교(ERICA) _분교,예체능계열,2037076.2795597485
2022,한양대학교(ERICA) _분교,인문사회계열,2025118.5156398858
2022,한양대학교(ERICA) _분교,자연과학계열,1944026.454973822
2022,한일장신대학교,예체능계열,2907308.1692946055
2022,한일장신대학교,인문사회계열,2718497.985021398
2022,한일장신대학교,자연과학계열,2472907.483760684
2022,협성대학교,공학계열,2119486.855565293
2022,협성대학교,예체능계열,2057655.7435277384
2022,협성대학교,인문사회계열,2065580.4455970791
2022,협성대학교,자연과학계열,2159744.5683478266
2022,호남대학교,공학계열,1870981.7861348854
2022,호남대학교,예체능계열,2265764.175161429
2022,호남대학교,인문사회계열,1813871.2468266084
2022,호남대학교,자연과학계열,2137357.6600156697
2022,호남신학대학교,예체능계열,2587113.7922693267
2022,호남신학대학교,인문사회계열,2545895.1145220585
2022,호서대학교,공학계열,1902097.86922166
2022,호서대학교,예체능계열,1983564.275640262
2022,호서대학교,인문사회계열,1832036.8549766291
2022,호서대학교,자연과학계열,1991953.0916820134
2022,호원대학교,공학계열,2557910.0191709846
2022,호원대학교,예체능계열,2199248.540336808
2022,호원대학교,인문사회계열,2442674.9987255735
2022,호원대학교,자연과학계열,2308316.3672833494
2022,홍익대학교,공학계열,1945235.205357641
2022,홍익대학교,예체능계열,1775721.6113163587
2022,홍익대학교,인문사회계열,2140660.0628846707
2022,홍익대학교,자연과학계열,2131790.650212766
2022,홍익대학교 _제2캠퍼스,공학계열,2177438.4154987102
2022,홍익대학교 _제2캠퍼스,예체능계열,2486297.083931897
2022,홍익대학교 _제2캠퍼스,인문사회계열,1990535.4238159677
2022,화성의과학대학교,공학계열,225416.64375000002
2022,화성의과학대학교,예체능계열,829372.2228571429
2022,화성의과학대학교,인문사회계열,381430.325
2022,화성의과학대학교,자연과학계열,551890.3828125
2023,가야대학교(김해),예체능계열,2052589.5499999998
2023,가야대학교(김해),인문사회계열,2098503.154130703
2023,가야대학교(김해),자연과학계열,1968312.9925039872
2023,가천대학교,공학계열,1880471.939400075
2023,가천대학교,예체능계열,1773844.916861702
2023,가천대학교,의학계열,3583179.1468634685
2023,가천대학교,인문사회계열,1472778.2678126588
2023,가천대학교,자연과학계열,1834796.0473309609
2023,가톨릭관동대학교,공학계열,1701700.845218894
2023,가톨릭관동대학교,예체능계열,2217022.0296081277
2023,가톨릭관동대학교,의학계열,1047747.1682017545
2023,가톨릭관동대학교,인문사회계열,1965914.0731423113
2023,가톨릭관동대학교,자연과학계열,1785818.4598568873
2023,가톨릭꽃동네대학교,인문사회계열,3076287.126071429
2023,가톨릭꽃동네대학교,자연과학계열,2585290.004914934
2023,가톨릭대학교,공학계열,1801517.9996623695
2023,가톨릭대학교,예체능계열,1525176.214457831
2023,가톨릭대학교,인문사회계열,1558934.2618110748
2023,가톨릭대학교,자연과학계열,1676310.891150112
2023,가톨릭대학교 _제2캠퍼스,의학계열,1322974.0002713704
2023,가톨릭대학교 _제2캠퍼스,자연과학계열,1636193.554957507
2023,가톨릭대학교 _제3캠퍼스,인문사회계열,2944931.1363867684
2023,감리교신학대학교,인문사회계열,2325300.490622336
2023,강남대학교,공학계열,1630373.3905931697
2023,강남대학교,예체능계열,1819875.7445680068
2023,강남대학교,인문사회계열,1644393.961492651
2023,강서대학교,예체능계열,3046822.023893805
2023,강서대학교,인문사회계열,1473765.9484246871
2023,강서대학교,자연과학계열,2187065.937758621
2023,강원대학교,공학계열,1413072.250661455
2023,강원대학교,예체능계열,1627695.3518779343
2023,강원대학교,의학계열,1266979.8934554972
2023,강원대학교,인문사회계열,1359146.0962500002
2023,강원대학교,자연과학계열,1422019.3758412139
2023,강원대학교 _제2캠퍼스,공학계열,1570330.5721463107
2023,강원대학교 _제2캠퍼스,예체능계열,1705802.6856390978
2023,강원대학교 _제2캠퍼스,인문사회계열,1621285.599821535
2023,강원대학교 _제2캠퍼스,자연과학계열,2239144.5775797763
2023,건국대학교,공학계열,1813802.500241438
2023,건국대학교,예체능계열,1784527.5645081713
2023,건국대학교,의학계열,1644038.223170732
2023,건국대학교,인문사회계열,1526995.0800111617
2023,건국대학교,자연과학계열,1932266.463742123
2023,건국대학교(글로컬) _분교,공학계열,1888974.1916861827
2023,건국대학교(글로컬) _분교,예체능계열,2077643.9138702461
2023,건국대학교(글로컬) _분교,인문사회계열,2014093.279119351
2023,건국대학교(글로컬) _분교,자연과학계열,2015399.0091234348
2023,건양대학교,공학계열,2242638.8141156463
2023,건양대학교,예체능계열,2062436.1102902372
2023,건양대학교,인문사회계열,1980579.961040146
2023,건양대학교,자연과학계열,2156492.65717566
2023,건양대학교 _제2캠퍼스,공학계열,2131279.891845923
2023,건양대학교 _제2캠퍼스,의학계열,1161160.4869848157
2023,건양대학교 _제2캠퍼스,자연과학계열,1857461.2880729958
2023,경기대학교,공학계열,1831448.1332964296
2023,경기대학교,예체능계열,2129820.4308318584
2023,경기대학교,인문사회계열,1756037.550380582
2023,경기대학교,자연과학계열,1814547.2495514147
2023,경기대학교 _제2캠퍼스,예체능계열,2064433.9631291027
2023,경기대학교 _제2캠퍼스,인문사회계열,1535864.0932556498
2023,경기대학교 _제2캠퍼스,자연과학계열,1383982.3051546393
2023,경남과학기술대학교,공학계열,1445318.4419516264
2023,경남과학기술대학교,예체능계열,1956167.4519736841
2023,경남과학기술대학교,인문사회계열,1349907.6279051988
2023,경남과학기술대학교,자연과학계열,1410926.5383321655
2023,경남대학교,공학계열,1771194.8807163055
2023,경남대학교,예체능계열,2255407.8350601294
2023,경남대학교,인문사회계열,1710428.7242289663
2023,경남대학교,자연과학계열,1914606.408189655
2023,경동대학교,공학계열,2272025.95
2023,경동대학교,인문사회계열,3623097.995628036
2023,경동대학교,자연과학계열,2491024.146551724
2023,경동대학교 _제3캠퍼스,인문사회계열,1701193.649194991
2023,경동대학교 _제3캠퍼스,자연과학계열,1924407.3448697424
2023,경동대학교 _제4캠퍼스,공학계열,1971218.0476652517
2023,경동대학교 _제4캠퍼스,예체능계열,2234636.801811594
2023,경동대학교 _제4캠퍼스,인문사회계열,1661023.8666666667
2023,경동대학교 _제4캠퍼스,자연과학계열,1847163.5544392522
2023,경북대학교,공학계열,1581876.5030191403
2023,경북대학교,예체능계열,1649464.3692387363
2023,경북대학교,의학계열,1392883.483018868
2023,경북대학교,인문사회계열,1338174.16586055
2023,경북대학교,자연과학계열,1489196.3732822498
2023,경상국립대학교,공학계열,1484337.9008073008
2023,경상국립대학교,예체능계열,1676474.3903422982
2023,경상국립대학교,의학계열,1612327.1358727098
2023,경상국립대학교,인문사회계열,1467029.5423088828
2023,경상국립대학교,자연과학계열,1549265.8050408873
2023,경성대학교,공학계열,1762625.084432089
2023,경성대학교,예체능계열,2088445.2148409893
2023,경성대학교,인문사회계열,1556726.4264803964
2023,경성대학교,자연과학계열,1811711.5757157293
2023,경운대학교,공학계열,2782062.237288697
2023,경운대학교,예체능계열,3298812.8151162793
2023,경운대학교,인문사회계열,2581696.9412267082
2023,경운대학교,자연과학계열,2226222.4603557084
2023,경인교육대학교,인문사회계열,1062581.6094172297
2023,경인교육대학교 _제2캠퍼스,인문사회계열,1161997.7553464156
2023,경일대학교,공학계열,2214616.814044311
2023,경일대학교,예체능계열,2256432.388138138
2023,경일대학교,인문사회계열,1963241.3448239062
2023,경일대학교,자연과학계열,2418026.764114286
2023,경희대학교,공학계열,1655540.1469524966
2023,경희대학교,예체능계열,1905639.9337434524
2023,경희대학교,의학계열,1418063.4104010025
2023,경희대학교,인문사회계열,1571830.2676191842
2023,경희대학교,자연과학계열,1655198.1179344745
2023,계명대학교,공학계열,2100409.1796322824
2023,계명대학교,예체능계열,2356823.363201522
2023,계명대학교,의학계열,1543996.8915492957
2023,계명대학교,인문사회계열,1901878.3240100434
2023,계명대학교,자연과학계열,2065311.7662258605
2023,고려대학교,공학계열,1963174.1423709167
2023,고려대학교,예체능계열,2422996.411226252
2023,고려대학교,의학계열,1891882.100353357
2023,고려대학교,인문사회계열,1658653.2313765776
2023,고려대학교,자연과학계열,1701484.2731763027
2023,고려대학교(세종) _분교,공학계열,1912380.2611443433
2023,고려대학교(세종) _분교,예체능계열,1981537.1743436754
2023,고려대학교(세종) _분교,인문사회계열,1726993.8046432412
2023,고려대학교(세종) _분교,자연과학계열,1853525.4988779174
2023,고신대학교,예체능계열,2547120.4064748203
2023,고신대학교,의학계열,993921.5759322033
2023,고신대학교,인문사회계열,2290543.7725090035
2023,고신대학교,자연과학계열,1931118.447347585
2023,공주교육대학교,인문사회계열,1189785.313422321
2023,광신대학교,예체능계열,2708709.3307692306
2023,광신대학교,인문사회계열,2488289.764688427
2023,광운대학교,공학계열,1696644.3461223014
2023,광운대학교,예체능계열,2605470.956164384
2023,광운대학교,인문사회계열,1465175.336707317
2023,광운대학교,자연과학계열,1553609.4743879475
2023,광주가톨릭대학교,인문사회계열,0.0
2023,광주과학기술원,공학계열,3231951.60591133
2023,광주과학기술원,자연과학계열,3358767.1286978503
2023,광주교육대학교,인문사회계열,1926073.095544164
2023,광주대학교,공학계열,2143879.5109539023
2023,광주대학교,예체능계열,2574364.3892676765
2023,광주대학교,인문사회계열,2091443.0053063082
2023,광주대학교,자연과학계열,2109743.0512146424
2023,광주여자대학교,공학계열,3266089.3298507463
2023,광주여자대학교,예체능계열,2652970.090044843
2023,광주여자대학교,인문사회계열,2108311.9124767915
2023,광주여자대학교,자연과학계열,2305937.7221838287
2023,국립강릉원주대학교,공학계열,1650170.135281837
2023,국립강릉원주대학교,예체능계열,2147714.340125786
2023,국립강릉원주대학교,의학계열,1505363.4510067112
2023,국립강릉원주대학교,인문사회계열,1449223.7816182459
2023,국립강릉원주대학교,자연과학계열,1689365.003304974
2023,국립강릉원주대학교 _제2캠퍼스,공학계열,1648618.9554020101
2023,국립강릉원주대학교 _제2캠퍼스,인문사회계열,1742138.3740628166
2023,국립강릉원주대학교 _제2캠퍼스,자연과학계열,1571725.00995671
2023,국립경국대학교,공학계열,1796899.7951527224
2023,국립경국대학교,예체능계열,1969328.6916504856
2023,국립경국대학교,인문사회계열,1617643.80763777
2023,국립경국대학교,자연과학계열,1730436.2879482438
2023,국립공주대학교,공학계열,1228669.9615217128
2023,국립공주대학교,예체능계열,1539807.3038690474
2023,국립공주대학교,인문사회계열,1361289.289282342
2023,국립공주대학교,자연과학계열,1489625.9472519201
2023,국립군산대학교,공학계열,1581002.6806432973
2023,국립군산대학교,예체능계열,1470610.103510896
2023,국립군산대학교,인문사회계열,1424960.0885829756
2023,국립군산대학교,자연과학계열,1519261.9518958428
2023,국립금오공과대학교,공학계열,1513755.716349597
2023,국립금오공과대학교,인문사회계열,1359888.4837748345
2023,국립금오공과대학교,자연과학계열,1557914.028442438
2023,국립목포대학교,공학계열,1966670.1265795787
2023,국립목포대학교,예체능계열,2081120.0605042016
2023,국립목포대학교,인문사회계열,1919065.9879518072
2023,국립목포대학교,자연과학계열,1931848.8594032193
2023,국립목포해양대학교,공학계열,1213123.1328385898
2023,국립목포해양대학교,자연과학계열,1064777.75
2023,국립부경대학교,공학계열,1536506.1176186136
2023,국립부경대학교,예체능계열,1503093.3237086094
2023,국립부경대학교,인문사회계열,1299383.0619221537
2023,국립부경대학교,자연과학계열,1534785.8850935425
2023,국립순천대학교,공학계열,1496301.910038241
2023,국립순천대학교,예체능계열,1621892.5536880288
2023,국립순천대학교,인문사회계열,1380805.329827464
2023,국립순천대학교,자연과학계열,1567204.4166589968
2023,국립창원대학교,공학계열,1578792.3964590963
2023,국립창원대학교,예체능계열,1704027.3485380118
2023,국립창원대학교,인문사회계열,1367549.6877345538
2023,국립창원대학교,자연과학계열,1514650.754555029
2023,국립한국교통대학교,공학계열,1404143.7045834623
2023,국립한국교통대학교,예체능계열,1641733.0963333333
2023,국립한국교통대학교,인문사회계열,1551838.5067563616
2023,국립한국교통대학교,자연과학계열,1611201.1870208473
2023,국립한국해양대학교,공학계열,1413445.179842223
2023,국립한국해양대학교,예체능계열,1503708.456937799
2023,국립한국해양대학교,인문사회계열,1379598.321886121
2023,국립한국해양대학교,자연과학계열,1594183.0819277107
2023,국립한밭대학교,공학계열,1391647.7088533542
2023,국립한밭대학교,예체능계열,1655059.6598802395
2023,국립한밭대학교,인문사회계열,1393919.897343058
2023,국립한밭대학교,자연과학계열,1612185.366855524
2023,국민대학교,공학계열,2054424.1862325694
2023,국민대학교,예체능계열,1806847.1121230642
2023,국민대학교,인문사회계열,1775214.6011359154
2023,국민대학교,자연과학계열,2029219.848944488
2023,극동대학교,공학계열,1918513.6199511401
2023,극동대학교,예체능계열,1903912.544780488
2023,극동대학교,인문사회계열,1795862.238647343
2023,극동대학교,자연과학계열,1865398.2641439207
2023,금강대학교,인문사회계열,3899012.8482456137
2023,김천대학교,공학계열,2637426.8368421053
2023,김천대학교,예체능계열,2843769.705228758
2023,김천대학교,인문사회계열,2477296.3941358025
2023,김천대학교,자연과학계열,2251159.18213932
2023,나사렛대학교,공학계열,1952357.7120996441
2023,나사렛대학교,예체능계열,2371703.0848844103
2023,나사렛대학교,인문사회계열,2254350.9546470377
2023,나사렛대학교,자연과학계열,2459539.326768782
2023,남부대학교,공학계열,1974033.528540305
2023,남부대학교,예체능계열,2568890.736400818
2023,남부대학교,인문사회계열,1799991.822918384
2023,남부대학교,자연과학계열,1891799.8080048515
2023,남서울대학교,공학계열,1927252.102994142
2023,남서울대학교,예체능계열,2149093.3128310973
2023,남서울대학교,인문사회계열,1882113.9493019725
2023,남서울대학교,자연과학계열,2257492.5269322237
2023,단국대학교,공학계열,1548471.3734050828
2023,단국대학교,예체능계열,1844119.7419034482
2023,단국대학교,인문사회계열,1596284.5977563795
2023,단국대학교,자연과학계열,1863386.691051454
2023,단국대학교 _제2캠퍼스,공학계열,1676760.2876365224
2023,단국대학교 _제2캠퍼스,예체능계열,2092810.057320442
2023,단국대학교 _제2캠퍼스,의학계열,1182595.8067567567
2023,단국대학교 _제2캠퍼스,인문사회계열,1672581.4880899233
2023,단국대학교 _제2캠퍼스,자연과학계열,1760808.1373859462
2023,대구가톨릭대학교,공학계열,2321746.994529129
2023,대구가톨릭대학교,예체능계열,2327513.120430107
2023,대구가톨릭대학교,의학계열,1120155.0499999998
2023,대구가톨릭대학교,인문사회계열,2087408.4348723453
2023,대구가톨릭대학교,자연과학계열,2219616.6713549336
2023,대구경북과학기술원,자연과학계열,1434523.445744681
2023,대구교육대학교,인문사회계열,1053953.1042587776
2023,대구대학교,공학계열,2144294.7427629167
2023,대구대학교,예체능계열,2246415.145365391
2023,대구대학교,인문사회계열,2014291.3841451518
2023,대구대학교,자연과학계열,2376035.99204142
2023,대구예술대학교,예체능계열,2062678.1720606827
2023,대구예술대학교,자연과학계열,2988461.770588235
2023,대구한의대학교,공학계열,2484188.9040762307
2023,대구한의대학교,예체능계열,2399762.224481328
2023,대구한의대학교,의학계열,1305357.8455767075
2023,대구한의대학교,인문사회계열,2339041.198603652
2023,대구한의대학교,자연과학계열,2405111.861437909
2023,대신대학교,예체능계열,2835667.144859813
2023,대신대학교,인문사회계열,2793356.266829268
2023,대전가톨릭대학교,인문사회계열,1940470.85
2023,대전대학교,공학계열,1839728.849759919
2023,대전대학교,예체능계열,2311140.2389285713
2023,대전대학교,의학계열,1396511.15
2023,대전대학교,인문사회계열,2034085.769532494
2023,대전대학교,자연과학계열,1822642.4266372796
2023,대전신학대학교,인문사회계열,3249960.5
2023,대진대학교,공학계열,2032735.586890244
2023,대진대학교,예체능계열,2128908.919443063
2023,대진대학교,인문사회계열,1950737.0914188202
2023,대진대학교,자연과학계열,2151019.1411154345
2023,덕성여자대학교,공학계열,1518492.7586187844
2023,덕성여자대학교,예체능계열,1634083.443292181
2023,덕성여자대학교,인문사회계열,1518517.9044035373
2023,덕성여자대학교,자연과학계열,1330966.5454162278
2023,동국대학교,공학계열,1806539.4370274327
2023,동국대학교,예체능계열,2024574.232200189
2023,동국대학교,인문사회계열,1718848.272222633
2023,동국대학교,자연과학계열,1855626.6225300767
2023,동국대학교(WISE) _분교,공학계열,1996582.048745353
2023,동국대학교(WISE) _분교,예체능계열,2279887.550462487
2023,동국대학교(WISE) _분교,의학계열,1163736.834262126
2023,동국대학교(WISE) _분교,인문사회계열,2046665.9949865995
2023,동국대학교(WISE) _분교,자연과학계열,2047516.670526683
2023,동덕여자대학교,공학계열,1482548.1266435985
2023,동덕여자대학교,예체능계열,1840119.218240391
2023,동덕여자대학교,인문사회계열,1673797.8632727272
2023,동덕여자대학교,자연과학계열,1636266.081281236
2023,동명대학교,공학계열,2384120.511287907
2023,동명대학교,예체능계열,2508732.170300261
2023,동명대학교,인문사회계열,1961196.1664127952
2023,동명대학교,자연과학계열,2531729.243158611
2023,동서대학교,공학계열,2064619.6030917636
2023,동서대학교,예체능계열,2167772.730068337
2023,동서대학교,인문사회계열,1951048.7059339283
2023,동서대학교,자연과학계열,2373536.7077681385
2023,동신대학교,공학계열,2336870.0832781456
2023,동신대학교,예체능계열,2655674.6901705116
2023,동신대학교,의학계열,1265000.2588921282
2023,동신대학교,인문사회계열,2146734.628332808
2023,동신대학교,자연과학계열,2271983.0011925907
2023,동아대학교,공학계열,1800019.783992241
2023,동아대학교,예체능계열,2331555.071807229
2023,동아대학교,의학계열,1014315.7666666666
2023,동아대학교,인문사회계열,1699982.4560283688
2023,동아대학교,자연과학계열,1795697.5368734223
2023,동양대학교,공학계열,2198902.330892587
2023,동양대학교,예체능계열,2055319.7679710146
2023,동양대학교,인문사회계열,1783527.7419647116
2023,동양대학교,자연과학계열,2058998.7521456436
2023,동의대학교,공학계열,2077166.3300972658
2023,동의대학교,예체능계열,2281196.9127659574
2023,동의대학교,의학계열,1249260.9807594935
2023,동의대학교,인문사회계열,1707769.2917673504
2023,동의대학교,자연과학계열,1863838.2618116739
2023,루터대학교,인문사회계열,2223162.4878350515
2023,루터대학교,자연과학계열,2464232.734104046
2023,명지대학교,공학계열,1692382.1912186847
2023,명지대학교,예체능계열,2023935.0595011003
2023,명지대학교,인문사회계열,1617714.2571428572
2023,명지대학교,자연과학계열,1857314.6097670924
2023,명지대학교 _제2캠퍼스,공학계열,1665575.9845396644
2023,명지대학교 _제2캠퍼스,예체능계열,1626040.2444444443
2023,명지대학교 _제2캠퍼스,인문사회계열,1634023.7909586406
2023,목원대학교,공학계열,1906669.4062553926
2023,목원대학교,예체능계열,2335868.7024428505
2023,목원대학교,인문사회계열,1888535.0684155114
2023,목원대학교,자연과학계열,2059869.8846551722
2023,목포가톨릭대학교,인문사회계열,2514042.767555556
2023,목포가톨릭대학교,자연과학계열,2483061.8025608193
2023,배재대학교,공학계열,1843290.6970195519
2023,배재대학교,예체능계열,2207046.6468051947
2023,배재대학교,인문사회계열,1697393.8816741302
2023,배재대학교,자연과학계열,1946804.9150627616
2023,백석대학교,공학계열,1606373.4999292283
2023,백석대학교,예체능계열,1901618.3434279312
2023,백석대학교,인문사회계열,1855282.8292748604
2023,백석대학교,자연과학계열,1973248.4322895792
2023,부산가톨릭대학교,공학계열,2191753.853707415
2023,부산가톨릭대학교,인문사회계열,1822695.7823238564
2023,부산가톨릭대학교,자연과학계열,2483559.1918494
2023,부산교육대학교,인문사회계열,1250503.9059094125
2023,부산대학교,공학계열,1556152.7705761942
2023,부산대학교,예체능계열,1618830.5295294945
2023,부산대학교,의학계열,1762680.3084375
2023,부산대학교,인문사회계열,1351406.7531936127
2023,부산대학교,자연과학계열,1516361.1783656992
2023,부산외국어대학교,공학계열,1799810.7806845966
2023,부산외국어대학교,예체능계열,2070445.227170418
2023,부산외국어대학교,인문사회계열,1601082.1635992378
2023,부산장신대학교,인문사회계열,2915802.5976833976
2023,삼육대학교,공학계열,1952174.2623460097
2023,삼육대학교,예체능계열,1977967.9138990487
2023,삼육대학교,인문사회계열,2070528.0079387187
2023,삼육대학교,자연과학계열,1974211.7806097886
2023,상명대학교,공학계열,1745852.1388555078
2023,상명대학교,예체능계열,2016799.9461294415
2023,상명대학교,인문사회계열,1750217.3182521765
2023,상명대학교,자연과학계열,1783814.6606622515
2023,상명대학교 _제2캠퍼스,공학계열,1735800.3449157642
2023,상명대학교 _제2캠퍼스,예체능계열,2163269.5722056953
2023,상명대학교 _제2캠퍼스,인문사회계열,1674660.111111111
2023,상명대학교 _제2캠퍼스,자연과학계열,1812460.5819791667
2023,상지대학교,공학계열,1577738.6279491833
2023,상지대학교,예체능계열,1917441.119861432
2023,상지대학교,의학계열,1175122.9285371702
2023,상지대학교,인문사회계열,1591243.4379132676
2023,상지대학교,자연과학계열,1731860.252907329
2023,서강대학교,공학계열,1745214.5223796032
2023,서강대학교,인문사회계열,1409614.5238711003
2023,서강대학교,자연과학계열,1614586.867542857
2023,서경대학교,공학계열,1737971.631646306
2023,서경대학교,예체능계열,1685580.3042633464
2023,서경대학교,인문사회계열,1851016.4862304954
2023,서경대학교,자연과학계열,1849336.8276955602
2023,서울과학기술대학교,공학계열,1465974.3756003098
2023,서울과학기술대학교,예체능계열,1449506.2359119942
2023,서울과학기술대학교,인문사회계열,1625500.7221635883
2023,서울과학기술대학교,자연과학계열,1659388.5844995573
2023,서울교육대학교,인문사회계열,908683.3624820143
2023,서울기독대학교,예체능계열,1900810.726779661
2023,서울기독대학교,인문사회계열,1641616.581893004
2023,서울대학교,공학계열,1576424.0003756667
2023,서울대학교,예체능계열,1671628.2576163611
2023,서울대학교,의학계열,1977755.2988585923
2023,서울대학교,인문사회계열,1498855.735008933
2023,서울대학교,자연과학계열,1777874.025772921
2023,서울시립대학교,공학계열,1250918.1987906522
2023,서울시립대학교,예체능계열,1010507.5161344538
2023,서울시립대학교,인문사회계열,1045360.9161136249
2023,서울시립대학교,자연과학계열,1125097.4680074258
2023,서울신학대학교,공학계열,2745774.7341463417
2023,서울신학대학교,예체능계열,2611165.386754967
2023,서울신학대학교,인문사회계열,2532429.72635582
2023,서울여자대학교,공학계열,2031706.117557652
2023,서울여자대학교,예체능계열,2059074.0981735159
2023,서울여자대학교,인문사회계열,1694383.7472385108
2023,서울여자대학교,자연과학계열,1810511.504064417
2023,서울장신대학교,예체능계열,3196525.1000000006
2023,서울장신대학교,인문사회계열,2649024.679525862
2023,서울한영대학교,예체능계열,2170150.4154761904
2023,서울한영대학교,인문사회계열,1999496.799175824
2023,서원대학교,공학계열,1916079.1921640425
2023,서원대학교,예체능계열,2008277.630193757
2023,서원대학교,인문사회계열,2161358.1275629117
2023,서원대학교,자연과학계열,2087608.6404706966
2023,선문대학교,공학계열,1858652.7074279198
2023,선문대학교,예체능계열,2183786.820109119
2023,선문대학교,인문사회계열,2193368.002437065
2023,선문대학교,자연과학계열,2373560.2374014114
2023,성결대학교,공학계열,1812538.995729927
2023,성결대학교,예체능계열,1933224.7323356809
2023,성결대학교,인문사회계열,1608334.7123737806
2023,성공회대학교,공학계열,1904124.0528836753
2023,성공회대학교,예체능계열,2363709.599489796
2023,성공회대학교,인문사회계열,2152798.0127057023
2023,성균관대학교,공학계열,1866008.2118515284
2023,성균관대학교,예체능계열,1787756.492105263
2023,성균관대학교,의학계열,1980376.7999999998
2023,성균관대학교,인문사회계열,1507994.7169422181
2023,성균관대학교,자연과학계열,1854660.338626104
2023,성신여자대학교,공학계열,1821972.445703125
2023,성신여자대학교,예체능계열,1932125.0544945188
2023,성신여자대학교,인문사회계열,1743552.897482993
2023,성신여자대학교,자연과학계열,1760078.175766376
2023,세명대학교,공학계열,2100085.507161572
2023,세명대학교,예체능계열,2326044.0307515776
2023,세명대학교,의학계열,1959961.9826210826
2023,세명대학교,인문사회계열,2153019.8956453423
2023,세명대학교,자연과학계열,2289606.1610657964
2023,세종대학교,공학계열,1603048.4843069874
2023,세종대학교,예체능계열,1740163.0666520786
2023,세종대학교,인문사회계열,1485219.2778881635
2023,세종대학교,자연과학계열,1704299.8126023945
2023,세한대학교,공학계열,1616161.8120165747
2023,세한대학교,예체능계열,1704146.2942934781
2023,세한대학교,인문사회계열,2412175.5660778442
2023,세한대학교,자연과학계열,2115179.9943290735
2023,송원대학교,공학계열,2168484.1924347826
2023,송원대학교,예체능계열,2682648.7443181816
2023,송원대학교,인문사회계열,2073388.3087912088
2023,송원대학교,자연과학계열,2349810.920308311
2023,수원가톨릭대학교,인문사회계열,4378197.717721518
2023,수원대학교,공학계열,1679430.9466484268
2023,수원대학교,예체능계열,2092234.3519410978
2023,수원대학교,인문사회계열,1680816.6549031725
2023,수원대학교,자연과학계열,1710257.7482160556
2023,숙명여자대학교,공학계열,1726813.6
2023,숙명여자대학교,예체능계열,1863152.2783904618
2023,숙명여자대학교,인문사회계열,1819791.2203921205
2023,숙명여자대학교,자연과학계열,1512576.1630753495
2023,순복음총회신학교,예체능계열,3129545.45
2023,순복음총회신학교,인문사회계열,2152429.349717514
2023,순천향대학교,공학계열,2037425.0905076405
2023,순천향대학교,예체능계열,2088431.3341750843
2023,순천향대학교,의학계열,1225977.8460051545
2023,순천향대학교,인문사회계열,2091528.916726865
2023,순천향대학교,자연과학계열,1946575.5489119685
2023,숭실대학교,공학계열,1574381.330333985
2023,숭실대학교,예체능계열,1780325.4154533844
2023,숭실대학교,인문사회계열,1599805.0482624113
2023,숭실대학교,자연과학계열,1356326.3006718925
2023,신경주대학교,공학계열,3049644.4444444445
2023,신경주대학교,예체능계열,3391001.1087058824
2023,신경주대학교,인문사회계열,1967267.2678362573
2023,신경주대학교,자연과학계열,1968942.6790361444
2023,신라대학교,공학계열,1991692.9424242424
2023,신라대학교,예체능계열,2152217.9862318845
2023,신라대학교,인문사회계열,1927674.2213211348
2023,신라대학교,자연과학계열,2145754.6845782236
2023,신한대학교,공학계열,2225514.5345417927
2023,신한대학교,인문사회계열,1682240.0801470587
2023,신한대학교,자연과학계열,2219218.447255113
2023,신한대학교 _제2캠퍼스,공학계열,2027583.1583843327
2023,신한대학교 _제2캠퍼스,예체능계열,2193468.8362148004
2023,신한대학교 _제2캠퍼스,인문사회계열,1949823.6195371498
2023,신한대학교 _제2캠퍼스,자연과학계열,2095644.2421745788
2023,아신대학교,인문사회계열,2776649.27564688
2023,아주대학교,공학계열,1684803.5341524826
2023,아주대학교,예체능계열,5520125.721621621
2023,아주대학교,의학계열,2444945.422306238
2023,아주대학교,인문사회계열,1543880.084944049
2023,아주대학교,자연과학계열,1789586.080998322
2023,안양대학교,공학계열,1818734.5866588647
2023,안양대학교,예체능계열,1866511.9423913045
2023,안양대학교,인문사회계열,1759286.7635763339
2023,안양대학교,자연과학계열,1874054.6043715847
2023,안양대학교 _제2캠퍼스,공학계열,2064926.1794642857
2023,안양대학교 _제2캠퍼스,예체능계열,2392825.1312849163
2023,안양대학교 _제2캠퍼스,인문사회계열,1301365.8597560977
2023,안양대학교 _제2캠퍼스,자연과학계열,1994762.0189873418
2023,연세대학교,공학계열,1755569.2376257544
2023,연세대학교,예체능계열,2371066.2533802055
2023,연세대학교,의학계열,2079642.7022621424
2023,연세대학교,인문사회계열,1686175.3752174135
2023,연세대학교,자연과학계열,1702220.549644588
2023,연세대학교(미래) _분교,공학계열,1838631.1331576637
2023,연세대학교(미래) _분교,예체능계열,1593657.1348159509
2023,연세대학교(미래) _분교,의학계열,1581826.0031980318
2023,연세대학교(미래) _분교,인문사회계열,1658440.4052213393
2023,연세대학교(미래) _분교,자연과학계열,1990534.8915607985
2023,영남대학교,공학계열,2033079.8474077804
2023,영남대학교,예체능계열,2497811.0939214635
2023,영남대학교,의학계열,1707207.1938356166
2023,영남대학교,인문사회계열,1942601.4196857181
2023,영남대학교,자연과학계열,2108837.7565918434
2023,영남신학대학교,인문사회계열,2721595.4971786835
2023,영산대학교(양산) _제2캠퍼스,공학계열,1822856.7030447193
2023,영산대학교(양산) _제2캠퍼스,예체능계열,2662411.574319066
2023,영산대학교(양산) _제2캠퍼스,인문사회계열,1857819.2590772316
2023,영산대학교(양산) _제2캠퍼스,자연과학계열,2338096.7940759817
2023,영산대학교(해운대),공학계열,295237.25161290326
2023,영산대학교(해운대),예체능계열,2241926.9145713015
2023,영산대학교(해운대),인문사회계열,1742270.027464567
2023,영산대학교(해운대),자연과학계열,2054867.8254343295
2023,영산선학대학교,인문사회계열,1589253.7313432836
2023,예수대학교,인문사회계열,2786343.0659574466
2023,예수대학교,자연과학계열,1855937.714178303
2023,예원예술대학교,예체능계열,1506106.2748333332
2023,예원예술대학교 _제2캠퍼스,예체능계열,1638130.8599071207
2023,용인대학교,공학계열,1369154.3199275362
2023,용인대학교,예체능계열,2007249.3442289648
2023,용인대학교,인문사회계열,1807649.0510748408
2023,용인대학교,자연과학계열,1871912.8210830323
2023,우석대학교,공학계열,1711024.9590186279
2023,우석대학교,예체능계열,1804395.218038147
2023,우석대학교,의학계열,1501839.124714829
2023,우석대학교,인문사회계열,1699812.9055938039
2023,우석대학교,자연과학계열,2018351.280870021
2023,우송대학교,공학계열,1933106.5274437629
2023,우송대학교,예체능계열,2396015.000488043
2023,우송대학교,인문사회계열,2045782.7530334296
2023,우송대학교,자연과학계열,2243481.320298165
2023,울산과학기술원,공학계열,3350083.3646694217
2023,울산과학기술원,인문사회계열,3150564.3291925467
2023,울산과학기술원,자연과학계열,3476703.4112462006
2023,울산대학교,공학계열,1539403.575894848
2023,울산대학교,예체능계열,1979712.534481154
2023,울산대학교,의학계열,3867410.309148265
2023,울산대학교,인문사회계열,1361116.0778383408
2023,울산대학교,자연과학계열,2100764.7758001797
2023,원광대학교,공학계열,1975760.5848127704
2023,원광대학교,예체능계열,2207534.054674221
2023,원광대학교,의학계열,1314982.750711575
2023,원광대학교,인문사회계열,1940130.6002038475
2023,원광대학교,자연과학계열,1844933.7750511596
2023,위덕대학교,공학계열,2296947.7678807946
2023,위덕대학교,예체능계열,3348269.4191304347
2023,위덕대학교,인문사회계열,2241628.536451471
2023,위덕대학교,자연과학계열,2131364.3269179896
2023,유원대학교,공학계열,1873980.0618942732
2023,유원대학교,예체능계열,2765723.0160173164
2023,유원대학교,인문사회계열,2533184.2647703183
2023,유원대학교,자연과학계열,2317268.908495491
2023,을지대학교,의학계열,1929997.7010335915
2023,을지대학교,인문사회계열,0.0
2023,을지대학교,자연과학계열,2213670.174757282
2023,을지대학교 _제2캠퍼스,공학계열,1589099.97025393
2023,을지대학교 _제2캠퍼스,예체능계열,1771989.710191083
2023,을지대학교 _제2캠퍼스,인문사회계열,1724031.8683626272
2023,을지대학교 _제2캠퍼스,자연과학계열,1686063.1462929107
2023,을지대학교 _제3캠퍼스,예체능계열,2197189.9095652173
2023,을지대학교 _제3캠퍼스,인문사회계열,2135980.2222826085
2023,을지대학교 _제3캠퍼스,자연과학계열,1790057.178669276
2023,이화여자대학교,공학계열,1916452.3839274803
2023,이화여자대학교,예체능계열,1666189.2042845257
2023,이화여자대학교,의학계열,2105086.1101754387
2023,이화여자대학교,인문사회계열,1726534.3683478134
2023,이화여자대학교,자연과학계열,1766972.4165129007
2023,인제대학교,공학계열,2185630.4283977714
2023,인제대학교,예체능계열,2207314.644011142
2023,인제대학교,의학계열,1238104.6278928136
2023,인제대학교,인문사회계열,1992869.5351128818
2023,인제대학교,자연과학계열,1912934.0783901773
2023,인천가톨릭대학교,인문사회계열,4734957.151648351
2023,인천가톨릭대학교 _제2캠퍼스,예체능계열,1684446.6899856937
2023,인천가톨릭대학교 _제2캠퍼스,인문사회계열,1870373.612230216
2023,인천가톨릭대학교 _제2캠퍼스,자연과학계열,2032136.931081081
2023,인천대학교,공학계열,1652948.3762878445
2023,인천대학교,예체능계열,1677694.0061932288
2023,인천대학교,인문사회계열,1631731.4889475459
2023,인천대학교,자연과학계열,1543057.6736815672
2023,인하대학교,공학계열,1698427.4962367362
2023,인하대학교,예체능계열,1969173.878487395
2023,인하대학교,의학계열,994610.9972477064
2023,인하대학교,인문사회계열,1650633.0388489207
2023,인하대학교,자연과학계열,1517828.4765337424
2023,장로회신학대학교,예체능계열,1959600.521875
2023,장로회신학대학교,인문사회계열,2172320.845924225
2023,전남대학교,공학계열,1666096.8512773723
2023,전남대학교,예체능계열,1576570.4407917382
2023,전남대학교,의학계열,1232869.0854612547
2023,전남대학교,인문사회계열,1427521.507026386
2023,전남대학교,자연과학계열,1493304.8676345095
2023,전남대학교 _제2캠퍼스,공학계열,1741053.3702501957
2023,전남대학교 _제2캠퍼스,인문사회계열,1348380.024063232
2023,전남대학교 _제2캠퍼스,자연과학계열,1657207.4014326646
2023,전북대학교,공학계열,1536943.0627325983
2023,전북대학교,예체능계열,1622362.4375580624
2023,전북대학교,의학계열,1691329.5956373939
2023,전북대학교,인문사회계열,1397965.748542288
2023,전북대학교,자연과학계열,1514592.5293977212
2023,전주교육대학교,인문사회계열,774855.294802208
2023,전주대학교,공학계열,2289704.3577624443
2023,전주대학교,예체능계열,2526806.9454609184
2023,전주대학교,인문사회계열,1887654.3003108003
2023,전주대학교,자연과학계열,2173491.7576435325
2023,정석대학,인문사회계열,0.0
2023,제주국제대학교,공학계열,1383581.1639455783
2023,제주국제대학교,예체능계열,1555591.2638783269
2023,제주국제대학교,인문사회계열,1696658.3367816093
2023,제주국제대학교,자연과학계열,1705272.7272727273
2023,제주대학교,공학계열,1534388.9263811298
2023,제주대학교,예체능계열,1474207.4447231833
2023,제주대학교,의학계열,1669203.0430555556
2023,제주대학교,인문사회계열,1361782.906440383
2023,제주대학교,자연과학계열,1555727.2524897042
2023,조선대학교,공학계열,1841544.7866477983
2023,조선대학교,예체능계열,2286801.4047084656
2023,조선대학교,의학계열,1146836.9439024392
2023,조선대학교,인문사회계열,1820133.3678436724
2023,조선대학교,자연과학계열,1839105.4849819492
2023,중부대학교,공학계열,1920034.510026485
2023,중부대학교,예체능계열,2097657.616190476
2023,중부대학교,인문사회계열,2030368.713187773
2023,중부대학교,자연과학계열,2182515.347574124
2023,중앙대학교,공학계열,1802100.8866598315
2023,중앙대학교,예체능계열,1929173.2126654065
2023,중앙대학교,인문사회계열,1537623.043593711
2023,중앙대학교,자연과학계열,1461969.1986839857
2023,중앙대학교 _제2캠퍼스,공학계열,2014999.5443690638
2023,중앙대학교 _제2캠퍼스,예체능계열,2212865.331542435
2023,중앙대학교 _제2캠퍼스,인문사회계열,641930.4304347826
2023,중앙대학교 _제2캠퍼스,자연과학계열,1873275.5363925728
2023,중앙승가대학교,인문사회계열,1633636.3755244755
2023,중원대학교,공학계열,2629816.5428571426
2023,중원대학교,예체능계열,2939072.0659813085
2023,중원대학교,인문사회계열,2782569.8826388884
2023,중원대학교,자연과학계열,2818898.8663534676
2023,진주교육대학교,인문사회계열,1293095.373856209
2023,차의과학대학교,인문사회계열,2293196.723698041
2023,차의과학대학교,자연과학계열,2009846.3505177847
2023,창신대학교,공학계열,2229494.4916
2023,창신대학교,예체능계열,3056928.896235294
2023,창신대학교,인문사회계열,2403238.392344883
2023,창신대학교,자연과학계열,2299605.0956270625
2023,청운대학교,공학계열,2126368.6659935894
2023,청운대학교,예체능계열,3227289.883426823
2023,청운대학교,인문사회계열,2471691.451049949
2023,청운대학교,자연과학계열,2063074.947732697
2023,청주교육대학교,인문사회계열,837973.0978910369
2023,청주대학교,공학계열,1718444.3654253613
2023,청주대학교,예체능계열,1971964.2519276394
2023,청주대학교,인문사회계열,1808741.6856283965
2023,청주대학교,자연과학계열,1999511.8623730964
2023,초당대학교,공학계열,2594260.7614740366
2023,초당대학교,예체능계열,2777679.899206349
2023,초당대학교,인문사회계열,1686147.2883148834
2023,초당대학교,자연과학계열,2156661.0583047946
2023,총신대학교,예체능계열,2458405.4185
2023,총신대학교,인문사회계열,2232569.187106779
2023,추계예술대학교,예체능계열,1799323.9557907844
2023,추계예술대학교,인문사회계열,1374490.409276438
2023,춘천교육대학교,인문사회계열,1016652.4917862839
2023,충남대학교,공학계열,1380763.8921736376
2023,충남대학교,예체능계열,1367881.7623275346
2023,충남대학교,의학계열,1581027.2410990712
2023,충남대학교,인문사회계열,1038267.0462531373
2023,충남대학교,자연과학계열,1201012.0776681434
2023,충북대학교,공학계열,1463810.5924807433
2023,충북대학교,예체능계열,1758436.9773706896
2023,충북대학교,의학계열,1345331.0915317559
2023,충북대학교,인문사회계열,1380720.6817186712
2023,충북대학교,자연과학계열,1536063.652012265
2023,칼빈대학교,공학계열,3079523.8333333335
2023,칼빈대학교,예체능계열,2331702.15
2023,칼빈대학교,인문사회계열,1800088.804814189
2023,칼빈대학교,자연과학계열,2108844.2773584905
2023,평택대학교,공학계열,1498873.2431034483
2023,평택대학교,예체능계열,2058577.6672825252
2023,평택대학교,인문사회계열,1951752.9806590257
2023,평택대학교,자연과학계열,1511459.3366477273
2023,포항공과대학교,공학계열,3241074.1636950905
2023,포항공과대학교,자연과학계열,4067942.7359897178
2023,한경국립대학교,공학계열,1369681.7038469166
2023,한경국립대학교,예체능계열,1621832.1221804512
2023,한경국립대학교,인문사회계열,1542906.2831043259
2023,한경국립대학교,자연과학계열,1490936.0242723003
2023,한국공학대학교,공학계열,1759581.4826913858
2023,한국공학대학교,인문사회계열,1597374.2494802496
2023,한국과학기술원,공학계열,3635724.7367821396
2023,한국과학기술원,인문사회계열,3416991.6019801977
2023,한국과학기술원,자연과학계열,3573354.204568528
2023,한국교원대학교,공학계열,1186382.970886076
2023,한국교원대학교,예체능계열,1197314.6585421413
2023,한국교원대학교,인문사회계열,1281249.3422379827
2023,한국교원대학교,자연과학계열,1415699.0955993931
2023,한국기술교육대학교,공학계열,1910801.1451295258
2023,한국기술교육대학교,인문사회계열,1308512.561660079
2023,한국방송통신대학교,공학계열,87727.35870339455
2023,한국방송통신대학교,예체능계열,150866.28950652297
2023,한국방송통신대학교,인문사회계열,113551.84280021815
2023,한국방송통신대학교,자연과학계열,112719.1100955947
2023,한국성서대학교,공학계열,2191001.356466877
2023,한국성서대학교,인문사회계열,2519869.3465622277
2023,한국성서대학교,자연과학계열,1700969.0257777777
2023,한국에너지공과대학교,공학계열,7940691.520212766
2023,한국예술종합학교,공학계열,653468.1294117648
2023,한국예술종합학교,예체능계열,969320.5162013537
2023,한국예술종합학교,인문사회계열,920385.9142091153
2023,한국외국어대학교,공학계열,1428427.6237340379
2023,한국외국어대학교,인문사회계열,1393766.6733910576
2023,한국외국어대학교,자연과학계열,1535769.116026553
2023,한국전통문화대학교,공학계열,1363781.5989208634
2023,한국전통문화대학교,예체능계열,1315799.0422297297
2023,한국전통문화대학교,인문사회계열,1218557.4196480939
2023,한국전통문화대학교,자연과학계열,1365821.9802325582
2023,한국체육대학교,예체능계열,1484976.0353790615
2023,한국체육대학교,인문사회계열,1511209.5974729243
2023,한국침례신학대학교,예체능계열,2930361.3430555556
2023,한국침례신학대학교,인문사회계열,3490277.278239437
2023,한국항공대학교,공학계열,1749501.2515480828
2023,한국항공대학교,인문사회계열,1667013.0826666665
2023,한국항공대학교,자연과학계열,1713524.085855101
2023,한남대학교,공학계열,1909670.1805088061
2023,한남대학교,예체능계열,2312423.5576612907
2023,한남대학교,인문사회계열,1877895.2695060037
2023,한남대학교,자연과학계열,2006097.993330718
2023,한동대학교,공학계열,2068522.5186556927
2023,한동대학교,인문사회계열,2213296.6475942167
2023,한동대학교,자연과학계열,1991398.355450237
2023,한라대학교,공학계열,1819517.4463042757
2023,한라대학교,예체능계열,2783270.6090062107
2023,한라대학교,인문사회계열,1979702.1917331093
2023,한림대학교,공학계열,2146120.3765502186
2023,한림대학교,예체능계열,2562677.9514150945
2023,한림대학교,의학계열,1295454.0510366827
2023,한림대학교,인문사회계열,1903430.4828473863
2023,한림대학교,자연과학계열,1759922.5695722357
2023,한서대학교,공학계열,1924520.8624325541
2023,한서대학교,예체능계열,1909978.994857143
2023,한서대학교,인문사회계열,1941273.9787358183
2023,한서대학교,자연과학계열,2040958.6955483172
2023,한성대학교,공학계열,1660105.995415411
2023,한성대학교,예체능계열,2093073.8202278325
2023,한성대학교,인문사회계열,1772109.279657933
2023,한세대학교,공학계열,1830977.4089834515
2023,한세대학교,예체능계열,2229534.7800689656
2023,한세대학교,인문사회계열,1910216.7151014276
2023,한세대학교,자연과학계열,2329269.294262295
2023,한신대학교,공학계열,1611906.4059004618
2023,한신대학교,예체능계열,1724492.9624087592
2023,한신대학교,인문사회계열,1728785.2584598986
2023,한신대학교,자연과학계열,1543834.7322085889
2023,한양대학교,공학계열,1958836.566281716
2023,한양대학교,예체능계열,1864640.8297614676
2023,한양대학교,의학계열,1034413.3754216868
2023,한양대학교,인문사회계열,1790158.879685463
2023,한양대학교,자연과학계열,1472758.13938588
2023,한양대학교(ERICA) _분교,공학계열,2061192.32269276
2023,한양대학교(ERICA) _분교,예체능계열,2084142.545929087
2023,한양대학교(ERICA) _분교,인문사회계열,1907831.781884273
2023,한양대학교(ERICA) _분교,자연과학계열,1955152.2881685575
2023,한일장신대학교,예체능계열,2927655.1439330545
2023,한일장신대학교,인문사회계열,2903192.131777379
2023,한일장신대학교,자연과학계열,2629033.2416490484
2023,협성대학교,공학계열,2120008.593712829
2023,협성대학교,예체능계열,1919812.8849433712
2023,협성대학교,인문사회계열,2018837.230093972
2023,협성대학교,자연과학계열,2236440.622162162
2023,호남대학교,공학계열,1779825.0061036467
2023,호남대학교,예체능계열,2105323.097378872
2023,호남대학교,인문사회계열,1669623.125363154
2023,호남대학교,자연과학계열,2066947.5742452578
2023,호남신학대학교,예체능계열,2623397.3455999997
2023,호남신학대학교,인문사회계열,2934470.5599999996
2023,호서대학교,공학계열,1832731.8803444996
2023,호서대학교,예체능계열,2008870.4557199774
2023,호서대학교,인문사회계열,1735900.115337259
2023,호서대학교,자연과학계열,2015695.326359712
2023,호원대학교,공학계열,2454498.965829478
2023,호원대학교,예체능계열,2084736.1548356134
2023,호원대학교,인문사회계열,2411363.488992043
2023,호원대학교,자연과학계열,2277757.782335766
2023,홍익대학교,공학계열,1960024.0552720313
2023,홍익대학교,예체능계열,1777590.797172448
2023,홍익대학교,인문사회계열,2165678.4748565545
2023,홍익대학교,자연과학계열,2069531.5040816327
2023,홍익대학교 _제2캠퍼스,공학계열,2131978.5773600666
2023,홍익대학교 _제2캠퍼스,예체능계열,2440083.9249194413
2023,홍익대학교 _제2캠퍼스,인문사회계열,1994441.7567963195
2023,화성의과학대학교,공학계열,366252.88971962617
2023,화성의과학대학교,예체능계열,1028914.8731092437
2023,화성의과학대학교,인문사회계열,506898.2684210526
2023,화성의과학대학교,자연과학계열,451917.2553846154
