기준년도,학교명,졸업자 수,진학률
2023,가야대학교(김해),523,0.2
2023,가천대학교,3846,6.4
2023,가톨릭관동대학교,1768,4.4
2023,가톨릭꽃동네대학교,92,1.1
2023,가톨릭대학교,1501,10.2
2023,가톨릭대학교 _제2캠퍼스,178,0.6
2023,가톨릭대학교 _제3캠퍼스,39,61.5
2023,감리교신학대학교,159,39.6
2023,강남대학교,1532,2.2
2023,강서대학교,251,6.4
2023,강원대학교,2930,12.8
2023,강원대학교 _제2캠퍼스,1244,3.4
2023,건국대학교,3412,11.9
2023,건국대학교(글로컬) _분교,1610,6.6
2023,건양대학교,660,3.5
2023,건양대학교 _제2캠퍼스,815,4.0
2023,경기대학교,2690,5.4
2023,경기대학교 _제2캠퍼스,437,0.9
2023,경남과학기술대학교,1046,5.8
2023,경남대학교,2707,2.9
2023,경동대학교,141,0.0
2023,경동대학교 _제3캠퍼스,920,0.5
2023,경동대학교 _제4캠퍼스,606,1.0
2023,경북대학교,4738,12.1
2023,경상국립대학교,3026,11.7
2023,경성대학교,2698,2.7
2023,경운대학교,972,1.6
2023,경인교육대학교 _제2캠퍼스,618,0.5
2023,경일대학교,1469,1.4
2023,경희대학교,6247,9.4
2023,계명대학교,4829,5.8
2023,고려대학교,4391,22.0
2023,고려대학교(세종) _분교,1450,12.3
2023,고신대학교,743,8.3
2023,공주교육대학교,344,0.3
2023,광신대학교,110,26.4
2023,광운대학교,1913,10.2
2023,광주가톨릭대학교,16,31.3
2023,광주과학기술원,139,72.7
2023,광주교육대학교,316,0.3
2023,광주대학교,1463,3.5
2023,광주여자대학교,938,1.9
2023,국립강릉원주대학교,1181,7.4
2023,국립강릉원주대학교 _제2캠퍼스,456,2.0
2023,국립경국대학교,1287,6.8
2023,국립공주대학교,2879,8.1
2023,국립군산대학교,1451,5.3
2023,국립금오공과대학교,1250,11.1
2023,국립목포대학교,1433,5.2
2023,국립목포해양대학교,510,1.6
2023,국립부경대학교,3451,9.1
2023,국립순천대학교,1407,5.5
2023,국립창원대학교,1719,7.3
2023,국립한국교통대학교,1874,5.4
2023,국립한국해양대학교,1419,6.6
2023,국립한밭대학교,1891,5.3
2023,국민대학교,3518,9.0
2023,극동대학교,834,2.3
2023,금강대학교,79,1.3
2023,김천대학교,621,0.5
2023,나사렛대학교,1101,3.1
2023,남부대학교,772,1.0
2023,남서울대학교,2168,1.5
2023,단국대학교,2786,6.9
2023,단국대학교 _제2캠퍼스,2582,8.1
2023,대구가톨릭대학교,2448,6.0
2023,대구경북과학기술원,163,61.3
2023,대구교육대학교,376,0.5
2023,대구대학교,3857,3.8
2023,대구예술대학교,199,4.5
2023,대구한의대학교,1477,3.0
2023,대신대학교,98,19.4
2023,대전가톨릭대학교,5,100.0
2023,대전대학교,1899,2.4
2023,대전신학대학교,16,31.3
2023,대진대학교,1556,3.0
2023,덕성여자대학교,1411,7.0
2023,동국대학교,3488,9.7
2023,동국대학교(WISE) _분교,1634,5.5
2023,동덕여자대학교,1564,5.9
2023,동명대학교,1637,1.4
2023,동서대학교,2173,1.6
2023,동신대학교,1542,2.0
2023,동아대학교,4178,5.3
2023,동양대학교,733,0.3
2023,동의대학교,3406,3.0
2023,디지털서울문화예술대학교,811,2.7
2023,루터대학교,78,14.1
2023,명지대학교,1571,8.5
2023,명지대학교 _제2캠퍼스,1992,2.6
2023,목원대학교,1469,7.4
2023,목포가톨릭대학교,116,0.0
2023,배재대학교,1592,3.0
2023,백석대학교,2817,2.5
2023,부산가톨릭대학교,945,2.2
2023,부산교육대학교,369,1.6
2023,부산대학교,4278,12.6
2023,부산디지털대학교,718,3.3
2023,부산외국어대학교,1546,2.1
2023,부산장신대학교,50,18.0
2023,삼육대학교,1286,4.6
2023,상명대학교,1462,6.3
2023,상명대학교 _제2캠퍼스,1369,4.4
2023,상지대학교,1242,3.3
2023,서강대학교,1886,16.6
2023,서경대학교,1362,3.5
2023,서울과학기술대학교,2163,9.9
2023,서울교육대학교,354,1.1
2023,서울기독대학교,95,12.6
2023,서울대학교,3113,31.4
2023,서울디지털대학교,3097,2.8
2023,서울시립대학교,1951,9.4
2023,서울신학대학교,496,11.1
2023,서울여자대학교,1516,9.9
2023,서울장신대학교,110,18.2
2023,서울한영대학교,143,3.5
2023,서원대학교,1483,2.5
2023,선문대학교,1928,3.7
2023,성결대학교,1118,4.6
2023,성공회대학교,382,1.6
2023,성균관대학교,4122,13.8
2023,성신여자대학교,1979,8.5
2023,세명대학교,1609,2.8
2023,세종대학교,2698,10.1
2023,세한대학교,760,0.9
2023,송원대학교,670,2.4
2023,수원가톨릭대학교,27,40.7
2023,수원대학교,1785,4.4
2023,숙명여자대학교,2180,11.4
2023,순복음총회신학교,31,12.9
2023,순천향대학교,2575,7.4
2023,숭실대학교,3087,8.5
2023,신경주대학교,196,2.6
2023,신라대학교,1778,2.2
2023,신한대학교,324,0.3
2023,신한대학교 _제2캠퍼스,1283,1.7
2023,아신대학교,125,22.4
2023,아주대학교,2286,13.1
2023,안양대학교,958,4.0
2023,안양대학교 _제2캠퍼스,50,2.0
2023,연세대학교,4030,20.5
2023,연세대학교(미래) _분교,1732,10.1
2023,영남대학교,4857,6.5
2023,영남신학대학교,104,38.5
2023,영산대학교(양산) _제2캠퍼스,577,2.6
2023,영산대학교(해운대),762,1.3
2023,영산선학대학교,7,100.0
2023,예수대학교,146,0.0
2023,예원예술대학교,196,3.6
2023,예원예술대학교 _제2캠퍼스,74,1.4
2023,용인대학교,1339,2.6
2023,우석대학교,1504,3.7
2023,우송대학교,1942,1.4
2023,울산과학기술원,498,40.2
2023,울산대학교,2805,5.4
2023,원광대학교,3132,4.2
2023,원광디지털대학교,1355,4.9
2023,위덕대학교,601,1.0
2023,유원대학교,799,1.8
2023,을지대학교,51,0.0
2023,을지대학교 _제2캠퍼스,838,2.9
2023,을지대학교 _제3캠퍼스,105,1.0
2023,이화여자대학교,3403,15.2
2023,인제대학교,1960,6.4
2023,인천가톨릭대학교,12,33.3
2023,인천가톨릭대학교 _제2캠퍼스,167,6.0
2023,인천대학교,2826,7.3
2023,인하대학교,3911,12.7
2023,장로회신학대학교,169,34.3
2023,전남대학교,3672,8.9
2023,전남대학교 _제2캠퍼스,532,7.0
2023,전북대학교,4070,10.7
2023,전주교육대학교,273,0.4
2023,전주대학교,2390,3.1
2023,정석대학,26,0.0
2023,제주국제대학교,162,2.5
2023,제주대학교,1911,7.4
2023,조선대학교,4167,4.4
2023,중부대학교,1644,2.3
2023,중앙대학교,4144,9.6
2023,중앙대학교 _제2캠퍼스,1075,15.1
2023,중앙승가대학교,40,32.5
2023,중원대학교,785,3.6
2023,진주교육대학교,323,0.3
2023,차의과학대학교,460,12.6
2023,창신대학교,425,2.1
2023,청운대학교,1453,2.1
2023,청주교육대학교,281,1.1
2023,청주대학교,2556,3.1
2023,초당대학교,711,0.8
2023,총신대학교,401,17.7
2023,추계예술대학교,262,13.0
2023,춘천교육대학교,321,1.2
2023,충남대학교,3474,13.6
2023,충북대학교,2987,9.7
2023,칼빈대학교,84,15.5
2023,평택대학교,847,1.7
2023,포항공과대학교,256,58.6
2023,한경국립대학교,1117,6.6
2023,한국공학대학교,1504,7.0
2023,한국과학기술원,709,50.1
2023,한국교원대학교,574,1.2
2023,한국기술교육대학교,868,6.0
2023,한국방송통신대학교,27027,4.4
2023,한국성서대학교,213,7.5
2023,한국예술종합학교,496,8.1
2023,한국외국어대학교,3889,5.8
2023,한국전통문화대학교,134,23.9
2023,한국체육대학교,547,3.7
2023,한국침례신학대학교,269,20.4
2023,한국항공대학교,888,13.3
2023,한남대학교,2234,5.3
2023,한동대학교,771,18.9
2023,한라대학교,760,2.5
2023,한림대학교,1669,7.2
2023,한서대학교,1410,2.8
2023,한성대학교,1548,3.6
2023,한세대학교,536,4.9
2023,한신대학교,1067,4.3
2023,한양대학교,3559,15.8
2023,한양대학교(ERICA) _분교,2223,14.4
2023,한일장신대학교,244,7.0
2023,협성대학교,931,4.4
2023,호남대학교,1892,1.2
2023,호남신학대학교,120,19.2
2023,호서대학교,2709,4.4
2023,호원대학교,1317,1.4
2023,홍익대학교,2888,6.5
2023,홍익대학교 _제2캠퍼스,1313,4.1
2023,화성의과학대학교,119,1.7
2022,가야대학교(김해),554,0.5
2022,가천대학교,4437,4.7
2022,가톨릭관동대학교,1685,3.6
2022,가톨릭꽃동네대학교,123,0.8
2022,가톨릭대학교,1626,7.2
2022,가톨릭대학교 _제2캠퍼스,179,0.0
2022,가톨릭대학교 _제3캠퍼스,39,53.8
2022,감리교신학대학교,187,18.7
2022,강남대학교,1611,1.2
2022,강서대학교,318,4.1
2022,강원대학교,4277,7.6
2022,강원대학교 _제2캠퍼스,1600,3.1
2022,건국대학교,3863,9.3
2022,건국대학교(글로컬) _분교,1667,5.0
2022,건양대학교,864,3.1
2022,건양대학교 _제2캠퍼스,849,4.5
2022,경기대학교,2760,4.9
2022,경기대학교 _제2캠퍼스,434,0.2
2022,경남과학기술대학교,1154,4.3
2022,경남대학교,2601,3.2
2022,경동대학교,230,0.4
2022,경동대학교 _제3캠퍼스,995,0.1
2022,경동대학교 _제4캠퍼스,606,1.2
2022,경북대학교,5295,10.7
2022,경상국립대학교,3270,9.8
2022,경성대학교,2995,2.4
2022,경운대학교,1025,0.8
2022,경인교육대학교 _제2캠퍼스,682,0.0
2022,경일대학교,1300,2.1
2022,경희대학교,6514,7.7
2022,계명대학교,5107,4.4
2022,고려대학교,4905,18.0
2022,고려대학교(세종) _분교,1496,9.6
2022,고신대학교,779,6.8
2022,공주교육대학교,371,0.5
2022,광신대학교,122,14.8
2022,광운대학교,1802,9.0
2022,광주가톨릭대학교,16,31.3
2022,광주과학기술원,167,64.7
2022,광주교육대학교,338,0.0
2022,광주대학교,1536,1.9
2022,광주여자대학교,871,2.2
2022,국립강릉원주대학교,1222,7.5
2022,국립강릉원주대학교 _제2캠퍼스,486,1.2
2022,국립경국대학교,1313,6.7
2022,국립공주대학교,2995,7.5
2022,국립군산대학교,1551,5.6
2022,국립금오공과대학교,1439,8.9
2022,국립목포대학교,1484,4.3
2022,국립목포해양대학교,611,1.5
2022,국립부경대학교,3870,7.5
2022,국립순천대학교,1560,4.7
2022,국립창원대학교,1820,6.0
2022,국립한국교통대학교,2037,5.2
2022,국립한국해양대학교,1538,5.7
2022,국립한밭대학교,2101,4.0
2022,국민대학교,3930,7.1
2022,극동대학교,772,1.2
2022,금강대학교,93,2.2
2022,김천대학교,767,0.4
2022,나사렛대학교,1142,1.8
2022,남부대학교,695,0.6
2022,남서울대학교,2211,1.4
2022,단국대학교,3033,5.6
2022,단국대학교 _제2캠퍼스,2827,9.2
2022,대구가톨릭대학교,2810,5.3
2022,대구경북과학기술원,133,63.9
2022,대구교육대학교,396,0.0
2022,대구대학교,4033,3.5
2022,대구예술대학교,197,2.5
2022,대구한의대학교,1535,3.2
2022,대신대학교,105,23.8
2022,대전가톨릭대학교,8,100.0
2022,대전대학교,1863,2.3
2022,대전신학대학교,24,45.8
2022,대진대학교,1529,2.2
2022,덕성여자대학교,1487,5.9
2022,동국대학교,3297,8.9
2022,동국대학교(WISE) _분교,1675,4.3
2022,동덕여자대학교,1666,5.7
2022,동명대학교,1727,1.4
2022,동서대학교,2184,0.9
2022,동신대학교,1477,1.8
2022,동아대학교,4264,5.0
2022,동양대학교,786,1.8
2022,동의대학교,3362,2.5
2022,루터대학교,80,12.5
2022,명지대학교,1526,6.6
2022,명지대학교 _제2캠퍼스,2119,2.1
2022,목원대학교,1628,6.4
2022,목포가톨릭대학교,122,0.0
2022,배재대학교,1608,2.9
2022,백석대학교,2809,0.8
2022,부산가톨릭대학교,924,2.6
2022,부산교육대학교,378,0.8
2022,부산대학교,4832,11.5
2022,부산외국어대학교,1775,1.2
2022,부산장신대학교,64,14.1
2022,삼육대학교,1297,4.9
2022,상명대학교,1535,5.8
2022,상명대학교 _제2캠퍼스,1334,2.8
2022,상지대학교,1276,3.1
2022,서강대학교,1969,14.9
2022,서경대학교,1383,2.3
2022,서울과학기술대학교,2481,8.3
2022,서울교육대학교,395,1.5
2022,서울기독대학교,79,16.5
2022,서울대학교,3330,27.7
2022,서울시립대학교,2064,10.2
2022,서울신학대학교,517,12.8
2022,서울여자대학교,1685,8.7
2022,서울장신대학교,112,12.5
2022,서울한영대학교,145,2.8
2022,서원대학교,1399,1.3
2022,선문대학교,1861,2.8
2022,성결대학교,1249,2.0
2022,성공회대학교,460,1.5
2022,성균관대학교,4664,13.1
2022,성신여자대학교,2346,8.7
2022,세명대학교,1698,2.2
2022,세종대학교,2853,9.4
2022,세한대학교,876,0.8
2022,송원대학교,665,1.8
2022,수원가톨릭대학교,29,51.7
2022,수원대학교,1925,4.5
2022,숙명여자대학교,2588,11.3
2022,순복음총회신학교,32,15.6
2022,순천향대학교,2553,6.4
2022,숭실대학교,3346,6.5
2022,신경주대학교,197,1.5
2022,신라대학교,2111,1.8
2022,신한대학교,318,2.2
2022,신한대학교 _제2캠퍼스,1169,0.9
2022,아신대학교,146,15.1
2022,아주대학교,2517,10.8
2022,안양대학교,1014,4.2
2022,안양대학교 _제2캠퍼스,46,2.2
2022,연세대학교,4351,17.4
2022,연세대학교(미래) _분교,1781,8.3
2022,영남대학교,5009,5.2
2022,영남신학대학교,108,35.2
2022,영산선학대학교,6,83.3
2022,예수대학교,132,0.0
2022,예원예술대학교,177,0.6
2022,예원예술대학교 _제2캠퍼스,85,2.4
2022,용인대학교,1347,2.7
2022,우석대학교,1488,2.3
2022,우송대학교,2234,1.0
2022,울산과학기술원,561,41.4
2022,울산대학교,2962,5.7
2022,원광대학교,3674,3.2
2022,위덕대학교,598,1.7
2022,유원대학교,804,0.9
2022,을지대학교,49,0.0
2022,을지대학교 _제2캠퍼스,1035,3.3
2022,을지대학교 _제3캠퍼스,116,2.6
2022,이화여자대학교,3935,13.0
2022,인제대학교,2107,4.9
2022,인천가톨릭대학교,22,63.6
2022,인천가톨릭대학교 _제2캠퍼스,149,2.0
2022,인천대학교,3039,6.3
2022,인하대학교,4164,9.7
2022,장로회신학대학교,178,28.7
2022,전남대학교,3895,8.3
2022,전남대학교 _제2캠퍼스,499,6.6
2022,전북대학교,4231,8.6
2022,전주교육대학교,308,0.0
2022,전주대학교,2449,2.7
2022,제주국제대학교,258,1.2
2022,제주대학교,2102,5.1
2022,조선대학교,4489,4.4
2022,중부대학교,1665,1.4
2022,중앙대학교,4879,8.2
2022,중앙대학교 _제2캠퍼스,1147,9.6
2022,중앙승가대학교,34,38.2
2022,중원대학교,730,2.2
2022,진주교육대학교,340,0.0
2022,차의과학대학교,552,13.2
2022,창신대학교,464,1.9
2022,청운대학교,1410,1.0
2022,청주교육대학교,298,0.7
2022,청주대학교,2497,3.0
2022,초당대학교,688,0.7
2022,총신대학교,452,17.7
2022,추계예술대학교,298,9.4
2022,춘천교육대학교,316,0.0
2022,충남대학교,3872,10.2
2022,충북대학교,3146,8.7
2022,칼빈대학교,146,8.2
2022,평택대학교,767,1.6
2022,포항공과대학교,317,63.7
2022,한경국립대학교,1128,5.0
2022,한국공학대학교,1655,5.9
2022,한국과학기술원,688,54.4
2022,한국교원대학교,609,1.0
2022,한국기술교육대학교,916,5.9
2022,한국성서대학교,214,4.2
2022,한국예술종합학교,477,7.1
2022,한국외국어대학교,4043,6.2
2022,한국전통문화대학교,146,22.6
2022,한국체육대학교,601,3.8
2022,한국침례신학대학교,296,16.9
2022,한국항공대학교,902,10.1
2022,한남대학교,2362,4.2
2022,한동대학교,838,14.6
2022,한라대학교,781,1.3
2022,한림대학교,1863,7.0
2022,한서대학교,1450,2.8
2022,한성대학교,1480,2.6
2022,한세대학교,591,3.9
2022,한신대학교,1080,4.1
2022,한양대학교,3851,12.7
2022,한양대학교(ERICA) _분교,2294,11.6
2022,한일장신대학교,173,7.5
2022,협성대학교,979,4.2
2022,호남대학교,1768,1.5
2022,호남신학대학교,96,15.6
2022,호서대학교,2908,2.8
2022,호원대학교,1315,0.4
2022,홍익대학교,3065,4.5
2022,홍익대학교 _제2캠퍼스,1439,3.8
2022,화성의과학대학교,116,1.7
2021,가야대학교(김해),546,0.4
2021,가천대학교,4178,5.0
2021,가톨릭관동대학교,1673,3.3
2021,가톨릭꽃동네대학교,117,0.0
2021,가톨릭대학교,1478,8.1
2021,가톨릭대학교 _제2캠퍼스,174,0.0
2021,가톨릭대학교 _제3캠퍼스,44,77.3
2021,감리교신학대학교,185,16.8
2021,강남대학교,1567,1.9
2021,강서대학교,288,4.2
2021,강원대학교,3426,9.7
2021,강원대학교 _제2캠퍼스,1504,2.7
2021,건국대학교,3585,9.9
2021,건국대학교(글로컬) _분교,1538,5.4
2021,건양대학교,947,2.6
2021,건양대학교 _제2캠퍼스,868,3.3
2021,경기대학교,2580,4.5
2021,경기대학교 _제2캠퍼스,452,0.7
2021,경남과학기술대학교,974,4.3
2021,경남대학교,2107,2.6
2021,경동대학교,522,0.8
2021,경동대학교 _제3캠퍼스,957,0.1
2021,경동대학교 _제4캠퍼스,300,1.7
2021,경북대학교,5230,9.4
2021,경상국립대학교,3340,9.0
2021,경성대학교,2768,2.9
2021,경운대학교,912,0.9
2021,경인교육대학교 _제2캠퍼스,685,0.1
2021,경일대학교,1263,2.4
2021,경희대학교,6093,8.8
2021,계명대학교,4755,5.3
2021,고려대학교,4828,19.1
2021,고려대학교(세종) _분교,1315,13.2
2021,고신대학교,830,6.7
2021,공주교육대학교,341,0.3
2021,광신대학교,138,23.2
2021,광운대학교,1737,9.1
2021,광주가톨릭대학교,19,68.4
2021,광주과학기술원,148,67.6
2021,광주교육대학교,335,0.3
2021,광주대학교,1547,1.9
2021,광주여자대학교,796,1.1
2021,국립강릉원주대학교,1267,5.2
2021,국립강릉원주대학교 _제2캠퍼스,520,1.2
2021,국립경국대학교,1379,5.7
2021,국립공주대학교,3074,6.3
2021,국립군산대학교,1543,5.6
2021,국립금오공과대학교,1431,8.7
2021,국립목포대학교,1551,3.8
2021,국립목포해양대학교,502,0.8
2021,국립부경대학교,4243,7.2
2021,국립순천대학교,1590,4.7
2021,국립창원대학교,1779,6.0
2021,국립한국교통대학교,2004,5.2
2021,국립한국해양대학교,1402,6.3
2021,국립한밭대학교,2062,3.8
2021,국민대학교,3622,7.5
2021,극동대학교,786,1.0
2021,금강대학교,104,6.7
2021,김천대학교,706,0.4
2021,나사렛대학교,1169,1.9
2021,남부대학교,695,1.4
2021,남서울대학교,2272,1.0
2021,단국대학교,2850,5.8
2021,단국대학교 _제2캠퍼스,2808,8.3
2021,대구가톨릭대학교,2617,5.7
2021,대구경북과학기술원,124,74.2
2021,대구교육대학교,417,0.7
2021,대구대학교,4016,4.4
2021,대구예술대학교,207,3.4
2021,대구한의대학교,1461,2.5
2021,대신대학교,101,4.0
2021,대전가톨릭대학교,12,66.7
2021,대전대학교,1876,2.0
2021,대전신학대학교,26,34.6
2021,대진대학교,1691,2.5
2021,덕성여자대학교,1427,5.3
2021,동국대학교,3493,8.4
2021,동국대학교(WISE) _분교,1684,4.2
2021,동덕여자대학교,1577,4.3
2021,동명대학교,1686,1.4
2021,동서대학교,2271,1.9
2021,동신대학교,1412,1.8
2021,동아대학교,4268,5.3
2021,동양대학교,772,2.2
2021,동의대학교,3325,3.1
2021,루터대학교,87,11.5
2021,명지대학교,1523,8.4
2021,명지대학교 _제2캠퍼스,1818,1.8
2021,목원대학교,1601,4.6
2021,목포가톨릭대학교,119,0.0
2021,배재대학교,1750,2.3
2021,백석대학교,2898,1.2
2021,부산가톨릭대학교,932,1.5
2021,부산교육대학교,387,0.3
2021,부산대학교,4688,11.1
2021,부산외국어대학교,1630,1.7
2021,부산장신대학교,56,14.3
2021,삼육대학교,1368,3.4
2021,상명대학교,1408,5.0
2021,상명대학교 _제2캠퍼스,1324,3.1
2021,상지대학교,1312,2.2
2021,서강대학교,1818,16.3
2021,서경대학교,1288,2.5
2021,서울과학기술대학교,2361,9.0
2021,서울교육대학교,377,2.7
2021,서울기독대학교,94,10.6
2021,서울대학교,3324,28.6
2021,서울시립대학교,1862,9.3
2021,서울신학대학교,452,8.2
2021,서울여자대학교,1563,8.9
2021,서울장신대학교,133,11.3
2021,서울한영대학교,138,3.6
2021,서원대학교,1519,2.8
2021,선문대학교,1960,2.8
2021,성결대학교,1100,3.5
2021,성공회대학교,441,1.4
2021,성균관대학교,4261,15.0
2021,성신여자대학교,2022,7.4
2021,세명대학교,1624,2.0
2021,세종대학교,2779,10.4
2021,세한대학교,788,1.4
2021,송원대학교,600,1.5
2021,수원가톨릭대학교,27,81.5
2021,수원대학교,1978,5.2
2021,숙명여자대학교,2225,11.0
2021,순복음총회신학교,36,22.2
2021,순천향대학교,2532,7.0
2021,숭실대학교,3028,6.9
2021,신경주대학교,240,3.3
2021,신라대학교,1954,2.0
2021,신한대학교,317,1.9
2021,신한대학교 _제2캠퍼스,1098,0.7
2021,아신대학교,152,17.8
2021,아주대학교,2190,12.4
2021,안양대학교,928,3.8
2021,안양대학교 _제2캠퍼스,55,3.6
2021,연세대학교,4133,19.6
2021,연세대학교(미래) _분교,1654,10.4
2021,영남대학교,4889,6.6
2021,영남신학대학교,95,9.5
2021,영산선학대학교,4,100.0
2021,예수대학교,150,0.0
2021,예원예술대학교,110,5.5
2021,예원예술대학교 _제2캠퍼스,62,3.2
2021,용인대학교,1441,1.9
2021,우석대학교,1473,2.2
2021,우송대학교,2154,0.8
2021,울산과학기술원,597,40.5
2021,울산대학교,2629,4.9
2021,원광대학교,2703,3.6
2021,위덕대학교,642,0.9
2021,유원대학교,801,0.6
2021,을지대학교,163,1.2
2021,을지대학교 _제2캠퍼스,1030,2.3
2021,이화여자대학교,3364,15.5
2021,인제대학교,2150,5.7
2021,인천가톨릭대학교,8,75.0
2021,인천가톨릭대학교 _제2캠퍼스,138,5.1
2021,인천대학교,2967,6.5
2021,인하대학교,3962,9.6
2021,장로회신학대학교,173,33.5
2021,전남대학교,3984,7.0
2021,전남대학교 _제2캠퍼스,547,6.0
2021,전북대학교,4084,8.6
2021,전주교육대학교,305,0.0
2021,전주대학교,2385,3.5
2021,제주국제대학교,251,0.8
2021,제주대학교,2064,4.7
2021,조선대학교,4599,4.2
2021,중부대학교,1707,1.3
2021,중앙대학교,5184,7.1
2021,중앙대학교 _제2캠퍼스,1674,9.8
2021,중앙승가대학교,39,38.5
2021,중원대학교,769,3.8
2021,진주교육대학교,328,0.0
2021,차의과학대학교,543,12.0
2021,창신대학교,436,2.8
2021,청운대학교,1431,1.0
2021,청주교육대학교,303,0.3
2021,청주대학교,2508,2.9
2021,초당대학교,677,0.7
2021,총신대학교,399,18.0
2021,추계예술대학교,250,9.2
2021,춘천교육대학교,340,0.3
2021,충남대학교,3718,11.3
2021,충북대학교,3240,8.5
2021,칼빈대학교,97,20.6
2021,평택대학교,757,1.8
2021,포항공과대학교,316,72.2
2021,한경국립대학교,1207,3.8
2021,한국공학대학교,1557,6.0
2021,한국과학기술원,707,52.5
2021,한국교원대학교,589,1.4
2021,한국기술교육대학교,863,7.2
2021,한국성서대학교,256,6.3
2021,한국예술종합학교,513,9.7
2021,한국외국어대학교,3757,5.6
2021,한국전통문화대학교,126,21.4
2021,한국체육대학교,611,3.6
2021,한국침례신학대학교,329,11.6
2021,한국항공대학교,855,10.4
2021,한남대학교,2390,5.1
2021,한동대학교,821,15.6
2021,한라대학교,804,1.0
2021,한림대학교,1741,7.7
2021,한서대학교,1370,2.3
2021,한성대학교,1447,3.3
2021,한세대학교,545,5.0
2021,한신대학교,987,4.6
2021,한양대학교,3724,14.0
2021,한양대학교(ERICA) _분교,2147,13.8
2021,한일장신대학교,199,4.5
2021,협성대학교,929,5.8
2021,호남대학교,1703,1.1
2021,호남신학대학교,123,34.1
2021,호서대학교,2805,3.7
2021,호원대학교,1273,0.9
2021,홍익대학교,3037,5.4
2021,홍익대학교 _제2캠퍼스,1516,3.5
2021,화성의과학대학교,118,2.5
2020,가야대학교(김해),630,0.5
2020,가천대학교,4322,4.5
2020,가톨릭관동대학교,1721,2.0
2020,가톨릭꽃동네대학교,105,1.0
2020,가톨릭대학교,1596,8.3
2020,가톨릭대학교 _제2캠퍼스,88,1.1
2020,가톨릭대학교 _제3캠퍼스,10,10.0
2020,감리교신학대학교,211,34.1
2020,강남대학교,1720,2.0
2020,강서대학교,278,2.5
2020,강원대학교,3167,8.7
2020,강원대학교 _제2캠퍼스,1342,3.1
2020,건국대학교,3447,9.6
2020,건국대학교(글로컬) _분교,1655,4.5
2020,건양대학교,926,1.6
2020,건양대학교 _제2캠퍼스,852,4.0
2020,경기대학교,2666,3.9
2020,경기대학교 _제2캠퍼스,516,1.2
2020,경남과학기술대학교,1107,2.5
2020,경남대학교,2671,2.8
2020,경동대학교,689,1.0
2020,경동대학교 _제3캠퍼스,859,0.3
2020,경동대학교 _제4캠퍼스,301,1.3
2020,경북대학교,5044,10.3
2020,경상국립대학교,3303,7.6
2020,경성대학교,2819,1.9
2020,경운대학교,1007,0.5
2020,경인교육대학교 _제2캠퍼스,613,0.3
2020,경일대학교,1295,2.3
2020,경희대학교,6005,8.8
2020,계명대학교,4766,4.8
2020,고려대학교,4572,17.7
2020,고려대학교(세종) _분교,1458,10.9
2020,고신대학교,746,6.6
2020,공주교육대학교,363,1.1
2020,광신대학교,119,20.2
2020,광운대학교,1818,8.4
2020,광주가톨릭대학교,9,77.8
2020,광주과학기술원,149,76.5
2020,광주교육대학교,332,0.3
2020,광주대학교,1549,1.4
2020,광주여자대학교,817,1.0
2020,국립강릉원주대학교,1231,4.9
2020,국립강릉원주대학교 _제2캠퍼스,494,1.4
2020,국립경국대학교,1367,6.7
2020,국립공주대학교,3160,5.4
2020,국립군산대학교,1548,5.1
2020,국립금오공과대학교,1688,5.3
2020,국립목포대학교,1442,4.4
2020,국립목포해양대학교,598,0.8
2020,국립부경대학교,3941,5.9
2020,국립순천대학교,1657,2.8
2020,국립창원대학교,1895,5.8
2020,국립한국교통대학교,1940,4.0
2020,국립한국해양대학교,1530,5.9
2020,국립한밭대학교,1926,4.9
2020,국민대학교,3520,8.4
2020,극동대학교,717,1.5
2020,금강대학교,113,1.8
2020,김천대학교,821,1.3
2020,나사렛대학교,1213,2.6
2020,남부대학교,787,1.1
2020,남서울대학교,2131,0.8
2020,단국대학교,2654,5.8
2020,단국대학교 _제2캠퍼스,2643,7.9
2020,대구가톨릭대학교,2680,5.4
2020,대구경북과학기술원,154,77.3
2020,대구교육대학교,402,2.5
2020,대구대학교,3988,3.0
2020,대구예술대학교,220,2.3
2020,대구한의대학교,1445,3.3
2020,대신대학교,95,12.6
2020,대전가톨릭대학교,14,64.3
2020,대전대학교,1966,2.5
2020,대전신학대학교,28,32.1
2020,대진대학교,1587,3.7
2020,덕성여자대학교,1229,5.4
2020,동국대학교,3081,7.6
2020,동국대학교(WISE) _분교,1666,6.2
2020,동덕여자대학교,1521,6.2
2020,동명대학교,1689,1.2
2020,동서대학교,2108,1.3
2020,동신대학교,1538,1.6
2020,동아대학교,4374,5.3
2020,동양대학교,827,1.7
2020,동의대학교,3464,2.3
2020,루터대학교,86,11.6
2020,명지대학교,1540,9.5
2020,명지대학교 _제2캠퍼스,1593,2.6
2020,목원대학교,1754,6.9
2020,목포가톨릭대학교,122,0.0
2020,배재대학교,1772,3.2
2020,백석대학교,2782,1.2
2020,부산가톨릭대학교,904,1.2
2020,부산교육대학교,374,0.8
2020,부산대학교,4665,10.5
2020,부산외국어대학교,1851,1.2
2020,부산장신대학교,56,21.4
2020,삼육대학교,1276,3.4
2020,상명대학교,1495,4.9
2020,상명대학교 _제2캠퍼스,1388,2.8
2020,상지대학교,1429,2.7
2020,서강대학교,1567,16.5
2020,서경대학교,1461,3.1
2020,서울과학기술대학교,2278,7.4
2020,서울교육대학교,379,2.4
2020,서울기독대학교,102,9.8
2020,서울대학교,3204,29.5
2020,서울시립대학교,1937,7.6
2020,서울신학대학교,529,10.6
2020,서울여자대학교,1384,8.7
2020,서울장신대학교,125,14.4
2020,서울한영대학교,141,5.0
2020,서원대학교,1460,2.9
2020,선문대학교,1987,2.5
2020,성결대학교,1132,3.0
2020,성공회대학교,452,1.8
2020,성균관대학교,4047,14.9
2020,성신여자대학교,1982,7.2
2020,세명대학교,1680,2.0
2020,세종대학교,2614,9.6
2020,세한대학교,727,1.0
2020,송원대학교,579,1.4
2020,수원가톨릭대학교,37,67.6
2020,수원대학교,2124,4.0
2020,숙명여자대학교,2371,10.7
2020,순복음총회신학교,39,12.8
2020,순천향대학교,2371,5.0
2020,숭실대학교,2999,6.7
2020,신경주대학교,270,1.1
2020,신라대학교,2033,2.1
2020,신한대학교,314,2.9
2020,신한대학교 _제2캠퍼스,1324,0.9
2020,아신대학교,183,10.4
2020,아주대학교,2212,12.0
2020,안양대학교,1017,3.6
2020,안양대학교 _제2캠퍼스,70,8.6
2020,연세대학교,3939,18.0
2020,연세대학교(미래) _분교,1601,10.4
2020,영남대학교,5114,5.1
2020,영남신학대학교,71,46.5
2020,영산선학대학교,13,92.3
2020,예수대학교,158,0.0
2020,예원예술대학교,116,2.6
2020,예원예술대학교 _제2캠퍼스,102,0.0
2020,용인대학교,1437,1.9
2020,우석대학교,1410,1.4
2020,우송대학교,2168,1.5
2020,울산과학기술원,606,37.6
2020,울산대학교,2792,4.2
2020,원광대학교,3190,3.2
2020,위덕대학교,630,1.3
2020,유원대학교,790,1.8
2020,을지대학교,167,0.6
2020,을지대학교 _제2캠퍼스,995,2.8
2020,이화여자대학교,3384,15.9
2020,인제대학교,2167,4.2
2020,인천가톨릭대학교,11,72.7
2020,인천가톨릭대학교 _제2캠퍼스,172,8.7
2020,인천대학교,2845,6.4
2020,인하대학교,3941,10.0
2020,장로회신학대학교,141,25.5
2020,전남대학교,3843,7.1
2020,전남대학교 _제2캠퍼스,562,5.9
2020,전북대학교,4030,9.2
2020,전주교육대학교,278,0.0
2020,전주대학교,2458,1.7
2020,제주국제대학교,296,1.4
2020,제주대학교,2143,5.1
2020,조선대학교,4356,5.1
2020,중부대학교,1593,1.6
2020,중앙대학교,3807,9.7
2020,중앙대학교 _제2캠퍼스,1263,13.1
2020,중앙승가대학교,39,41.0
2020,중원대학교,770,2.7
2020,진주교육대학교,334,0.0
2020,차의과학대학교,522,12.1
2020,창신대학교,445,2.9
2020,청운대학교,1548,1.4
2020,청주교육대학교,298,0.7
2020,청주대학교,2382,2.9
2020,초당대학교,731,2.1
2020,총신대학교,410,14.6
2020,추계예술대학교,305,10.2
2020,춘천교육대학교,344,0.3
2020,충남대학교,3936,9.5
2020,충북대학교,3288,9.1
2020,칼빈대학교,92,18.5
2020,평택대학교,882,1.9
2020,포항공과대학교,307,68.7
2020,한경국립대학교,1204,4.9
2020,한국공학대학교,1711,4.3
2020,한국과학기술원,723,56.4
2020,한국교원대학교,601,0.3
2020,한국기술교육대학교,922,7.8
2020,한국성서대학교,230,5.7
2020,한국예술종합학교,511,10.6
2020,한국외국어대학교,3605,6.2
2020,한국전통문화대학교,118,19.5
2020,한국체육대학교,591,2.9
2020,한국침례신학대학교,353,14.7
2020,한국항공대학교,946,8.8
2020,한남대학교,2428,4.3
2020,한동대학교,844,16.2
2020,한라대학교,737,2.4
2020,한림대학교,1899,6.5
2020,한서대학교,1454,2.7
2020,한성대학교,1443,3.2
2020,한세대학교,562,7.1
2020,한신대학교,1002,5.6
2020,한양대학교,3637,14.3
2020,한양대학교(ERICA) _분교,2140,11.8
2020,한일장신대학교,208,9.1
2020,협성대학교,977,2.3
2020,호남대학교,1799,0.9
2020,호남신학대학교,113,33.6
2020,호서대학교,2576,3.5
2020,호원대학교,1208,0.5
2020,홍익대학교,2689,5.5
2020,홍익대학교 _제2캠퍼스,1351,3.3
2020,화성의과학대학교,137,2.9
2019,가야대학교(김해),610,0.2
2019,가천대학교,3863,5.4
2019,가톨릭관동대학교,1863,1.9
2019,가톨릭꽃동네대학교,112,0.9
2019,가톨릭대학교,1616,7.5
2019,가톨릭대학교 _제2캠퍼스,88,0.0
2019,가톨릭대학교 _제3캠퍼스,41,58.5
2019,감리교신학대학교,187,41.2
2019,강남대학교,1574,1.3
2019,강서대학교,288,3.5
2019,강원대학교,3044,10.0
2019,강원대학교 _제2캠퍼스,1344,2.8
2019,건국대학교,3274,9.0
2019,건국대학교(글로컬) _분교,1755,4.7
2019,건양대학교,906,2.5
2019,건양대학교 _제2캠퍼스,898,4.0
2019,경기대학교,2693,4.5
2019,경기대학교 _제2캠퍼스,497,1.8
2019,경남과학기술대학교,1085,3.7
2019,경남대학교,2963,2.3
2019,경동대학교,759,0.9
2019,경동대학교 _제3캠퍼스,564,0.2
2019,경동대학교 _제4캠퍼스,267,1.9
2019,경북대학교,5198,9.6
2019,경상국립대학교,3197,7.1
2019,경성대학교,2834,2.1
2019,경운대학교,1027,0.7
2019,경인교육대학교 _제2캠퍼스,649,0.3
2019,경일대학교,1255,2.5
2019,경희대학교,5812,8.6
2019,계명대학교,4859,5.1
2019,고려대학교,4345,19.1
2019,고려대학교(세종) _분교,1479,9.1
2019,고신대학교,806,8.6
2019,공주교육대학교,375,0.3
2019,광신대학교,125,16.0
2019,광운대학교,1905,9.2
2019,광주가톨릭대학교,20,70.0
2019,광주과학기술원,134,79.9
2019,광주교육대학교,346,0.6
2019,광주대학교,1573,1.5
2019,광주여자대학교,892,2.4
2019,국립강릉원주대학교,1339,6.3
2019,국립강릉원주대학교 _제2캠퍼스,429,2.1
2019,국립경국대학교,1433,5.5
2019,국립공주대학교,3093,5.5
2019,국립군산대학교,1620,4.9
2019,국립금오공과대학교,1490,6.8
2019,국립목포대학교,1423,3.9
2019,국립목포해양대학교,552,0.9
2019,국립부경대학교,3805,6.0
2019,국립순천대학교,1611,4.3
2019,국립창원대학교,1791,5.4
2019,국립한국교통대학교,2048,4.2
2019,국립한국해양대학교,1543,5.2
2019,국립한밭대학교,1942,4.4
2019,국민대학교,3108,8.7
2019,극동대학교,845,1.3
2019,금강대학교,102,2.9
2019,김천대학교,873,1.3
2019,나사렛대학교,1231,2.3
2019,남부대학교,776,1.0
2019,남서울대학교,2251,1.1
2019,단국대학교,2707,6.7
2019,단국대학교 _제2캠퍼스,2813,7.1
2019,대구가톨릭대학교,2905,6.1
2019,대구경북과학기술원,131,86.3
2019,대구교육대학교,411,1.9
2019,대구대학교,4116,3.5
2019,대구예술대학교,268,2.6
2019,대구한의대학교,1710,3.7
2019,대신대학교,100,12.0
2019,대전가톨릭대학교,12,58.3
2019,대전대학교,1902,2.8
2019,대전신학대학교,37,40.5
2019,대진대학교,1644,3.6
2019,덕성여자대학교,1218,4.9
2019,동국대학교,3027,7.5
2019,동국대학교(WISE) _분교,1681,5.5
2019,동덕여자대학교,1621,5.7
2019,동명대학교,1716,1.1
2019,동서대학교,2234,1.4
2019,동신대학교,1527,2.2
2019,동아대학교,4351,4.9
2019,동양대학교,780,1.2
2019,동의대학교,3493,3.0
2019,루터대학교,78,6.4
2019,명지대학교,1615,9.5
2019,명지대학교 _제2캠퍼스,1566,3.6
2019,목원대학교,1782,4.8
2019,목포가톨릭대학교,143,0.0
2019,배재대학교,1798,4.7
2019,백석대학교,2900,2.0
2019,부산가톨릭대학교,1013,1.4
2019,부산교육대학교,395,0.3
2019,부산대학교,4569,9.7
2019,부산외국어대학교,1958,1.6
2019,부산장신대학교,68,23.5
2019,삼육대학교,1324,4.7
2019,상명대학교,1589,5.5
2019,상명대학교 _제2캠퍼스,1380,2.9
2019,상지대학교,1429,1.9
2019,서강대학교,1502,20.1
2019,서경대학교,1337,4.4
2019,서울과학기술대학교,2039,7.3
2019,서울교육대학교,370,4.6
2019,서울기독대학교,87,9.2
2019,서울대학교,3313,28.7
2019,서울시립대학교,1951,8.6
2019,서울신학대학교,460,10.0
2019,서울여자대학교,1645,6.6
2019,서울장신대학교,105,17.1
2019,서울한영대학교,163,1.8
2019,서원대학교,1472,2.6
2019,선문대학교,2113,3.0
2019,성결대학교,1004,3.3
2019,성공회대학교,450,1.3
2019,성균관대학교,3925,13.7
2019,성신여자대학교,2050,5.6
2019,세명대학교,1724,1.5
2019,세종대학교,2584,9.1
2019,세한대학교,745,0.1
2019,송원대학교,587,1.4
2019,수원가톨릭대학교,21,90.5
2019,수원대학교,2168,4.4
2019,숙명여자대학교,2376,8.9
2019,순복음총회신학교,56,10.7
2019,순천향대학교,2425,5.5
2019,숭실대학교,2838,7.1
2019,신경주대학교,355,2.3
2019,신라대학교,2061,3.0
2019,신한대학교,321,0.9
2019,신한대학교 _제2캠퍼스,1315,1.2
2019,아신대학교,146,21.9
2019,아주대학교,2184,13.0
2019,안양대학교,970,3.3
2019,안양대학교 _제2캠퍼스,94,6.4
2019,연세대학교,3921,20.0
2019,연세대학교(미래) _분교,1607,10.7
2019,영남대학교,5075,5.4
2019,영남신학대학교,94,38.3
2019,영산선학대학교,15,66.7
2019,예수대학교,144,1.4
2019,예원예술대학교,100,3.0
2019,예원예술대학교 _제2캠퍼스,103,2.9
2019,용인대학교,1375,1.7
2019,우석대학교,1424,2.9
2019,우송대학교,2034,1.6
2019,울산과학기술원,729,39.9
2019,울산대학교,2794,4.9
2019,원광대학교,3279,3.9
2019,위덕대학교,561,1.2
2019,유원대학교,830,1.0
2019,을지대학교,179,0.6
2019,을지대학교 _제2캠퍼스,1086,3.2
2019,이화여자대학교,3086,16.5
2019,인제대학교,1970,6.4
2019,인천가톨릭대학교,22,77.3
2019,인천가톨릭대학교 _제2캠퍼스,159,8.8
2019,인천대학교,2814,5.9
2019,인하대학교,3703,8.6
2019,장로회신학대학교,163,35.6
2019,전남대학교,3886,6.8
2019,전남대학교 _제2캠퍼스,634,4.9
2019,전북대학교,3890,8.2
2019,전주교육대학교,292,0.0
2019,전주대학교,2458,3.5
2019,제주국제대학교,242,0.8
2019,제주대학교,2080,4.1
2019,조선대학교,4392,4.3
2019,중부대학교,1709,1.9
2019,중앙대학교,3574,9.0
2019,중앙대학교 _제2캠퍼스,1554,10.4
2019,중앙승가대학교,44,52.3
2019,중원대학교,745,4.2
2019,진주교육대학교,336,0.0
2019,차의과학대학교,471,16.6
2019,창신대학교,342,3.5
2019,청운대학교,1487,1.8
2019,청주교육대학교,304,0.3
2019,청주대학교,2655,2.6
2019,초당대학교,722,0.8
2019,총신대학교,450,12.2
2019,추계예술대학교,258,12.0
2019,춘천교육대학교,346,0.3
2019,충남대학교,3922,10.5
2019,충북대학교,3231,9.3
2019,칼빈대학교,95,20.0
2019,평택대학교,957,2.1
2019,포항공과대학교,318,62.6
2019,한경국립대학교,1282,4.4
2019,한국공학대학교,1736,5.2
2019,한국과학기술원,796,61.4
2019,한국교원대학교,579,0.3
2019,한국기술교육대학교,901,5.7
2019,한국성서대학교,246,7.7
2019,한국예술종합학교,469,9.8
2019,한국외국어대학교,3569,6.0
2019,한국전통문화대학교,130,23.1
2019,한국체육대학교,573,3.8
2019,한국침례신학대학교,363,13.5
2019,한국항공대학교,919,9.0
2019,한남대학교,2305,6.6
2019,한동대학교,826,16.8
2019,한라대학교,823,2.3
2019,한림대학교,1647,7.5
2019,한서대학교,1658,2.1
2019,한성대학교,1287,3.2
2019,한세대학교,594,1.0
2019,한신대학교,1059,4.2
2019,한양대학교,3574,12.9
2019,한양대학교(ERICA) _분교,2054,12.3
2019,한일장신대학교,215,12.1
2019,협성대학교,880,6.7
2019,호남대학교,1810,1.6
2019,호남신학대학교,116,21.6
2019,호서대학교,2713,3.8
2019,호원대학교,1340,0.5
2019,홍익대학교,2702,5.2
2019,홍익대학교 _제2캠퍼스,1405,2.8
2019,화성의과학대학교,166,2.4
2018,가야대학교(김해),555,0.0
2018,가천대학교,3877,5.0
2018,가톨릭관동대학교,1734,2.1
2018,가톨릭꽃동네대학교,115,0.9
2018,가톨릭대학교,1591,6.6
2018,가톨릭대학교 _제2캠퍼스,76,0.0
2018,가톨릭대학교 _제3캠퍼스,43,69.8
2018,감리교신학대학교,178,44.4
2018,강남대학교,1597,2.3
2018,강서대학교,265,6.0
2018,강원대학교,3168,9.4
2018,강원대학교 _제2캠퍼스,1352,2.8
2018,건국대학교,3399,8.7
2018,건국대학교(글로컬) _분교,1905,4.8
2018,건양대학교,931,5.5
2018,건양대학교 _제2캠퍼스,850,3.6
2018,경기대학교,2754,3.8
2018,경기대학교 _제2캠퍼스,487,1.0
2018,경남과학기술대학교,1146,2.6
2018,경남대학교,2714,2.5
2018,경동대학교,868,0.7
2018,경동대학교 _제3캠퍼스,483,0.4
2018,경동대학교 _제4캠퍼스,203,1.0
2018,경북대학교,5182,9.3
2018,경상국립대학교,3273,8.0
2018,경성대학교,2854,1.8
2018,경운대학교,951,0.9
2018,경인교육대학교 _제2캠퍼스,622,0.0
2018,경일대학교,1461,2.1
2018,경희대학교,5462,10.2
2018,계명대학교,5010,4.9
2018,고려대학교,4427,16.8
2018,고려대학교(세종) _분교,1624,10.9
2018,고신대학교,831,7.1
2018,공주교육대학교,381,0.5
2018,광신대학교,109,23.9
2018,광운대학교,1822,6.8
2018,광주가톨릭대학교,21,42.9
2018,광주과학기술원,110,69.1
2018,광주교육대학교,348,1.1
2018,광주대학교,1678,1.2
2018,광주여자대학교,984,1.1
2018,국립강릉원주대학교,1299,6.0
2018,국립강릉원주대학교 _제2캠퍼스,433,3.7
2018,국립경국대학교,1320,6.1
2018,국립공주대학교,3295,5.6
2018,국립군산대학교,1687,4.1
2018,국립금오공과대학교,1481,6.8
2018,국립목포대학교,1501,4.1
2018,국립목포해양대학교,565,0.9
2018,국립부경대학교,3694,6.3
2018,국립순천대학교,1546,3.9
2018,국립창원대학교,2080,4.4
2018,국립한국교통대학교,1958,4.5
2018,국립한국해양대학교,1505,5.4
2018,국립한밭대학교,1365,7.4
2018,국민대학교,3132,6.9
2018,극동대학교,841,0.2
2018,금강대학교,102,2.9
2018,김천대학교,879,1.6
2018,나사렛대학교,1252,1.8
2018,남부대학교,764,2.5
2018,남서울대학교,1850,1.0
2018,단국대학교,2388,7.1
2018,단국대학교 _제2캠퍼스,2804,7.1
2018,대구가톨릭대학교,2861,5.6
2018,대구경북과학기술원,96,92.7
2018,대구교육대학교,407,1.0
2018,대구대학교,4278,3.9
2018,대구예술대학교,283,4.2
2018,대구한의대학교,1372,3.7
2018,대신대학교,74,14.9
2018,대전가톨릭대학교,25,80.0
2018,대전대학교,1842,3.7
2018,대전신학대학교,52,32.7
2018,대진대학교,1694,3.8
2018,덕성여자대학교,1145,5.0
2018,동국대학교,2993,7.7
2018,동국대학교(WISE) _분교,1668,4.3
2018,동덕여자대학교,1610,5.5
2018,동명대학교,1697,1.5
2018,동서대학교,2279,1.0
2018,동신대학교,1554,1.7
2018,동아대학교,4415,3.9
2018,동양대학교,886,1.1
2018,동의대학교,3509,2.2
2018,루터대학교,94,13.8
2018,명지대학교,1514,8.7
2018,명지대학교 _제2캠퍼스,1617,3.5
2018,목원대학교,1847,6.8
2018,목포가톨릭대학교,165,0.0
2018,배재대학교,1900,4.4
2018,백석대학교,2898,2.7
2018,부산가톨릭대학교,904,1.8
2018,부산교육대학교,380,0.0
2018,부산대학교,4379,10.7
2018,부산외국어대학교,1899,1.6
2018,부산장신대학교,59,5.1
2018,삼육대학교,1202,3.7
2018,상명대학교,1742,4.6
2018,상명대학교 _제2캠퍼스,1449,3.0
2018,상지대학교,1595,2.1
2018,서강대학교,1642,17.1
2018,서경대학교,1405,3.7
2018,서울과학기술대학교,1339,9.6
2018,서울교육대학교,365,4.7
2018,서울기독대학교,114,5.3
2018,서울대학교,3166,31.3
2018,서울시립대학교,1920,7.7
2018,서울신학대학교,490,9.4
2018,서울여자대학교,1576,8.1
2018,서울장신대학교,113,13.3
2018,서울한영대학교,173,8.1
2018,서원대학교,1682,2.6
2018,선문대학교,1977,2.9
2018,성결대학교,1095,3.2
2018,성공회대학교,478,2.3
2018,성균관대학교,4114,12.4
2018,성신여자대학교,2286,6.9
2018,세명대학교,1794,2.0
2018,세종대학교,2588,7.9
2018,세한대학교,659,0.2
2018,송원대학교,504,1.2
2018,수원가톨릭대학교,39,76.9
2018,수원대학교,2463,4.5
2018,숙명여자대학교,2353,10.0
2018,순복음총회신학교,51,17.6
2018,순천향대학교,2493,5.2
2018,숭실대학교,2707,7.5
2018,신경주대학교,381,0.5
2018,신라대학교,2017,2.7
2018,신한대학교,273,1.8
2018,신한대학교 _제2캠퍼스,1173,0.9
2018,아신대학교,167,13.8
2018,아주대학교,2189,12.1
2018,안양대학교,1045,3.2
2018,안양대학교 _제2캠퍼스,98,5.1
2018,연세대학교,4156,19.3
2018,연세대학교(미래) _분교,1736,10.4
2018,영남대학교,5008,5.5
2018,영남신학대학교,91,28.6
2018,영산선학대학교,11,72.7
2018,예수대학교,144,0.0
2018,예원예술대학교,80,5.0
2018,예원예술대학교 _제2캠퍼스,106,1.9
2018,용인대학교,1446,1.4
2018,우석대학교,1589,2.4
2018,우송대학교,2101,1.2
2018,울산과학기술원,704,40.8
2018,울산대학교,2966,4.4
2018,원광대학교,3268,4.0
2018,위덕대학교,681,1.3
2018,유원대학교,824,2.1
2018,을지대학교,190,3.2
2018,을지대학교 _제2캠퍼스,1028,2.8
2018,이화여자대학교,3293,16.6
2018,인제대학교,2011,5.4
2018,인천가톨릭대학교,14,71.4
2018,인천가톨릭대학교 _제2캠퍼스,183,8.7
2018,인천대학교,2855,5.8
2018,인하대학교,3657,9.4
2018,장로회신학대학교,177,26.6
2018,전남대학교,3767,6.7
2018,전남대학교 _제2캠퍼스,591,5.4
2018,전북대학교,4121,9.2
2018,전주교육대학교,296,0.0
2018,전주대학교,2437,2.7
2018,제주국제대학교,253,0.8
2018,제주대학교,1970,4.4
2018,조선대학교,4401,5.2
2018,중부대학교,1627,2.2
2018,중앙대학교,3574,9.0
2018,중앙대학교 _제2캠퍼스,1648,9.5
2018,중앙승가대학교,55,23.6
2018,중원대학교,568,6.0
2018,진주교육대학교,344,0.0
2018,차의과학대학교,392,12.0
2018,창신대학교,315,0.6
2018,청운대학교,1575,1.3
2018,청주교육대학교,300,1.7
2018,청주대학교,2846,2.6
2018,초당대학교,649,0.5
2018,총신대학교,521,11.9
2018,추계예술대학교,350,4.0
2018,춘천교육대학교,349,0.3
2018,충남대학교,3976,10.1
2018,충북대학교,3310,9.3
2018,칼빈대학교,108,16.7
2018,평택대학교,872,1.1
2018,포항공과대학교,325,68.0
2018,한경국립대학교,740,4.9
2018,한국공학대학교,1106,6.5
2018,한국과학기술원,740,55.7
2018,한국교원대학교,573,0.9
2018,한국기술교육대학교,931,6.0
2018,한국성서대학교,242,7.9
2018,한국예술종합학교,474,8.6
2018,한국외국어대학교,3516,6.5
2018,한국전통문화대학교,122,21.3
2018,한국체육대학교,497,3.6
2018,한국침례신학대학교,385,16.9
2018,한국항공대학교,977,10.3
2018,한남대학교,2496,7.1
2018,한동대학교,877,16.9
2018,한라대학교,820,1.2
2018,한림대학교,1907,5.9
2018,한서대학교,1638,2.0
2018,한성대학교,1452,2.0
2018,한세대학교,582,6.2
2018,한신대학교,1051,4.1
2018,한양대학교,3511,14.7
2018,한양대학교(ERICA) _분교,2075,10.2
2018,한일장신대학교,195,15.9
2018,협성대학교,965,5.2
2018,호남대학교,1782,1.8
2018,호남신학대학교,112,9.8
2018,호서대학교,2825,4.4
2018,호원대학교,1324,1.1
2018,홍익대학교,2573,5.6
2018,홍익대학교 _제2캠퍼스,1367,2.4
2018,화성의과학대학교,163,5.5
2017,가야대학교(김해),603,1.2
2017,가천대학교,4269,5.0
2017,가톨릭관동대학교,2080,1.4
2017,가톨릭꽃동네대학교,109,0.0
2017,가톨릭대학교,1685,6.8
2017,가톨릭대학교 _제2캠퍼스,92,0.0
2017,가톨릭대학교 _제3캠퍼스,55,58.2
2017,감리교신학대학교,196,52.0
2017,강남대학교,1633,1.5
2017,강서대학교,308,6.5
2017,강원대학교,3386,10.1
2017,강원대학교 _제2캠퍼스,1351,3.0
2017,건국대학교,3676,8.2
2017,건국대학교(글로컬) _분교,1954,4.4
2017,건양대학교,972,4.0
2017,건양대학교 _제2캠퍼스,800,3.1
2017,경기대학교,2772,4.0
2017,경기대학교 _제2캠퍼스,440,1.4
2017,경남과학기술대학교,892,2.9
2017,경남대학교,2895,2.5
2017,경동대학교,814,0.2
2017,경동대학교 _제3캠퍼스,427,0.0
2017,경동대학교 _제4캠퍼스,10,0.0
2017,경북대학교,5321,8.9
2017,경상국립대학교,3407,6.5
2017,경성대학교,2992,2.1
2017,경운대학교,662,1.4
2017,경인교육대학교 _제2캠퍼스,646,0.0
2017,경일대학교,1442,2.5
2017,경희대학교,5693,9.1
2017,계명대학교,5397,4.3
2017,고려대학교,4483,17.7
2017,고려대학교(세종) _분교,1840,9.8
2017,고신대학교,808,6.4
2017,공주교육대학교,380,0.3
2017,광신대학교,102,17.6
2017,광운대학교,2020,6.4
2017,광주가톨릭대학교,17,58.8
2017,광주과학기술원,73,82.2
2017,광주교육대학교,353,1.1
2017,광주대학교,1682,2.2
2017,광주여자대학교,941,2.2
2017,국립강릉원주대학교,1290,6.5
2017,국립강릉원주대학교 _제2캠퍼스,474,2.3
2017,국립경국대학교,1545,5.4
2017,국립공주대학교,3316,5.5
2017,국립군산대학교,1763,5.2
2017,국립금오공과대학교,1526,7.3
2017,국립목포대학교,1537,4.2
2017,국립목포해양대학교,578,1.6
2017,국립부경대학교,3823,6.0
2017,국립순천대학교,1714,4.0
2017,국립창원대학교,2452,5.1
2017,국립한국교통대학교,1998,4.1
2017,국립한국해양대학교,1660,5.5
2017,국립한밭대학교,969,5.3
2017,국민대학교,3405,7.9
2017,극동대학교,901,0.6
2017,금강대학교,85,4.7
2017,김천대학교,891,2.1
2017,나사렛대학교,1247,2.6
2017,남부대학교,691,3.0
2017,남서울대학교,1294,1.7
2017,단국대학교,2773,7.0
2017,단국대학교 _제2캠퍼스,3084,6.7
2017,대구가톨릭대학교,3277,5.6
2017,대구교육대학교,433,2.1
2017,대구대학교,4612,4.2
2017,대구예술대학교,282,5.7
2017,대구한의대학교,1697,3.3
2017,대신대학교,83,19.3
2017,대전가톨릭대학교,14,78.6
2017,대전대학교,2070,2.8
2017,대전신학대학교,56,33.9
2017,대진대학교,1669,3.3
2017,덕성여자대학교,1306,6.0
2017,동국대학교,3114,7.3
2017,동국대학교(WISE) _분교,1768,4.9
2017,동덕여자대학교,1814,6.9
2017,동명대학교,1893,2.0
2017,동서대학교,2364,1.8
2017,동신대학교,1579,1.9
2017,동아대학교,4645,4.4
2017,동양대학교,842,2.0
2017,동의대학교,3505,2.9
2017,루터대학교,106,6.6
2017,명지대학교,1576,6.8
2017,명지대학교 _제2캠퍼스,1744,3.2
2017,목원대학교,1880,6.2
2017,목포가톨릭대학교,148,0.0
2017,배재대학교,2002,2.9
2017,백석대학교,3013,2.3
2017,부산가톨릭대학교,1017,1.7
2017,부산교육대학교,390,0.0
2017,부산대학교,4525,12.1
2017,부산외국어대학교,2036,1.8
2017,부산장신대학교,66,6.1
2017,삼육대학교,1396,4.4
2017,상명대학교,1609,6.2
2017,상명대학교 _제2캠퍼스,1477,3.0
2017,상지대학교,1739,1.7
2017,서강대학교,1799,16.8
2017,서경대학교,1469,4.2
2017,전남대학교 _제2캠퍼스,188,0.0
2017,서울과학기술대학교,889,7.3
2017,서울교육대학교,388,7.2
2017,서울기독대학교,126,2.4
2017,서울대학교,3273,32.0
2017,서울시립대학교,1991,8.9
2017,서울신학대학교,488,13.3
2017,서울여자대학교,1824,8.1
2017,서울장신대학교,127,15.0
2017,서울한영대학교,175,9.7
2017,서원대학교,1491,1.7
2017,선문대학교,2061,2.6
2017,성결대학교,1214,4.1
2017,성공회대학교,513,1.6
2017,성균관대학교,4227,15.0
2017,성신여자대학교,2432,6.9
2017,세명대학교,1897,2.2
2017,세종대학교,2596,8.2
2017,세한대학교,702,1.1
2017,송원대학교,429,1.6
2017,수원가톨릭대학교,43,74.4
2017,수원대학교,2280,3.9
2017,숙명여자대학교,2635,9.2
2017,순복음총회신학교,51,21.6
2017,순천향대학교,2476,5.8
2017,숭실대학교,3034,7.2
2017,신경주대학교,588,0.3
2017,신라대학교,2168,2.7
2017,신한대학교 _제2캠퍼스,108,0.9
2017,아신대학교,181,19.9
2017,아주대학교,2441,12.0
2017,안양대학교,983,3.6
2017,안양대학교 _제2캠퍼스,97,6.2
2017,연세대학교,4229,20.5
2017,연세대학교(미래) _분교,1807,9.9
2017,영남대학교,5350,5.5
2017,영남신학대학교,98,32.7
2017,영산선학대학교,8,75.0
2017,예수대학교,153,0.0
2017,예원예술대학교,90,5.6
2017,예원예술대학교 _제2캠퍼스,109,0.0
2017,용인대학교,1394,1.9
2017,우석대학교,1632,2.5
2017,우송대학교,2157,1.3
2017,울산과학기술원,636,52.2
2017,울산대학교,3221,4.1
2017,원광대학교,3562,2.9
2017,위덕대학교,620,1.8
2017,유원대학교,787,1.9
2017,을지대학교,198,3.0
2017,을지대학교 _제2캠퍼스,1044,2.0
2017,이화여자대학교,3429,17.7
2017,인제대학교,2204,6.3
2017,인천가톨릭대학교,16,68.8
2017,인천가톨릭대학교 _제2캠퍼스,204,3.9
2017,인천대학교,2999,6.2
2017,인하대학교,3981,9.0
2017,장로회신학대학교,134,36.6
2017,전남대학교,3840,8.3
2017,전남대학교 _제2캠퍼스,625,5.3
2017,전북대학교,4227,8.6
2017,전주교육대학교,294,0.0
2017,전주대학교,2510,2.9
2017,제주국제대학교,304,1.6
2017,제주대학교,2018,4.2
2017,조선대학교,4470,6.2
2017,중부대학교,1608,2.1
2017,중앙대학교,3577,9.1
2017,중앙대학교 _제2캠퍼스,1786,9.8
2017,중앙승가대학교,56,25.0
2017,중원대학교,478,7.1
2017,진주교육대학교,325,0.0
2017,차의과학대학교,291,16.2
2017,창신대학교,280,1.4
2017,청운대학교,1511,1.1
2017,청주교육대학교,313,0.3
2017,청주대학교,3021,2.7
2017,초당대학교,590,0.8
2017,총신대학교,493,16.2
2017,추계예술대학교,255,6.3
2017,춘천교육대학교,335,0.0
2017,충남대학교,4158,11.1
2017,충북대학교,3397,8.8
2017,칼빈대학교,97,13.4
2017,평택대학교,886,1.1
2017,포항공과대학교,297,59.6
2017,한경국립대학교,536,3.4
2017,한국공학대학교,664,4.1
2017,한국과학기술원,793,55.7
2017,한국교원대학교,560,1.3
2017,한국기술교육대학교,912,8.0
2017,한국성서대학교,217,6.0
2017,한국예술종합학교,526,9.5
2017,한국외국어대학교,3844,6.8
2017,한국전통문화대학교,145,15.9
2017,한국체육대학교,539,3.2
2017,한국침례신학대학교,353,16.1
2017,한국항공대학교,1010,8.7
2017,한남대학교,2719,5.4
2017,한동대학교,842,16.3
2017,한라대학교,830,1.3
2017,한림대학교,1856,5.7
2017,한서대학교,1723,1.0
2017,한성대학교,1490,1.5
2017,한세대학교,587,3.4
2017,한신대학교,1139,4.7
2017,한양대학교,3673,14.5
2017,한양대학교(ERICA) _분교,2463,10.6
2017,한일장신대학교,193,14.0
2017,협성대학교,1016,5.8
2017,호남대학교,1799,2.2
2017,호남신학대학교,122,23.0
2017,호서대학교,2966,4.4
2017,호원대학교,1263,0.8
2017,홍익대학교,2737,6.8
2017,홍익대학교 _제2캠퍼스,1507,3.5
2017,화성의과학대학교,182,5.5
2016,가야대학교(김해),596,0.8
2016,가천대학교,4330,4.8
2016,가톨릭관동대학교,1990,1.4
2016,가톨릭꽃동네대학교,140,0.0
2016,가톨릭대학교,1670,8.9
2016,가톨릭대학교 _제2캠퍼스,107,0.0
2016,가톨릭대학교 _제3캠퍼스,39,51.3
2016,감리교신학대학교,219,47.5
2016,강남대학교,1723,1.3
2016,강서대학교,295,4.4
2016,강원대학교,3365,10.3
2016,강원대학교 _제2캠퍼스,1461,3.4
2016,건국대학교,3809,8.0
2016,건국대학교(글로컬) _분교,2081,6.0
2016,건양대학교,1127,3.8
2016,건양대학교 _제2캠퍼스,722,4.6
2016,경기대학교,2971,4.6
2016,경기대학교 _제2캠퍼스,476,0.4
2016,경남과학기술대학교,600,2.7
2016,경남대학교,3076,3.1
2016,경동대학교,818,0.6
2016,경동대학교 _제3캠퍼스,80,0.0
2016,경북대학교,5177,10.1
2016,경상국립대학교,3406,7.0
2016,경성대학교,3018,2.9
2016,경운대학교,585,1.7
2016,경인교육대학교 _제2캠퍼스,616,0.0
2016,경일대학교,1265,2.5
2016,경희대학교,5439,9.5
2016,계명대학교,5478,5.0
2016,고려대학교,4393,20.1
2016,고려대학교(세종) _분교,1503,11.4
2016,고신대학교,788,5.6
2016,공주교육대학교,381,1.0
2016,광신대학교,101,29.7
2016,광운대학교,2073,7.7
2016,광주가톨릭대학교,18,38.9
2016,광주과학기술원,84,92.9
2016,광주교육대학교,350,0.3
2016,광주대학교,1651,2.5
2016,광주여자대학교,963,2.1
2016,국립강릉원주대학교,1284,5.8
2016,국립강릉원주대학교 _제2캠퍼스,492,2.2
2016,국립경국대학교,1512,6.9
2016,국립공주대학교,3343,5.6
2016,국립군산대학교,1727,6.1
2016,국립금오공과대학교,1466,9.5
2016,국립목포대학교,1539,3.1
2016,국립목포해양대학교,624,1.9
2016,국립부경대학교,4008,6.1
2016,국립순천대학교,1623,4.4
2016,국립창원대학교,1982,5.2
2016,국립한국교통대학교,1713,3.6
2016,국립한국해양대학교,1629,5.3
2016,국립한밭대학교,704,4.8
2016,국민대학교,3538,8.3
2016,극동대학교,952,0.6
2016,금강대학교,68,4.4
2016,김천대학교,765,1.7
2016,나사렛대학교,1284,2.0
2016,남부대학교,671,1.8
2016,남서울대학교,833,1.4
2016,단국대학교,2845,7.3
2016,단국대학교 _제2캠퍼스,3149,6.1
2016,대구가톨릭대학교,3208,5.9
2016,대구교육대학교,395,1.0
2016,대구대학교,4557,4.2
2016,대구예술대학교,269,7.8
2016,대구한의대학교,1446,5.8
2016,대신대학교,77,32.5
2016,대전가톨릭대학교,16,81.3
2016,대전대학교,2095,3.1
2016,대전신학대학교,36,36.1
2016,대진대학교,1770,4.1
2016,덕성여자대학교,1231,7.8
2016,동국대학교,3140,8.1
2016,동국대학교(WISE) _분교,1695,5.4
2016,동덕여자대학교,1928,5.1
2016,동명대학교,2136,2.2
2016,동서대학교,2376,1.6
2016,동신대학교,1602,1.7
2016,동아대학교,4770,4.9
2016,동양대학교,905,1.7
2016,동의대학교,3755,2.3
2016,루터대학교,91,4.4
2016,명지대학교,1645,9.7
2016,명지대학교 _제2캠퍼스,1781,3.5
2016,목원대학교,1931,7.1
2016,목포가톨릭대학교,124,0.0
2016,배재대학교,2112,6.8
2016,백석대학교,3165,2.3
2016,부산가톨릭대학교,1043,1.1
2016,부산교육대학교,392,0.0
2016,부산대학교,4636,12.4
2016,부산외국어대학교,1838,2.1
2016,부산장신대학교,61,41.0
2016,삼육대학교,1348,5.1
2016,상명대학교,1615,5.8
2016,상명대학교 _제2캠퍼스,1483,2.9
2016,상지대학교,1736,2.4
2016,서강대학교,2276,15.3
2016,서경대학교,1448,3.2
2016,서울과학기술대학교,396,8.6
2016,서울교육대학교,372,0.5
2016,서울기독대학교,155,2.6
2016,서울대학교,3375,32.0
2016,서울시립대학교,2102,7.9
2016,서울신학대학교,597,12.7
2016,서울여자대학교,1825,8.7
2016,서울장신대학교,135,13.3
2016,서울한영대학교,169,10.1
2016,서원대학교,1331,2.6
2016,선문대학교,2240,2.9
2016,성결대학교,1256,4.1
2016,성공회대학교,478,1.9
2016,성균관대학교,4417,15.5
2016,성신여자대학교,2409,7.7
2016,세명대학교,2016,1.6
2016,세종대학교,2502,9.7
2016,세한대학교,643,1.6
2016,송원대학교,441,2.5
2016,수원가톨릭대학교,30,80.0
2016,수원대학교,2433,3.6
2016,숙명여자대학교,2528,9.6
2016,순복음총회신학교,35,17.1
2016,순천향대학교,2581,5.8
2016,숭실대학교,3149,7.5
2016,신경주대학교,658,0.9
2016,신라대학교,2216,3.6
2016,신한대학교 _제2캠퍼스,89,0.0
2016,아신대학교,160,20.6
2016,아주대학교,2453,12.2
2016,안양대학교,1235,4.8
2016,안양대학교 _제2캠퍼스,99,4.0
2016,연세대학교,4414,22.1
2016,연세대학교(미래) _분교,1818,11.2
2016,영남대학교,5385,6.9
2016,영남신학대학교,135,27.4
2016,영산대학교(양산) _제2캠퍼스,3,0.0
2016,영산선학대학교,19,73.7
2016,예수대학교,151,0.0
2016,예원예술대학교,113,6.2
2016,예원예술대학교 _제2캠퍼스,88,3.4
2016,용인대학교,1415,2.8
2016,우석대학교,1696,2.4
2016,우송대학교,2042,1.2
2016,울산과학기술원,509,59.1
2016,울산대학교,3144,4.4
2016,원광대학교,3606,4.3
2016,위덕대학교,705,2.0
2016,유원대학교,731,1.1
2016,을지대학교,226,2.7
2016,을지대학교 _제2캠퍼스,1188,2.0
2016,이화여자대학교,3504,17.9
2016,인제대학교,2150,6.3
2016,인천가톨릭대학교,21,81.0
2016,인천가톨릭대학교 _제2캠퍼스,160,9.4
2016,인천대학교,2980,5.5
2016,인하대학교,3830,10.2
2016,장로회신학대학교,160,31.3
2016,전남대학교,3682,8.7
2016,전남대학교 _제2캠퍼스,645,6.4
2016,전북대학교,4373,8.5
2016,전주교육대학교,308,0.0
2016,전주대학교,2402,3.4
2016,제주국제대학교,181,1.1
2016,제주대학교,2103,3.4
2016,조선대학교,4667,5.8
2016,중부대학교,1605,1.9
2016,중앙대학교,3495,8.4
2016,중앙대학교 _제2캠퍼스,1797,9.3
2016,중앙승가대학교,60,21.7
2016,중원대학교,442,8.4
2016,진주교육대학교,347,0.0
2016,차의과학대학교,263,16.3
2016,청운대학교,1432,1.2
2016,청주교육대학교,318,0.0
2016,청주대학교,2685,3.6
2016,초당대학교,561,0.5
2016,총신대학교,482,13.7
2016,추계예술대학교,288,8.3
2016,춘천교육대학교,354,0.0
2016,충남대학교,3976,12.7
2016,충북대학교,3519,10.3
2016,칼빈대학교,109,19.3
2016,평택대학교,995,2.6
2016,포항공과대학교,322,65.2
2016,한경국립대학교,237,5.5
2016,한국공학대학교,333,4.8
2016,한국과학기술원,867,64.9
2016,한국교원대학교,564,0.9
2016,한국기술교육대학교,853,7.5
2016,한국성서대학교,289,8.3
2016,한국예술종합학교,460,11.5
2016,한국외국어대학교,4177,6.4
2016,한국체육대학교,553,2.7
2016,한국침례신학대학교,364,13.5
2016,한국항공대학교,933,9.5
2016,한남대학교,2589,5.7
2016,한동대학교,845,15.9
2016,한라대학교,889,1.9
2016,한림대학교,2039,7.6
2016,한서대학교,1706,2.6
2016,한성대학교,1593,2.9
2016,한세대학교,592,5.6
2016,한신대학교,1140,5.3
2016,한양대학교,3696,14.6
2016,한양대학교(ERICA) _분교,2343,11.2
2016,한일장신대학교,200,10.5
2016,협성대학교,1046,5.4
2016,호남대학교,1555,2.1
2016,호남신학대학교,116,35.3
2016,호서대학교,2983,4.8
2016,호원대학교,1107,1.4
2016,홍익대학교,2834,6.5
2016,홍익대학교 _제2캠퍼스,1618,3.2
2016,화성의과학대학교,172,4.1
2015,가야대학교(김해),604,2.2
2015,가천대학교,4171,4.3
2015,가톨릭관동대학교,1902,2.7
2015,가톨릭꽃동네대학교,115,0.0
2015,가톨릭대학교,1531,9.8
2015,가톨릭대학교 _제2캠퍼스,115,0.0
2015,가톨릭대학교 _제3캠퍼스,66,39.4
2015,감리교신학대학교,234,41.0
2015,강남대학교,1702,2.2
2015,강서대학교,279,1.8
2015,강원대학교,3263,10.6
2015,강원대학교 _제2캠퍼스,1473,2.9
2015,건국대학교,3749,9.3
2015,건국대학교(글로컬) _분교,2124,5.0
2015,건양대학교,1047,4.0
2015,건양대학교 _제2캠퍼스,693,4.2
2015,경기대학교,2473,3.5
2015,경기대학교 _제2캠퍼스,523,1.9
2015,경남과학기술대학교,491,8.1
2015,경남대학교,3078,3.1
2015,경동대학교,655,0.8
2015,경동대학교 _제3캠퍼스,58,0.0
2015,경북대학교,5180,10.8
2015,경상국립대학교,3280,9.2
2015,경성대학교,3024,2.9
2015,경인교육대학교 _제2캠퍼스,695,0.6
2015,경일대학교,1141,3.2
2015,경희대학교,5569,9.9
2015,계명대학교,5309,4.8
2015,고려대학교,4215,22.0
2015,고려대학교(세종) _분교,1357,12.2
2015,고신대학교,798,7.9
2015,공주교육대학교,458,0.4
2015,광신대학교,111,14.4
2015,광운대학교,2428,7.5
2015,광주가톨릭대학교,19,52.6
2015,광주과학기술원,68,79.4
2015,광주교육대학교,413,1.2
2015,광주대학교,1551,4.1
2015,광주여자대학교,977,4.4
2015,국립강릉원주대학교,1362,7.6
2015,국립강릉원주대학교 _제2캠퍼스,453,3.8
2015,국립경국대학교,1547,7.2
2015,국립공주대학교,3220,6.5
2015,국립군산대학교,1596,6.4
2015,국립금오공과대학교,1339,9.1
2015,국립목포대학교,1673,5.0
2015,국립목포해양대학교,605,1.7
2015,국립부경대학교,3731,7.3
2015,국립순천대학교,1579,5.1
2015,국립창원대학교,1870,7.8
2015,국립한국교통대학교,1308,3.7
2015,국립한국해양대학교,1547,7.0
2015,국립한밭대학교,32,0.0
2015,국민대학교,3329,10.2
2015,극동대학교,924,1.3
2015,금강대학교,66,9.1
2015,김천대학교,578,2.4
2015,나사렛대학교,1282,3.5
2015,남부대학교,706,2.5
2015,남서울대학교,6,0.0
2015,단국대학교,2819,8.7
2015,단국대학교 _제2캠퍼스,2771,8.3
2015,대구가톨릭대학교,2630,6.9
2015,대구교육대학교,475,3.8
2015,대구대학교,4480,4.4
2015,대구예술대학교,289,5.9
2015,대구한의대학교,1332,4.6
2015,대신대학교,89,14.6
2015,대전가톨릭대학교,13,76.9
2015,대전대학교,2158,3.9
2015,대전신학대학교,52,17.3
2015,대진대학교,1721,5.3
2015,덕성여자대학교,1634,5.9
2015,동국대학교,2922,9.6
2015,동국대학교(WISE) _분교,1898,5.3
2015,동덕여자대학교,1724,7.5
2015,동명대학교,1809,2.9
2015,동서대학교,2311,2.3
2015,동신대학교,1351,3.3
2015,동아대학교,4946,6.1
2015,동양대학교,868,1.5
2015,동의대학교,4147,2.5
2015,루터대학교,118,12.7
2015,명지대학교,1695,11.6
2015,명지대학교 _제2캠퍼스,1668,3.3
2015,목원대학교,2041,7.1
2015,목포가톨릭대학교,144,0.0
2015,배재대학교,2190,7.3
2015,백석대학교,3022,3.3
2015,부산가톨릭대학교,1008,3.8
2015,부산교육대학교,435,0.5
2015,부산대학교,4505,14.0
2015,부산외국어대학교,1777,2.3
2015,부산장신대학교,71,28.2
2015,삼육대학교,1393,5.1
2015,상명대학교,1377,8.4
2015,상지대학교,1789,2.9
2015,서강대학교,1881,17.6
2015,서경대학교,1377,5.5
2015,전남대학교 _제2캠퍼스,158,0.6
2015,서울과학기술대학교,99,4.0
2015,서울교육대학교,409,1.0
2015,서울기독대학교,126,13.5
2015,서울대학교,3394,35.4
2015,서울시립대학교,1941,10.6
2015,서울신학대학교,497,17.1
2015,서울여자대학교,1853,7.9
2015,서울장신대학교,101,15.8
2015,서울한영대학교,166,13.9
2015,서원대학교,1420,2.4
2015,선문대학교,2016,3.8
2015,성결대학교,1129,6.3
2015,성공회대학교,512,3.3
2015,성균관대학교,4193,18.0
2015,성신여자대학교,2366,8.0
2015,세명대학교,1743,1.7
2015,세종대학교,2412,10.1
2015,세한대학교,731,4.1
2015,수원가톨릭대학교,36,66.7
2015,수원대학교,2642,4.7
2015,숙명여자대학교,2400,10.4
2015,순복음총회신학교,33,36.4
2015,순천향대학교,2694,6.9
2015,숭실대학교,2970,7.2
2015,신경주대학교,756,1.9
2015,신라대학교,2271,3.6
2015,신한대학교 _제2캠퍼스,29,0.0
2015,아신대학교,155,30.3
2015,아주대학교,2267,13.9
2015,안양대학교,1089,4.4
2015,안양대학교 _제2캠퍼스,125,1.6
2015,연세대학교,4298,20.6
2015,연세대학교(미래) _분교,1768,12.9
2015,영남대학교,5589,7.1
2015,영남신학대학교,115,34.8
2015,영산대학교(양산) _제2캠퍼스,17,0.0
2015,영산선학대학교,12,83.3
2015,예수대학교,158,0.0
2015,예원예술대학교,127,6.3
2015,예원예술대학교 _제2캠퍼스,93,4.3
2015,용인대학교,1497,3.1
2015,우석대학교,1833,2.8
2015,우송대학교,1864,1.8
2015,울산과학기술원,320,65.6
2015,울산대학교,3124,5.3
2015,원광대학교,3607,3.8
2015,위덕대학교,644,3.0
2015,유원대학교,653,2.1
2015,을지대학교,207,1.4
2015,을지대학교 _제2캠퍼스,1164,2.7
2015,이화여자대학교,3322,22.3
2015,인제대학교,2207,7.3
2015,인천가톨릭대학교,21,81.0
2015,인천가톨릭대학교 _제2캠퍼스,159,6.9
2015,인천대학교,2755,5.6
2015,인하대학교,3932,11.0
2015,장로회신학대학교,177,37.3
2015,전남대학교,3787,9.7
2015,전남대학교 _제2캠퍼스,660,7.1
2015,전북대학교,4134,10.1
2015,전주교육대학교,346,0.0
2015,전주대학교,2260,4.5
2015,제주대학교,2201,4.9
2015,조선대학교,4885,7.2
2015,중부대학교,1595,2.7
2015,중앙대학교,3070,10.1
2015,중앙대학교 _제2캠퍼스,1948,10.4
2015,중앙승가대학교,74,32.4
2015,중원대학교,238,14.7
2015,진주교육대학교,403,0.2
2015,차의과학대학교,226,19.0
2015,청운대학교,1480,1.5
2015,청주교육대학교,343,0.0
2015,청주대학교,3006,3.2
2015,초당대학교,106,0.0
2015,총신대학교,441,14.7
2015,추계예술대학교,299,6.4
2015,춘천교육대학교,392,0.3
2015,충남대학교,3904,14.3
2015,충북대학교,3320,11.8
2015,칼빈대학교,108,15.7
2015,평택대학교,897,2.0
2015,포항공과대학교,266,68.8
2015,한국공학대학교,1,100.0
2015,한국과학기술원,915,58.1
2015,한국교원대학교,598,1.3
2015,한국기술교육대학교,764,8.8
2015,한국성서대학교,300,10.3
2015,한국예술종합학교,431,12.1
2015,한국외국어대학교,3849,7.2
2015,한국체육대학교,555,5.8
2015,한국침례신학대학교,317,17.4
2015,한국항공대학교,936,10.7
2015,한남대학교,2884,6.8
2015,한동대학교,846,16.4
2015,한라대학교,760,3.0
2015,한림대학교,1941,8.6
2015,한서대학교,1811,4.0
2015,한성대학교,1616,2.0
2015,한세대학교,592,6.9
2015,한신대학교,1128,6.4
2015,한양대학교,3556,19.3
2015,한양대학교(ERICA) _분교,2115,14.8
2015,한일장신대학교,210,0.0
2015,협성대학교,1097,5.5
2015,호남대학교,1473,2.4
2015,호남신학대학교,137,26.3
2015,호서대학교,2848,5.7
2015,호원대학교,1038,1.7
2015,홍익대학교,2641,9.4
2015,화성의과학대학교,144,6.3
2014,가야대학교(김해),610,2.0
2014,가천대학교,3461,5.0
2014,가톨릭관동대학교,1762,6.0
2014,가톨릭꽃동네대학교,121,1.7
2014,가톨릭대학교,1583,8.5
2014,가톨릭대학교 _제2캠퍼스,166,0.0
2014,가톨릭대학교 _제3캠퍼스,62,50.0
2014,감리교신학대학교,189,39.2
2014,강남대학교,1654,2.1
2014,강서대학교,285,2.1
2014,강원대학교,2933,10.7
2014,강원대학교 _제2캠퍼스,1267,3.6
2014,건국대학교,3644,9.3
2014,건국대학교(글로컬) _분교,1681,6.9
2014,건양대학교,1239,3.6
2014,건양대학교 _제2캠퍼스,480,5.4
2014,경기대학교,2362,4.8
2014,경기대학교 _제2캠퍼스,540,1.7
2014,경남과학기술대학교,3,33.3
2014,경남대학교,2769,2.6
2014,경동대학교,592,3.0
2014,경북대학교,4995,10.5
2014,경상국립대학교,2987,9.1
2014,경성대학교,2611,4.0
2014,경인교육대학교 _제2캠퍼스,387,0.5
2014,경일대학교,1072,2.5
2014,경희대학교,5433,10.8
2014,계명대학교,5032,5.3
2014,고려대학교,4071,23.9
2014,고려대학교(세종) _분교,1250,14.5
2014,고신대학교,791,7.7
2014,공주교육대학교,452,0.0
2014,광신대학교,108,17.6
2014,광운대학교,1845,9.7
2014,광주가톨릭대학교,15,53.3
2014,광주과학기술원,54,94.4
2014,광주교육대학교,433,3.5
2014,광주대학교,1214,4.3
2014,광주여자대학교,970,1.5
2014,국립강릉원주대학교,1333,6.5
2014,국립강릉원주대학교 _제2캠퍼스,453,2.2
2014,국립경국대학교,1431,8.7
2014,국립공주대학교,3290,6.8
2014,국립군산대학교,1652,7.0
2014,국립금오공과대학교,1347,11.1
2014,국립목포대학교,1598,5.4
2014,국립목포해양대학교,590,1.9
2014,국립부경대학교,3834,8.2
2014,국립순천대학교,1462,6.2
2014,국립창원대학교,1662,7.2
2014,국립한국교통대학교,978,7.4
2014,국립한국해양대학교,1400,7.4
2014,국립한밭대학교,72,0.0
2014,국민대학교,3186,9.6
2014,극동대학교,982,1.6
2014,금강대학교,48,6.3
2014,김천대학교,492,1.6
2014,나사렛대학교,1201,2.2
2014,남부대학교,741,4.2
2014,단국대학교,2412,11.1
2014,대구가톨릭대학교,2462,7.0
2014,대구교육대학교,518,2.3
2014,대구대학교,4038,4.7
2014,대구예술대학교,210,5.2
2014,대구한의대학교,1214,4.9
2014,대신대학교,103,8.7
2014,대전가톨릭대학교,26,3.8
2014,대전대학교,2005,4.2
2014,대전신학대학교,31,35.5
2014,대진대학교,1672,4.2
2014,덕성여자대학교,1421,6.4
2014,동국대학교,2852,10.0
2014,동국대학교(WISE) _분교,1822,5.8
2014,동덕여자대학교,1697,5.0
2014,동명대학교,1552,3.4
2014,동서대학교,2174,2.9
2014,동신대학교,1451,2.7
2014,동아대학교,4611,5.8
2014,동양대학교,780,1.8
2014,동의대학교,3467,3.1
2014,루터대학교,116,10.3
2014,명지대학교,1484,12.1
2014,명지대학교 _제2캠퍼스,1575,4.3
2014,목원대학교,1848,7.3
2014,목포가톨릭대학교,139,0.0
2014,배재대학교,1972,6.2
2014,백석대학교,2999,3.0
2014,부산가톨릭대학교,929,2.2
2014,부산교육대학교,478,0.2
2014,부산대학교,4117,14.6
2014,부산외국어대학교,1624,2.6
2014,부산장신대학교,53,30.2
2014,삼육대학교,1225,4.7
2014,상명대학교,1445,8.2
2014,상지대학교,1715,3.7
2014,서강대학교,1777,19.0
2014,서경대학교,1259,7.1
2014,전남대학교 _제2캠퍼스,182,1.6
2014,서울과학기술대학교,124,0.8
2014,서울교육대학교,443,0.5
2014,서울기독대학교,177,11.3
2014,서울대학교,3524,34.7
2014,서울시립대학교,1708,12.1
2014,서울신학대학교,554,14.1
2014,서울여자대학교,1804,9.0
2014,서울장신대학교,133,14.3
2014,서울한영대학교,162,8.6
2014,서원대학교,1267,4.1
2014,선문대학교,1778,3.8
2014,성결대학교,1117,4.8
2014,성공회대학교,480,4.2
2014,성균관대학교,4053,17.3
2014,성신여자대학교,2359,7.4
2014,세명대학교,1751,3.2
2014,세종대학교,2384,10.9
2014,세한대학교,812,4.9
2014,수원가톨릭대학교,47,46.8
2014,수원대학교,2265,5.0
2014,숙명여자대학교,2047,11.0
2014,순복음총회신학교,77,40.3
2014,순천향대학교,2523,5.6
2014,숭실대학교,2980,8.0
2014,신경주대학교,722,1.4
2014,신라대학교,2115,4.6
2014,아신대학교,156,16.0
2014,아주대학교,2184,15.3
2014,안양대학교,942,7.2
2014,안양대학교 _제2캠퍼스,85,7.1
2014,연세대학교,4178,23.0
2014,연세대학교(미래) _분교,1582,13.1
2014,영남대학교,5131,6.9
2014,영남신학대학교,126,39.7
2014,영산대학교(양산) _제2캠퍼스,40,0.0
2014,영산선학대학교,6,66.7
2014,예수대학교,148,0.7
2014,예원예술대학교,221,2.3
2014,용인대학교,1331,2.8
2014,우석대학교,1308,4.9
2014,우송대학교,1711,2.0
2014,울산과학기술원,286,78.7
2014,울산대학교,3115,5.3
2014,원광대학교,3453,4.8
2014,위덕대학교,614,4.2
2014,유원대학교,564,2.3
2014,을지대학교,245,1.2
2014,을지대학교 _제2캠퍼스,1147,1.9
2014,이화여자대학교,3175,22.5
2014,인제대학교,1999,7.7
2014,인천가톨릭대학교,27,88.9
2014,인천가톨릭대학교 _제2캠퍼스,123,4.1
2014,인천대학교,3357,4.7
2014,인하대학교,3705,12.8
2014,장로회신학대학교,152,40.1
2014,전남대학교,3521,11.0
2014,전남대학교 _제2캠퍼스,635,4.6
2014,전북대학교,3821,11.5
2014,전주교육대학교,384,0.8
2014,전주대학교,2041,4.3
2014,제주대학교,2062,5.4
2014,조선대학교,4031,8.4
2014,중부대학교,1574,2.9
2014,중앙대학교,2751,10.9
2014,중앙대학교 _제2캠퍼스,1949,8.0
2014,중앙승가대학교,67,32.8
2014,중원대학교,111,16.2
2014,진주교육대학교,409,0.2
2014,차의과학대학교,139,7.9
2014,청운대학교,1093,0.7
2014,청주교육대학교,389,1.3
2014,청주대학교,3081,3.8
2014,초당대학교,123,0.0
2014,총신대학교,432,13.9
2014,추계예술대학교,271,7.7
2014,춘천교육대학교,426,0.7
2014,충남대학교,3667,14.0
2014,충북대학교,3081,11.3
2014,칼빈대학교,103,12.6
2014,평택대학교,849,2.2
2014,포항공과대학교,294,75.5
2014,한국과학기술원,900,62.0
2014,한국교원대학교,537,1.7
2014,한국기술교육대학교,761,8.8
2014,한국성서대학교,241,13.3
2014,한국예술종합학교,419,14.1
2014,한국외국어대학교,1714,8.5
2014,한국체육대학교,571,6.0
2014,한국침례신학대학교,353,17.8
2014,한국항공대학교,926,12.3
2014,한남대학교,2372,7.1
2014,한동대학교,792,15.5
2014,한라대학교,762,2.4
2014,한림대학교,1881,7.8
2014,한서대학교,1630,3.3
2014,한성대학교,1636,1.9
2014,한세대학교,537,4.3
2014,한신대학교,1042,7.3
2014,한양대학교,3772,15.1
2014,한양대학교(ERICA) _분교,2216,10.2
2014,한일장신대학교,274,14.2
2014,협성대학교,993,6.0
2014,호남대학교,1546,2.9
2014,호남신학대학교,113,38.9
2014,호서대학교,2666,5.0
2014,호원대학교,1109,1.6
2014,홍익대학교,2289,8.4
2014,화성의과학대학교,141,3.5
2013,가천대학교,3249,5.6
2013,가톨릭관동대학교,1455,6.3
2013,가톨릭꽃동네대학교,124,4.0
2013,가톨릭대학교,1439,10.1
2013,가톨릭대학교 _제2캠퍼스,120,0.0
2013,가톨릭대학교 _제3캠퍼스,39,51.3
2013,감리교신학대학교,220,40.5
2013,강남대학교,1697,3.2
2013,강서대학교,432,5.3
2013,강원대학교,2966,12.3
2013,강원대학교 _제2캠퍼스,1149,3.9
2013,건국대학교,3367,9.8
2013,건국대학교(글로컬) _분교,1658,7.7
2013,건양대학교,1316,3.8
2013,건양대학교 _제2캠퍼스,458,3.1
2013,경기대학교,2407,5.6
2013,경기대학교 _제2캠퍼스,479,2.5
2013,경남대학교,2863,3.4
2013,경동대학교,567,1.1
2013,경북대학교,5814,10.5
2013,경상국립대학교,3111,8.6
2013,경성대학교,2926,2.8
2013,경인교육대학교 _제2캠퍼스,401,1.0
2013,경일대학교,814,3.4
2013,경희대학교,5506,10.6
2013,계명대학교,5050,4.8
2013,고려대학교,4043,23.5
2013,고려대학교(세종) _분교,1333,11.3
2013,고신대학교,796,10.4
2013,공주교육대학교,503,0.8
2013,광신대학교,166,27.1
2013,광운대학교,1664,8.8
2013,광주가톨릭대학교,23,34.8
2013,광주교육대학교,440,1.8
2013,광주대학교,1159,4.4
2013,광주여자대학교,988,3.4
2013,국립강릉원주대학교,1245,8.4
2013,국립강릉원주대학교 _제2캠퍼스,413,2.7
2013,국립경국대학교,1335,7.2
2013,국립공주대학교,3253,7.3
2013,국립군산대학교,1565,6.4
2013,국립금오공과대학교,1238,8.4
2013,국립목포대학교,1564,5.2
2013,국립목포해양대학교,520,1.9
2013,국립부경대학교,3566,9.3
2013,국립순천대학교,1407,6.5
2013,국립창원대학교,1739,8.2
2013,국립한국해양대학교,1445,8.1
2013,국민대학교,3099,10.9
2013,극동대학교,829,1.9
2013,금강대학교,67,4.5
2013,나사렛대학교,1207,3.2
2013,남부대학교,699,8.7
2013,단국대학교,2348,10.1
2013,대구가톨릭대학교,2503,6.4
2013,대구교육대학교,531,0.9
2013,대구대학교,4018,3.8
2013,대구예술대학교,212,4.7
2013,대구한의대학교,1325,3.9
2013,대신대학교,124,24.2
2013,대전가톨릭대학교,42,33.3
2013,대전대학교,1980,3.1
2013,대전신학대학교,22,13.6
2013,대진대학교,1777,4.2
2013,덕성여자대학교,1205,7.3
2013,동국대학교,2925,9.1
2013,동국대학교(WISE) _분교,1851,6.1
2013,동덕여자대학교,1538,7.8
2013,동명대학교,1080,3.2
2013,동서대학교,2184,2.4
2013,동신대학교,1342,1.9
2013,동아대학교,4185,6.7
2013,동양대학교,696,1.9
2013,동의대학교,3339,3.3
2013,루터대학교,101,6.9
2013,명지대학교,1549,12.7
2013,명지대학교 _제2캠퍼스,1481,5.6
2013,목원대학교,1731,10.1
2013,목포가톨릭대학교,145,0.0
2013,배재대학교,1814,8.0
2013,백석대학교,2968,3.1
2013,부산가톨릭대학교,1006,2.7
2013,부산교육대학교,512,1.2
2013,부산대학교,4339,14.0
2013,부산외국어대학교,1619,3.0
2013,부산장신대학교,72,25.0
2013,삼육대학교,1134,4.3
2013,상명대학교,1407,7.1
2013,상지대학교,1783,3.1
2013,서강대학교,1781,17.6
2013,서경대학교,1405,5.8
2013,전남대학교 _제2캠퍼스,120,0.8
2013,서울교육대학교,528,0.4
2013,서울기독대학교,146,5.5
2013,서울대학교,3465,33.2
2013,서울시립대학교,1682,10.8
2013,서울신학대학교,518,14.9
2013,서울여자대학교,1688,7.3
2013,서울장신대학교,127,15.0
2013,서울한영대학교,167,13.2
2013,서원대학교,1449,4.6
2013,선문대학교,1806,3.7
2013,성결대학교,1168,5.4
2013,성공회대학교,511,2.5
2013,성균관대학교,4095,17.0
2013,성신여자대학교,2340,6.7
2013,세명대학교,1625,2.9
2013,세종대학교,2398,10.0
2013,세한대학교,708,3.8
2013,수원가톨릭대학교,45,71.1
2013,수원대학교,2296,6.9
2013,숙명여자대학교,2058,10.5
2013,순천향대학교,2519,5.4
2013,숭실대학교,2578,8.2
2013,신경주대학교,733,1.8
2013,신라대학교,2075,2.7
2013,아신대학교,163,25.8
2013,아주대학교,2168,13.9
2013,안양대학교,1005,4.8
2013,안양대학교 _제2캠퍼스,93,5.4
2013,연세대학교,4088,23.0
2013,연세대학교(미래) _분교,1720,12.6
2013,영남대학교,5113,7.1
2013,영남신학대학교,109,39.4
2013,영산대학교(양산) _제2캠퍼스,111,0.9
2013,영산선학대학교,15,60.0
2013,예수대학교,155,0.6
2013,예원예술대학교,198,4.5
2013,용인대학교,1273,3.1
2013,우석대학교,1693,4.2
2013,우송대학교,1424,1.8
2013,울산과학기술원,175,88.0
2013,울산대학교,2909,6.8
2013,원광대학교,3451,6.4
2013,위덕대학교,536,8.2
2013,유원대학교,559,2.5
2013,을지대학교,204,1.5
2013,을지대학교 _제2캠퍼스,1240,1.8
2013,이화여자대학교,3151,19.6
2013,인제대학교,2013,8.9
2013,인천가톨릭대학교,26,80.8
2013,인천가톨릭대학교 _제2캠퍼스,93,2.2
2013,인천대학교,1586,8.5
2013,인하대학교,3941,11.8
2013,장로회신학대학교,162,30.2
2013,전남대학교,3695,10.5
2013,전남대학교 _제2캠퍼스,667,6.3
2013,전북대학교,4021,12.8
2013,전주교육대학교,415,2.2
2013,전주대학교,2231,3.8
2013,제주대학교,1943,5.1
2013,조선대학교,4208,6.6
2013,중부대학교,1466,2.0
2013,중앙대학교,2949,10.9
2013,중앙대학교 _제2캠퍼스,2074,9.0
2013,중앙승가대학교,56,41.1
2013,중원대학교,90,17.8
2013,진주교육대학교,466,0.4
2013,차의과학대학교,116,6.9
2013,청운대학교,1280,2.6
2013,청주교육대학교,420,1.4
2013,청주대학교,3071,3.7
2013,총신대학교,385,20.3
2013,추계예술대학교,305,7.5
2013,춘천교육대학교,433,1.4
2013,충남대학교,3757,14.3
2013,충북대학교,3079,11.5
2013,칼빈대학교,88,23.9
2013,평택대학교,821,2.3
2013,포항공과대학교,287,66.9
2013,한국과학기술원,838,65.6
2013,한국교원대학교,548,2.4
2013,한국기술교육대학교,669,9.7
2013,한국성서대학교,244,8.6
2013,한국예술종합학교,434,12.7
2013,한국외국어대학교,1686,7.4
2013,한국체육대학교,547,5.9
2013,한국침례신학대학교,300,16.3
2013,한국항공대학교,1016,8.2
2013,한남대학교,2358,6.9
2013,한동대학교,752,14.5
2013,한라대학교,632,2.1
2013,한림대학교,1695,7.0
2013,한서대학교,1719,3.7
2013,한성대학교,1617,2.0
2013,한세대학교,559,7.3
2013,한신대학교,1058,6.3
2013,한양대학교,3691,15.8
2013,한양대학교(ERICA) _분교,2211,12.8
2013,한일장신대학교,300,12.3
2013,협성대학교,874,6.5
2013,호남대학교,1421,2.8
2013,호남신학대학교,142,33.1
2013,호서대학교,2853,5.1
2013,호원대학교,1215,2.5
2013,홍익대학교,2404,8.7
2013,화성의과학대학교,76,3.9
2012,가천대학교,2851,4.9
2012,가톨릭관동대학교,1469,8.6
2012,가톨릭꽃동네대학교,102,3.9
2012,가톨릭대학교,1436,9.0
2012,가톨릭대학교 _제2캠퍼스,173,0.0
2012,가톨릭대학교 _제3캠퍼스,57,50.9
2012,감리교신학대학교,201,44.3
2012,강남대학교,1801,2.6
2012,강서대학교,314,7.0
2012,강원대학교,3411,10.3
2012,강원대학교 _제2캠퍼스,1055,4.0
2012,건국대학교,3102,9.6
2012,건국대학교(글로컬) _분교,1660,7.8
2012,건양대학교,1486,3.1
2012,건양대학교 _제2캠퍼스,380,4.7
2012,경기대학교,2622,4.8
2012,경기대학교 _제2캠퍼스,417,5.3
2012,경남대학교,2840,4.0
2012,경동대학교,604,1.5
2012,경북대학교,4291,12.0
2012,경기대학교 _제2캠퍼스,994,4.0
2012,경상국립대학교,3257,9.0
2012,경성대학교,2957,3.2
2012,경인교육대학교 _제2캠퍼스,405,0.7
2012,경일대학교,919,2.7
2012,경희대학교,5357,11.1
2012,계명대학교,5083,5.1
2012,고려대학교,4322,22.2
2012,고려대학교(세종) _분교,1423,11.9
2012,고신대학교,745,9.0
2012,공주교육대학교,502,2.2
2012,광신대학교,149,22.8
2012,광운대학교,1672,10.8
2012,광주가톨릭대학교,23,34.8
2012,광주교육대학교,457,2.6
2012,광주대학교,1116,3.5
2012,광주여자대학교,956,2.8
2012,국립강릉원주대학교,1313,7.4
2012,국립강릉원주대학교 _제2캠퍼스,355,2.0
2012,국립경국대학교,1457,7.3
2012,국립공주대학교,3209,7.9
2012,국립군산대학교,1599,7.8
2012,국립금오공과대학교,1385,9.0
2012,국립목포대학교,1486,4.6
2012,국립목포해양대학교,467,0.9
2012,국립부경대학교,3674,8.2
2012,국립순천대학교,1490,5.5
2012,국립창원대학교,1770,8.1
2012,국립한국해양대학교,1479,6.8
2012,국민대학교,3161,9.8
2012,극동대학교,798,1.9
2012,금강대학교,67,6.0
2012,나사렛대학교,1165,4.8
2012,남부대학교,462,7.8
2012,단국대학교,2375,8.0
2012,대구가톨릭대학교,2709,6.8
2012,대구교육대학교,523,2.3
2012,대구대학교,4143,4.4
2012,대구예술대학교,205,4.9
2012,대구한의대학교,1455,4.7
2012,대신대학교,142,17.6
2012,대전가톨릭대학교,22,95.5
2012,대전대학교,1892,3.4
2012,대진대학교,1749,5.0
2012,덕성여자대학교,1188,6.1
2012,동국대학교,2827,9.6
2012,동국대학교(WISE) _분교,1884,6.1
2012,동덕여자대학교,1597,5.3
2012,동명대학교,796,1.6
2012,동서대학교,2288,2.8
2012,동신대학교,1330,2.0
2012,동아대학교,4487,6.2
2012,동양대학교,672,1.5
2012,동의대학교,3663,3.2
2012,루터대학교,97,11.3
2012,명지대학교,1646,12.1
2012,명지대학교 _제2캠퍼스,1518,6.5
2012,목원대학교,1852,7.9
2012,목포가톨릭대학교,149,0.0
2012,배재대학교,1992,3.7
2012,백석대학교,2681,2.9
2012,부산가톨릭대학교,1066,3.4
2012,부산교육대학교,544,0.7
2012,부산대학교,4566,14.3
2012,부산외국어대학교,1851,2.1
2012,부산장신대학교,49,16.3
2012,삼육대학교,1109,6.0
2012,상명대학교,1478,5.0
2012,상지대학교,1667,3.8
2012,서강대학교,1793,16.7
2012,서경대학교,1374,5.5
2012,전남대학교 _제2캠퍼스,75,1.3
2012,서울교육대학교,498,3.2
2012,서울기독대학교,120,11.7
2012,서울대학교,3466,28.9
2012,서울시립대학교,1846,10.1
2012,서울신학대학교,514,16.0
2012,서울여자대학교,1708,6.8
2012,서울장신대학교,131,13.0
2012,서울한영대학교,152,7.9
2012,서원대학교,1368,2.2
2012,선문대학교,1712,3.5
2012,성결대학교,1225,5.7
2012,성공회대학교,496,2.8
2012,성균관대학교,4283,14.1
2012,성신여자대학교,2250,8.8
2012,세명대학교,1693,3.0
2012,세종대학교,2572,9.7
2012,세한대학교,987,3.3
2012,수원가톨릭대학교,36,69.4
2012,수원대학교,2530,5.3
2012,숙명여자대학교,2230,10.9
2012,순천향대학교,2620,4.8
2012,숭실대학교,2551,7.8
2012,신경주대학교,781,2.9
2012,신라대학교,2085,3.5
2012,아신대학교,199,25.6
2012,아주대학교,2065,14.0
2012,안양대학교,1010,5.1
2012,안양대학교 _제2캠퍼스,118,1.7
2012,연세대학교,4245,21.4
2012,연세대학교(미래) _분교,1757,12.3
2012,영남대학교,5371,7.1
2012,영남신학대학교,139,28.8
2012,영산대학교(양산) _제2캠퍼스,191,0.5
2012,영산선학대학교,12,83.3
2012,예수대학교,124,0.8
2012,예원예술대학교,211,4.3
2012,용인대학교,1403,4.0
2012,우석대학교,1742,3.2
2012,우송대학교,32,9.4
2012,울산과학기술원,1,100.0
2012,울산대학교,2823,6.9
2012,원광대학교,3439,6.6
2012,위덕대학교,565,6.4
2012,유원대학교,514,3.7
2012,을지대학교,244,2.5
2012,을지대학교 _제2캠퍼스,1195,2.3
2012,이화여자대학교,3285,22.7
2012,인제대학교,1990,8.0
2012,인천가톨릭대학교,21,85.7
2012,인천가톨릭대학교 _제2캠퍼스,66,16.7
2012,인천대학교,1475,7.1
2012,인하대학교,3981,11.5
2012,장로회신학대학교,176,32.4
2012,전남대학교,3889,9.4
2012,전남대학교 _제2캠퍼스,689,5.1
2012,전북대학교,3900,10.9
2012,전주교육대학교,392,2.3
2012,전주대학교,1777,5.2
2012,제주대학교,2018,4.0
2012,조선대학교,4803,5.8
2012,중부대학교,1464,3.1
2012,중앙대학교,3011,9.7
2012,중앙대학교 _제2캠퍼스,2158,8.3
2012,중앙승가대학교,68,26.5
2012,진주교육대학교,470,0.4
2012,차의과학대학교,136,4.4
2012,청운대학교,1319,3.6
2012,청주교육대학교,416,1.2
2012,청주대학교,3009,3.8
2012,총신대학교,435,18.6
2012,추계예술대학교,299,8.0
2012,춘천교육대학교,456,1.5
2012,충남대학교,3999,12.8
2012,충북대학교,3478,11.8
2012,칼빈대학교,104,16.3
2012,평택대학교,824,1.5
2012,포항공과대학교,303,63.7
2012,한국과학기술원,828,62.8
2012,한국교원대학교,585,2.2
2012,한국기술교육대학교,709,10.0
2012,한국성서대학교,197,18.3
2012,한국예술종합학교,465,12.7
2012,한국외국어대학교,1665,7.4
2012,한국체육대학교,558,7.2
2012,한국침례신학대학교,386,14.5
2012,한국항공대학교,953,10.8
2012,한남대학교,2519,6.7
2012,한동대학교,778,15.6
2012,한라대학교,586,2.2
2012,한림대학교,1872,6.4
2012,한서대학교,1688,2.7
2012,한성대학교,1440,3.1
2012,한세대학교,517,3.9
2012,한신대학교,1160,6.1
2012,한양대학교,3757,14.5
2012,한양대학교(ERICA) _분교,2193,12.9
2012,한일장신대학교,325,12.9
2012,협성대학교,902,8.0
2012,호남대학교,1527,2.9
2012,호남신학대학교,142,41.5
2012,호서대학교,2706,5.3
2012,호원대학교,1053,1.5
2012,홍익대학교,2328,8.5
2012,화성의과학대학교,37,0.0
2011,가천대학교,2441,5.8
2011,가톨릭관동대학교,1591,3.2
2011,가톨릭꽃동네대학교,113,0.0
2011,가톨릭대학교,1498,7.9
2011,가톨릭대학교 _제2캠퍼스,190,0.5
2011,가톨릭대학교 _제3캠퍼스,62,48.4
2011,감리교신학대학교,194,39.7
2011,강남대학교,1609,2.2
2011,강서대학교,259,4.6
2011,강원대학교,3187,11.3
2011,강원대학교 _제2캠퍼스,1043,2.8
2011,건국대학교,3007,10.6
2011,건국대학교(글로컬) _분교,1624,5.7
2011,건양대학교,1531,3.9
2011,건양대학교 _제2캠퍼스,370,2.2
2011,경기대학교,2570,4.5
2011,경기대학교 _제2캠퍼스,459,2.8
2011,경남대학교,2991,3.3
2011,경동대학교,499,1.6
2011,경북대학교,4360,12.1
2011,경기대학교 _제2캠퍼스,798,2.9
2011,경상국립대학교,3147,7.8
2011,경성대학교,2859,4.7
2011,경인교육대학교 _제2캠퍼스,438,0.2
2011,경일대학교,859,3.0
2011,경희대학교,2749,8.0
2011,계명대학교,4897,5.7
2011,고려대학교,4275,21.7
2011,고려대학교(세종) _분교,1492,11.0
2011,고신대학교,758,8.2
2011,공주교육대학교,503,2.4
2011,광신대학교,114,28.1
2011,광운대학교,1751,10.1
2011,광주가톨릭대학교,34,35.3
2011,광주교육대학교,475,2.9
2011,광주대학교,1038,3.4
2011,광주여자대학교,890,2.8
2011,국립강릉원주대학교,1358,5.5
2011,국립강릉원주대학교 _제2캠퍼스,416,2.4
2011,국립경국대학교,1489,7.1
2011,국립공주대학교,3143,7.1
2011,국립군산대학교,1557,6.9
2011,국립금오공과대학교,1480,9.5
2011,국립목포대학교,1482,4.9
2011,국립목포해양대학교,596,2.5
2011,국립부경대학교,3696,7.8
2011,국립순천대학교,1600,4.6
2011,국립창원대학교,1707,8.4
2011,국립한국해양대학교,1503,7.0
2011,국민대학교,3086,9.5
2011,극동대학교,715,2.5
2011,금강대학교,53,13.2
2011,나사렛대학교,1028,2.4
2011,남부대학교,483,5.4
2011,단국대학교,2379,6.6
2011,대구가톨릭대학교,2502,6.2
2011,대구교육대학교,560,0.9
2011,대구대학교,4045,4.1
2011,대구예술대학교,198,10.1
2011,대구한의대학교,1390,3.5
2011,대신대학교,135,12.6
2011,대전가톨릭대학교,29,79.3
2011,대전대학교,1894,3.1
2011,대진대학교,1589,5.9
2011,덕성여자대학교,1166,5.5
2011,동국대학교,2944,9.4
2011,동국대학교(WISE) _분교,1884,4.5
2011,동덕여자대학교,1582,5.7
2011,동명대학교,667,2.7
2011,동서대학교,2169,2.6
2011,동신대학교,1414,2.8
2011,동아대학교,4397,6.6
2011,동양대학교,678,2.4
2011,동의대학교,3533,3.8
2011,루터대학교,95,8.4
2011,명지대학교,1516,10.5
2011,명지대학교 _제2캠퍼스,1404,5.0
2011,목원대학교,1831,7.5
2011,목포가톨릭대학교,153,0.0
2011,배재대학교,1915,3.7
2011,백석대학교,2627,3.7
2011,부산가톨릭대학교,926,3.5
2011,부산교육대학교,570,0.2
2011,부산대학교,4491,12.8
2011,부산외국어대학교,1835,2.8
2011,부산장신대학교,72,18.1
2011,삼육대학교,1044,5.8
2011,상명대학교,1393,6.2
2011,상지대학교,1643,3.5
2011,서강대학교,1737,17.5
2011,서경대학교,1349,6.1
2011,전남대학교 _제2캠퍼스,123,4.1
2011,서울교육대학교,551,2.2
2011,서울기독대학교,145,11.0
2011,서울대학교,3745,31.1
2011,서울시립대학교,1622,9.6
2011,서울신학대학교,523,17.4
2011,서울여자대학교,1738,8.9
2011,서울장신대학교,103,10.7
2011,서울한영대학교,173,8.1
2011,서원대학교,1367,2.6
2011,선문대학교,1605,4.1
2011,성결대학교,1106,5.7
2011,성공회대학교,492,3.3
2011,성균관대학교,4261,14.2
2011,성신여자대학교,2238,8.5
2011,세명대학교,1640,2.8
2011,세종대학교,2431,10.7
2011,세한대학교,956,1.2
2011,수원가톨릭대학교,41,63.4
2011,수원대학교,2591,6.3
2011,숙명여자대학교,2062,10.4
2011,순천향대학교,2484,6.2
2011,숭실대학교,2546,9.2
2011,신경주대학교,918,1.9
2011,신라대학교,1957,3.5
2011,아신대학교,250,27.2
2011,아주대학교,2005,13.7
2011,안양대학교,1080,4.9
2011,안양대학교 _제2캠퍼스,83,3.6
2011,연세대학교,4212,21.4
2011,연세대학교(미래) _분교,1705,11.8
2011,영남대학교,5245,6.8
2011,영남신학대학교,128,28.1
2011,영산대학교(양산) _제2캠퍼스,312,0.6
2011,영산선학대학교,9,77.8
2011,예수대학교,133,0.8
2011,예원예술대학교,297,2.4
2011,용인대학교,1372,4.7
2011,우석대학교,1722,2.8
2011,우송대학교,22,0.0
2011,울산대학교,2930,7.2
2011,원광대학교,3713,4.6
2011,위덕대학교,501,6.2
2011,유원대학교,558,2.3
2011,을지대학교,214,0.9
2011,을지대학교 _제2캠퍼스,1011,1.6
2011,이화여자대학교,3324,20.7
2011,인제대학교,2017,7.9
2011,인천가톨릭대학교,27,63.0
2011,인천가톨릭대학교 _제2캠퍼스,48,29.2
2011,인천대학교,1460,7.3
2011,인하대학교,3932,11.7
2011,장로회신학대학교,147,40.1
2011,전남대학교,3675,10.6
2011,전남대학교 _제2캠퍼스,701,7.1
2011,전북대학교,3904,9.1
2011,전주교육대학교,416,1.0
2011,전주대학교,2194,3.7
2011,제주대학교,2000,6.0
2011,조선대학교,4770,5.2
2011,중부대학교,1446,2.7
2011,중앙대학교,2996,10.4
2011,중앙승가대학교,89,30.3
2011,진주교육대학교,486,1.0
2011,차의과학대학교,124,7.3
2011,청운대학교,1085,1.8
2011,청주교육대학교,421,0.7
2011,청주대학교,3041,4.0
2011,총신대학교,357,19.0
2011,추계예술대학교,301,11.0
2011,춘천교육대학교,539,3.0
2011,충남대학교,4138,13.2
2011,충북대학교,3350,11.3
2011,칼빈대학교,93,32.3
2011,평택대학교,809,3.0
2011,포항공과대학교,308,65.6
2011,한국과학기술원,771,65.1
2011,한국교원대학교,532,1.5
2011,한국기술교육대학교,773,10.0
2011,한국성서대학교,206,10.7
2011,한국예술종합학교,415,2.4
2011,한국외국어대학교,1628,8.5
2011,한국체육대학교,534,7.7
2011,한국침례신학대학교,365,14.2
2011,한국항공대학교,1034,9.3
2011,한남대학교,2300,6.8
2011,한동대학교,772,16.7
2011,한라대학교,559,2.3
2011,한림대학교,1572,7.1
2011,한서대학교,1573,2.2
2011,한성대학교,1454,2.8
2011,한세대학교,536,8.6
2011,한신대학교,1099,8.7
2011,한양대학교,3712,15.7
2011,한양대학교(ERICA) _분교,2119,12.7
2011,한일장신대학교,338,6.5
2011,협성대학교,848,7.3
2011,호남대학교,1616,3.3
2011,호남신학대학교,156,35.3
2011,호서대학교,2528,6.6
2011,호원대학교,1315,1.4
2011,홍익대학교,2386,8.3
2011,화성의과학대학교,19,0.0
2010,가천대학교,1846,6.5
2010,가톨릭관동대학교,1613,2.3
2010,가톨릭꽃동네대학교,155,1.3
2010,가톨릭대학교,1502,8.6
2010,가톨릭대학교 _제2캠퍼스,182,0.0
2010,가톨릭대학교 _제3캠퍼스,46,63.0
2010,감리교신학대학교,196,26.0
2010,강남대학교,1549,3.2
2010,강서대학교,291,3.8
2010,강원대학교,2847,13.6
2010,강원대학교 _제2캠퍼스,932,3.3
2010,건국대학교,2950,10.5
2010,건국대학교(글로컬) _분교,1705,6.6
2010,건양대학교,1382,3.5
2010,건양대학교 _제2캠퍼스,293,3.1
2010,경기대학교,2487,3.7
2010,경기대학교 _제2캠퍼스,464,1.9
2010,경남대학교,2967,2.6
2010,경동대학교,481,2.5
2010,경북대학교,4061,13.2
2010,경기대학교 _제2캠퍼스,1191,2.5
2010,경상국립대학교,3051,9.0
2010,경성대학교,2631,4.1
2010,경인교육대학교 _제2캠퍼스,462,0.4
2010,경일대학교,837,3.7
2010,경희대학교,2792,10.1
2010,계명대학교,4643,5.3
2010,고려대학교,4013,23.6
2010,고려대학교(세종) _분교,1235,13.4
2010,고신대학교,721,7.6
2010,공주교육대학교,546,2.7
2010,광신대학교,107,15.9
2010,광운대학교,1582,11.1
2010,광주가톨릭대학교,31,61.3
2010,광주교육대학교,516,1.4
2010,광주대학교,907,4.9
2010,광주여자대학교,648,4.0
2010,국립강릉원주대학교,1460,5.3
2010,국립경국대학교,1489,7.1
2010,국립공주대학교,3234,6.8
2010,국립군산대학교,1649,7.4
2010,국립금오공과대학교,1224,12.3
2010,국립목포대학교,1593,4.7
2010,국립목포해양대학교,635,2.2
2010,국립부경대학교,3613,8.6
2010,국립순천대학교,1639,5.3
2010,국립창원대학교,1727,8.7
2010,국립한국교통대학교,2278,3.8
2010,국립한국해양대학교,1362,9.4
2010,국민대학교,2889,9.7
2010,극동대학교,637,2.7
2010,금강대학교,37,8.1
2010,나사렛대학교,1089,3.8
2010,남부대학교,442,7.5
2010,단국대학교,2241,7.7
2010,대구가톨릭대학교,2435,5.9
2010,가톨릭대학교 _제2캠퍼스,19,89.5
2010,가톨릭대학교 _제3캠퍼스,46,0.0
2010,대구교육대학교,615,2.0
2010,대구대학교,3949,4.0
2010,대구예술대학교,212,4.7
2010,대구한의대학교,1287,1.6
2010,대신대학교,154,8.4
2010,대전가톨릭대학교,13,76.9
2010,대전대학교,1866,3.4
2010,대진대학교,1458,6.5
2010,덕성여자대학교,1242,7.4
2010,동국대학교,2425,9.6
2010,동국대학교(WISE) _분교,2009,3.9
2010,동덕여자대학교,1549,7.6
2010,동명대학교,510,2.7
2010,동서대학교,2077,3.7
2010,동신대학교,1317,3.0
2010,동아대학교,4299,7.6
2010,동양대학교,680,2.4
2010,동의대학교,3198,4.2
2010,루터대학교,33,9.1
2010,명지대학교,1369,13.4
2010,명지대학교 _제2캠퍼스,1284,4.3
2010,목원대학교,1837,3.3
2010,목포가톨릭대학교,148,0.7
2010,배재대학교,1793,5.2
2010,백석대학교,2517,3.1
2010,부산가톨릭대학교,932,4.0
2010,부산교육대학교,591,0.0
2010,부산대학교,4344,14.1
2010,부산외국어대학교,1554,2.1
2010,부산장신대학교,77,16.9
2010,삼육대학교,875,7.3
2010,상명대학교,1426,6.2
2010,상지대학교,1567,5.4
2010,서강대학교,1638,19.7
2010,서경대학교,1296,5.7
2010,전남대학교 _제2캠퍼스,84,0.0
2010,서울교육대학교,551,0.0
2010,서울기독대학교,124,15.3
2010,서울대학교,3683,28.7
2010,서울시립대학교,1595,10.7
2010,서울신학대학교,533,10.7
2010,서울여자대학교,1546,9.1
2010,서울장신대학교,115,6.1
2010,서울한영대학교,170,11.8
2010,서원대학교,1382,2.3
2010,선문대학교,1531,5.3
2010,성결대학교,1152,5.7
2010,성공회대학교,444,5.0
2010,성균관대학교,4101,14.9
2010,성신여자대학교,2153,10.7
2010,세명대학교,1732,3.3
2010,세종대학교,2305,10.9
2010,세한대학교,798,1.3
2010,수원가톨릭대학교,33,87.9
2010,수원대학교,2337,7.0
2010,숙명여자대학교,2019,12.4
2010,순천향대학교,2227,6.2
2010,숭실대학교,2336,10.3
2010,신경주대학교,873,1.5
2010,신라대학교,1876,3.4
2010,아신대학교,227,24.7
2010,아주대학교,1803,19.4
2010,안양대학교,996,5.2
2010,안양대학교 _제2캠퍼스,89,4.5
2010,연세대학교,4001,22.2
2010,연세대학교(미래) _분교,1760,11.4
2010,영남대학교,5211,6.5
2010,영남신학대학교,122,23.0
2010,영산대학교(양산) _제2캠퍼스,470,0.4
2010,영산선학대학교,10,50.0
2010,예수대학교,137,0.0
2010,예원예술대학교,157,8.3
2010,용인대학교,1494,3.3
2010,우석대학교,1625,3.7
2010,우송대학교,1439,1.3
2010,울산대학교,2771,8.1
2010,원광대학교,3591,7.5
2010,위덕대학교,572,3.5
2010,유원대학교,450,2.9
2010,을지대학교,244,0.0
2010,을지대학교 _제2캠퍼스,193,0.0
2010,이화여자대학교,3529,18.6
2010,인제대학교,2024,9.9
2010,인천가톨릭대학교,68,63.2
2010,인천대학교,1415,7.9
2010,인하대학교,4011,12.5
2010,장로회신학대학교,152,34.9
2010,전남대학교,3632,9.4
2010,전남대학교 _제2캠퍼스,752,5.6
2010,전북대학교,3597,10.2
2010,전주교육대학교,429,2.1
2010,전주대학교,2110,3.5
2010,제주대학교,2043,5.5
2010,조선대학교,4610,5.9
2010,중부대학교,1298,2.7
2010,중앙대학교,2787,10.3
2010,중앙승가대학교,69,29.0
2010,진주교육대학교,547,2.4
2010,차의과학대학교,131,1.5
2010,청운대학교,1159,1.4
2010,청주교육대학교,463,1.1
2010,청주대학교,2834,3.4
2010,총신대학교,333,21.9
2010,추계예술대학교,265,10.2
2010,춘천교육대학교,551,1.1
2010,충남대학교,4020,13.0
2010,충북대학교,3168,11.2
2010,칼빈대학교,92,29.3
2010,평택대학교,768,3.0
2010,포항공과대학교,327,70.6
2010,한국과학기술원,738,67.5
2010,한국교원대학교,512,0.6
2010,한국기술교육대학교,662,10.7
2010,한국성서대학교,212,14.6
2010,한국예술종합학교,434,13.4
2010,한국외국어대학교,1614,8.9
2010,한국체육대학교,515,8.2
2010,한국침례신학대학교,315,13.0
2010,한국항공대학교,915,12.2
2010,한남대학교,2323,7.9
2010,한동대학교,627,20.1
2010,한라대학교,429,3.3
2010,한림대학교,1487,9.1
2010,한서대학교,1496,3.5
2010,한성대학교,1392,4.0
2010,한세대학교,493,7.1
2010,한신대학교,1010,9.6
2010,한양대학교,3564,16.2
2010,한양대학교(ERICA) _분교,1968,15.4
2010,한일장신대학교,312,13.1
2010,협성대학교,906,8.2
2010,호남대학교,1443,3.4
2010,호남신학대학교,173,28.3
2010,호서대학교,2350,6.9
2010,호원대학교,1482,2.5
2010,홍익대학교,2250,10.3
2010,화성의과학대학교,5,0.0
