기준년도,학교,총 편제 정원,가중 평균 재학생 충원율(%)
2010,가천대학교 ,12728.0,100.40000000000002
2010,가톨릭관동대학교 ,9791.0,83.1
2010,가톨릭꽃동네대학교 ,480.0,101.0
2010,가톨릭대학교 ,6366.0,113.5
2010,가톨릭대학교 _제2캠퍼스,630.0,107.1
2010,가톨릭대학교 _제3캠퍼스,320.0,69.1
2010,감리교신학대학교 ,800.0,111.9
2010,강남대학교 ,6636.0,112.4
2010,강서대학교 ,1320.0,106.9
2010,강원대학교 ,13480.0,110.6
2010,강원대학교 _제2캠퍼스,6634.0,86.40000000000002
2010,건국대학교 ,12199.0,128.5
2010,건국대학교(글로컬) _분교,7040.0,110.0
2010,건양대학교 ,6479.0,104.7
2010,건양대학교 _제2캠퍼스,1379.0,108.9
2010,경기대학교 ,10440.0,112.3
2010,경기대학교 _제2캠퍼스,2176.0,105.3
2010,경남대학교 ,13225.0,99.1
2010,경동대학교 ,3600.0,76.9
2010,경북대학교 ,15858.0,127.5
2010,경상국립대학교 ,13160.0,107.9
2010,경성대학교 ,12480.0,105.0
2010,경인교육대학교 ,3269.0,103.3
2010,경일대학교 ,5970.0,81.1
2010,경희대학교 ,9830.0,131.8
2010,계명대학교 ,20172.0,114.09999999999998
2010,고려대학교 ,15512.0,129.0
2010,고려대학교(세종) _분교,5980.0,117.0
2010,고신대학교 ,4072.0,94.4
2010,공주교육대학교 ,1948.0,102.5
2010,광신대학교 ,570.0,82.1
2010,광운대학교 ,7055.0,119.0
2010,광주가톨릭대학교 ,175.0,58.9
2010,광주과학기술원 ,100.0,99.0
2010,광주교육대학교 ,1772.0,104.1
2010,광주대학교 ,6300.0,92.9
2010,광주여자대학교 ,4040.0,100.4
2010,국립강릉원주대학교 ,6043.0,98.5
2010,국립강릉원주대학교 _제2캠퍼스,2185.0,92.4
2010,국립경국대학교 ,6360.0,102.0
2010,국립공주대학교 ,12348.0,111.7
2010,국립군산대학교 ,7715.0,96.8
2010,국립금오공과대학교 ,5425.0,121.2
2010,국립목포대학교 ,7170.0,106.1
2010,국립목포해양대학교 ,2464.0,98.5
2010,국립부경대학교 ,14153.0,121.3
2010,국립순천대학교 ,7349.0,103.9
2010,국립창원대학교 ,7577.0,111.7
2010,국립한국교통대학교 ,2101.0,107.9
2010,국립한국해양대학교 ,5607.0,115.4
2010,국민대학교 ,11987.0,116.4
2010,극동대학교 ,4400.0,89.4
2010,금강대학교 ,400.0,83.8
2010,김천대학교 ,1030.0,106.8
2010,나사렛대학교 ,5396.0,103.9
2010,남부대학교 ,3316.0,71.2
2010,단국대학교 ,9570.0,114.2
2010,대구가톨릭대학교 ,12450.0,103.9
2010,대구교육대학교 ,2090.0,103.9
2010,대구대학교 ,18182.0,103.9
2010,대구예술대학교 ,1955.0,60.8
2010,대구한의대학교 ,7032.0,96.6
2010,대신대학교 ,660.0,78.3
2010,대전가톨릭대학교 ,160.0,59.4
2010,대전대학교 ,9749.0,95.9
2010,대전신학대학교 ,120.0,80.8
2010,대진대학교 ,7800.0,98.5
2010,덕성여자대학교 ,5160.0,111.4
2010,동국대학교 ,10970.0,126.9
2010,동국대학교(WISE) _분교,8043.0,104.7
2010,동덕여자대학교 ,6788.0,109.0
2010,동명대학교 ,8960.0,67.6
2010,동서대학교 ,10600.0,102.5
2010,동신대학교 ,6980.0,89.2
2010,동아대학교 ,18568.0,108.7
2010,동양대학교 ,4624.0,79.5
2010,동의대학교 ,16180.0,102.8
2010,디지털서울문화예술대학교 ,3790.0,83.6
2010,루터대학교 ,800.0,64.1
2010,명지대학교 ,6984.0,104.09999999999998
2010,명지대학교 _제2캠퍼스,5320.0,123.4
2010,목원대학교 ,9668.0,93.0
2010,목포가톨릭대학교 ,560.0,103.4
2010,배재대학교 ,9360.0,97.1
2010,백석대학교 ,12720.0,101.5
2010,부산가톨릭대학교 ,3880.0,103.1
2010,부산교육대학교 ,2057.0,103.7
2010,부산대학교 ,18219.0,117.6
2010,부산디지털대학교 ,3200.0,65.8
2010,부산외국어대학교 ,8600.0,105.4
2010,부산장신대학교 ,280.0,99.6
2010,삼육대학교 ,5088.0,101.3
2010,상명대학교 ,5600.0,117.4
2010,상지대학교 ,8264.0,98.4
2010,서강대학교 ,6620.0,122.9
2010,서경대학교 ,5640.0,112.3
2010,서울교육대학교 ,1961.0,105.7
2010,서울기독대학교 ,680.0,99.0
2010,서울대학교 ,12973.0,125.8
2010,서울디지털대학교 ,11100.0,99.3
2010,서울시립대학교 ,7186.0,119.1
2010,서울신학대학교 ,2160.0,107.5
2010,서울여자대학교 ,6920.0,111.9
2010,서울장신대학교 ,488.0,108.0
2010,서울한영대학교 ,809.0,93.7
2010,서원대학교 ,7008.0,92.3
2010,선문대학교 ,9262.0,95.3
2010,성결대학교 ,5120.0,104.2
2010,성공회대학교 ,2160.0,106.3
2010,성균관대학교 ,14227.0,136.6
2010,성신여자대학교 ,8876.0,113.7
2010,세명대학교 ,8560.0,93.6
2010,세종대학교 ,9280.0,115.9
2010,세한대학교 ,5250.0,79.8
2010,수원가톨릭대학교 ,360.0,44.7
2010,수원대학교 ,10480.0,105.9
2010,숙명여자대학교 ,9112.0,116.1
2010,순복음총회신학교 ,200.0,61.0
2010,순천향대학교 ,10386.0,107.40000000000002
2010,숭실대학교 ,10700.0,120.7
2010,신경주대학교 ,5708.0,74.7
2010,신라대학교 ,9800.0,100.8
2010,아신대학교 ,880.0,92.8
2010,아주대학교 ,7994.0,121.3
2010,안양대학교 ,4468.0,103.1
2010,안양대학교 _제2캠퍼스,560.0,81.8
2010,연세대학교 ,14136.0,132.9
2010,연세대학교(미래) _분교,6619.0,116.8
2010,영남대학교 ,20104.0,116.79999999999998
2010,영남신학대학교 ,560.0,102.7
2010,영산대학교 ,4160.0,62.2
2010,영산대학교 _제2캠퍼스,2640.0,77.0
2010,예수대학교 ,560.0,97.7
2010,예원예술대학교 ,959.0,121.4
2010,예원예술대학교 _제2캠퍼스,0.0,
2010,용인대학교 ,5880.0,104.8
2010,우석대학교 ,7860.0,101.9
2010,우송대학교 ,4394.0,96.1
2010,울산과학기술원 ,1250.0,92.4
2010,울산대학교 ,12120.0,112.1
2010,원광대학교 ,17279.0,99.7
2010,원광디지털대학교 ,4700.0,82.4
2010,위덕대학교 ,3560.0,78.0
2010,유원대학교 ,4320.0,63.0
2010,을지대학교 ,828.0,112.09999999999998
2010,을지대학교 _제2캠퍼스,3988.0,117.1
2010,이화여자대학교 ,12586.0,121.3
2010,인제대학교 ,9088.0,103.6
2010,인천가톨릭대학교 ,600.0,91.7
2010,인천대학교 ,7720.0,113.6
2010,인하대학교 ,14333.0,127.40000000000002
2010,장로회신학대학교 ,601.0,111.30000000000001
2010,전남대학교 ,14893.0,121.0
2010,전남대학교 _제2캠퍼스,3824.0,93.1
2010,전북대학교 ,15746.0,113.4
2010,전주교육대학교 ,1532.0,105.6
2010,전주대학교 ,11318.0,101.3
2010,정석대학 ,200.0,70.0
2010,제주대학교 ,9301.0,103.0
2010,조선대학교 ,19790.0,103.8
2010,중부대학교 ,8940.0,88.4
2010,중앙대학교 ,10860.0,121.9
2010,중앙승가대학교 ,480.0,59.4
2010,중원대학교 ,820.0,78.3
2010,진주교육대학교 ,1825.0,101.9
2010,차의과학대학교 ,440.0,109.1
2010,청운대학교 ,5720.0,99.9
2010,청주교육대학교 ,1592.0,105.5
2010,청주대학교 ,12133.0,109.60000000000001
2010,총신대학교 ,1440.0,120.1
2010,추계예술대학교 ,1160.0,107.7
2010,춘천교육대학교 ,1822.0,104.7
2010,충남대학교 ,15755.0,113.8
2010,충북대학교 ,12768.0,111.0
2010,칼빈대학교 ,440.0,99.1
2010,평택대학교 ,3800.0,99.8
2010,포항공과대학교 ,1200.0,113.3
2010,한국과학기술원 ,0.0,
2010,한국교원대학교 ,2279.0,105.4
2010,한국기술교육대학교 ,3619.0,106.4
2010,한국방송통신대학교 ,238800.0,74.8
2010,한국성서대학교 ,960.0,110.4
2010,한국예술종합학교 ,2232.0,101.2
2010,한국외국어대학교 ,6778.0,126.9
2010,한국체육대학교 ,2360.0,101.7
2010,한국침례신학대학교 ,1600.0,98.8
2010,한국항공대학교 ,3560.0,122.8
2010,한남대학교 ,12030.0,98.6
2010,한동대학교 ,3040.0,121.3
2010,한라대학교 ,3980.0,83.6
2010,한림대학교 ,7512.0,109.9
2010,한서대학교 ,7400.0,101.7
2010,한성대학교 ,6480.0,106.2
2010,한세대학교 ,2360.0,116.5
2010,한신대학교 ,5040.0,104.2
2010,한양대학교 ,11994.0,130.8
2010,한양대학교(ERICA) _분교,7755.0,117.6
2010,한일장신대학교 ,1400.0,91.4
2010,협성대학교 ,4320.0,100.7
2010,호남대학교 ,7552.0,93.6
2010,호남신학대학교 ,680.0,93.5
2010,호서대학교 ,12640.0,98.7
2010,호원대학교 ,5850.0,90.0
2010,홍익대학교 ,9925.0,115.5
2010,화성의과학대학교 ,764.0,67.5
2011,가천대학교 ,12733.0,106.59999999999998
2011,가톨릭관동대학교 ,9780.0,93.1
2011,가톨릭꽃동네대학교 ,480.0,100.8
2011,가톨릭대학교 ,6369.0,115.2
2011,가톨릭대학교 _제2캠퍼스,465.0,124.7
2011,가톨릭대학교 _제3캠퍼스,320.0,65.6
2011,감리교신학대학교 ,800.0,113.3
2011,강남대학교 ,6628.0,115.5
2011,강서대학교 ,1320.0,117.6
2011,강원대학교 ,13402.0,110.1
2011,강원대학교 _제2캠퍼스,6794.0,89.59999999999998
2011,건국대학교 ,12168.0,134.4
2011,건국대학교(글로컬) _분교,7040.0,113.1
2011,건양대학교 ,6139.0,100.10000000000001
2011,건양대학교 _제2캠퍼스,1639.0,115.29999999999998
2011,경기대학교 ,10408.0,115.2
2011,경기대학교 _제2캠퍼스,2176.0,106.6
2011,경남대학교 ,13221.0,100.9
2011,경동대학교 ,3600.0,83.5
2011,경북대학교 ,15768.0,127.0
2011,경상국립대학교 ,13146.0,110.9
2011,경성대학교 ,12480.0,106.9
2011,경인교육대학교 ,3043.0,102.9
2011,경일대학교 ,6440.0,81.2
2011,경희대학교 ,9755.0,135.7
2011,계명대학교 ,20172.0,115.5
2011,고려대학교 ,15381.0,130.5
2011,고려대학교(세종) _분교,5980.0,115.3
2011,고신대학교 ,4072.0,95.0
2011,공주교육대학교 ,1820.0,106.1
2011,광신대학교 ,560.0,97.3
2011,광운대학교 ,7055.0,122.7
2011,광주가톨릭대학교 ,170.0,55.9
2011,광주과학기술원 ,200.0,98.0
2011,광주교육대학교 ,1663.0,106.1
2011,광주대학교 ,6676.0,95.70000000000002
2011,광주여자대학교 ,4040.0,103.0
2011,국립강릉원주대학교 ,6055.0,99.3
2011,국립강릉원주대학교 _제2캠퍼스,2173.0,92.1
2011,국립경국대학교 ,6352.0,101.0
2011,국립공주대학교 ,12279.0,113.6
2011,국립군산대학교 ,7712.0,98.2
2011,국립금오공과대학교 ,5407.0,124.0
2011,국립목포대학교 ,7170.0,110.6
2011,국립목포해양대학교 ,2464.0,99.6
2011,국립부경대학교 ,14127.0,123.0
2011,국립순천대학교 ,7309.0,103.5
2011,국립창원대학교 ,7571.0,114.2
2011,국립한국교통대학교 ,8220.0,103.2
2011,국립한국해양대학교 ,5590.0,117.2
2011,국민대학교 ,11987.0,120.5
2011,극동대학교 ,4400.0,95.7
2011,금강대학교 ,400.0,88.0
2011,김천대학교 ,2060.0,88.0
2011,나사렛대학교 ,5396.0,107.1
2011,남부대학교 ,3316.0,86.2
2011,단국대학교 ,9570.0,118.7
2011,대구가톨릭대학교 ,12760.0,104.6
2011,대구경북과학기술원 ,0.0,
2011,대구교육대학교 ,1959.0,106.2
2011,대구대학교 ,18212.0,106.6
2011,대구예술대학교 ,1940.0,67.6
2011,대구한의대학교 ,7032.0,95.8
2011,대신대학교 ,635.0,77.8
2011,대전가톨릭대학교 ,160.0,71.3
2011,대전대학교 ,9749.0,99.7
2011,대전신학대학교 ,240.0,103.3
2011,대진대학교 ,7800.0,104.0
2011,덕성여자대학교 ,5160.0,116.4
2011,동국대학교 ,10860.0,130.0
2011,동국대학교(WISE) _분교,7868.0,107.8
2011,동덕여자대학교 ,6788.0,111.0
2011,동명대학교 ,8960.0,96.3
2011,동서대학교 ,10600.0,103.1
2011,동신대학교 ,6980.0,95.0
2011,동아대학교 ,18483.0,112.7
2011,동양대학교 ,4624.0,81.6
2011,동의대학교 ,16180.0,104.8
2011,디지털서울문화예술대학교 ,3980.0,91.7
2011,루터대학교 ,800.0,72.3
2011,명지대학교 ,6984.0,101.8
2011,명지대학교 _제2캠퍼스,5320.0,129.6
2011,목원대학교 ,9668.0,95.0
2011,목포가톨릭대학교 ,540.0,103.1
2011,배재대학교 ,9360.0,98.9
2011,백석대학교 ,12720.0,103.5
2011,부산가톨릭대학교 ,3880.0,106.6
2011,부산교육대학교 ,1899.0,105.1
2011,부산대학교 ,18129.0,119.20000000000002
2011,부산디지털대학교 ,3600.0,64.4
2011,부산외국어대학교 ,8600.0,106.1
2011,부산장신대학교 ,280.0,97.1
2011,삼육대학교 ,5088.0,107.40000000000002
2011,상명대학교 ,5600.0,117.3
2011,상지대학교 ,8264.0,99.5
2011,서강대학교 ,6590.0,126.3
2011,서경대학교 ,5640.0,110.8
2011,서울교육대학교 ,1829.0,105.6
2011,서울기독대학교 ,680.0,95.7
2011,서울대학교 ,12902.0,128.9
2011,서울디지털대학교 ,12000.0,89.2
2011,서울시립대학교 ,7149.0,121.7
2011,서울신학대학교 ,2160.0,108.7
2011,서울여자대학교 ,6920.0,114.8
2011,서울장신대학교 ,488.0,110.7
2011,서울한영대학교 ,814.0,87.1
2011,서원대학교 ,7008.0,94.0
2011,선문대학교 ,9262.0,102.1
2011,성결대학교 ,5120.0,107.7
2011,성공회대학교 ,2160.0,109.7
2011,성균관대학교 ,14137.0,139.4
2011,성신여자대학교 ,8876.0,116.5
2011,세명대학교 ,8560.0,95.4
2011,세종대학교 ,9280.0,118.8
2011,세한대학교 ,5100.0,84.5
2011,수원가톨릭대학교 ,360.0,45.3
2011,수원대학교 ,10480.0,108.0
2011,숙명여자대학교 ,9112.0,118.70000000000002
2011,순복음총회신학교 ,400.0,47.3
2011,순천향대학교 ,10386.0,108.90000000000002
2011,숭실대학교 ,10730.0,127.2
2011,신경주대학교 ,5674.0,73.8
2011,신라대학교 ,9800.0,101.0
2011,아신대학교 ,880.0,86.3
2011,아주대학교 ,7965.0,125.3
2011,안양대학교 ,4468.0,105.3
2011,안양대학교 _제2캠퍼스,560.0,87.7
2011,연세대학교 ,13961.0,134.5
2011,연세대학교(미래) _분교,6618.0,120.1
2011,영남대학교 ,19969.0,118.9
2011,영남신학대학교 ,560.0,105.7
2011,영산대학교 ,4080.0,83.6
2011,영산대학교 _제2캠퍼스,2720.0,108.9
2011,예수대학교 ,560.0,105.0
2011,예원예술대학교 ,965.0,107.5
2011,예원예술대학교 _제2캠퍼스,0.0,
2011,용인대학교 ,5880.0,105.9
2011,우석대학교 ,7860.0,98.8
2011,우송대학교 ,8143.0,102.5
2011,울산과학기술원 ,2000.0,86.1
2011,울산대학교 ,12000.0,115.5
2011,원광대학교 ,17253.0,99.1
2011,원광디지털대학교 ,5500.0,73.0
2011,위덕대학교 ,3560.0,82.7
2011,유원대학교 ,4320.0,70.0
2011,을지대학교 ,788.0,111.2
2011,을지대학교 _제2캠퍼스,3988.0,117.7
2011,이화여자대학교 ,12511.0,123.6
2011,인제대학교 ,9086.0,103.5
2011,인천가톨릭대학교 ,140.0,70.7
2011,인천가톨릭대학교 _제2캠퍼스,560.0,92.1
2011,인천대학교 ,8720.0,139.0
2011,인하대학교 ,14246.0,129.6
2011,장로회신학대학교 ,601.0,116.80000000000001
2011,전남대학교 ,14493.0,123.09999999999998
2011,전남대학교 _제2캠퍼스,3690.0,93.7
2011,전북대학교 ,15859.0,114.5
2011,전주교육대학교 ,1447.0,107.0
2011,전주대학교 ,11328.0,103.2
2011,정석대학 ,200.0,82.5
2011,제주대학교 ,9355.0,106.3
2011,조선대학교 ,19592.0,105.0
2011,중부대학교 ,8940.0,93.1
2011,중앙대학교 ,10780.0,123.3
2011,중앙승가대학교 ,480.0,56.5
2011,중원대학교 ,1353.0,67.1
2011,진주교육대학교 ,1691.0,103.8
2011,차의과학대학교 ,650.0,112.6
2011,청운대학교 ,5720.0,106.2
2011,청주교육대학교 ,1492.0,106.8
2011,청주대학교 ,12076.0,110.2
2011,총신대학교 ,1440.0,118.5
2011,추계예술대학교 ,1160.0,109.1
2011,춘천교육대학교 ,1696.0,103.09999999999998
2011,충남대학교 ,15542.0,115.3
2011,충북대학교 ,12696.0,111.4
2011,칼빈대학교 ,440.0,104.5
2011,평택대학교 ,3800.0,102.1
2011,포항공과대학교 ,1200.0,110.8
2011,한국과학기술원 ,0.0,
2011,한국교원대학교 ,2262.0,106.5
2011,한국기술교육대학교 ,3619.0,109.5
2011,한국방송통신대학교 ,238800.0,72.3
2011,한국성서대학교 ,960.0,112.0
2011,한국예술종합학교 ,2232.0,107.9
2011,한국외국어대학교 ,6741.0,130.5
2011,한국체육대학교 ,2360.0,104.1
2011,한국침례신학대학교 ,1600.0,97.3
2011,한국항공대학교 ,3560.0,121.1
2011,한남대학교 ,12030.0,101.2
2011,한동대학교 ,3040.0,125.4
2011,한라대학교 ,3980.0,90.2
2011,한림대학교 ,7512.0,116.9
2011,한서대학교 ,7400.0,105.1
2011,한성대학교 ,6480.0,111.4
2011,한세대학교 ,2360.0,118.1
2011,한신대학교 ,5040.0,105.7
2011,한양대학교 ,11862.0,132.5
2011,한양대학교(ERICA) _분교,7755.0,120.8
2011,한일장신대학교 ,1350.0,92.8
2011,협성대학교 ,4320.0,105.9
2011,호남대학교 ,7552.0,93.8
2011,호남신학대학교 ,680.0,94.4
2011,호서대학교 ,12640.0,99.1
2011,호원대학교 ,5880.0,88.0
2011,홍익대학교 ,9925.0,119.3
2011,화성의과학대학교 ,978.0,67.3
2012,가천대학교 ,16041.0,110.1
2012,가톨릭관동대학교 ,9788.0,97.0
2012,가톨릭꽃동네대학교 ,480.0,105.4
2012,가톨릭대학교 ,6372.0,119.2
2012,가톨릭대학교 _제2캠퍼스,392.0,127.3
2012,가톨릭대학교 _제3캠퍼스,320.0,65.9
2012,감리교신학대학교 ,800.0,113.8
2012,강남대학교 ,6628.0,111.6
2012,강서대학교 ,1320.0,117.9
2012,강원대학교 ,13372.0,111.4
2012,강원대학교 _제2캠퍼스,6948.0,92.7
2012,건국대학교 ,12138.0,137.3
2012,건국대학교(글로컬) _분교,7040.0,115.2
2012,건양대학교 ,5983.0,99.9
2012,건양대학교 _제2캠퍼스,1764.0,116.8
2012,경기대학교 ,10440.0,114.8
2012,경기대학교 _제2캠퍼스,2176.0,113.9
2012,경남대학교 ,13209.0,100.7
2012,경동대학교 ,3552.0,83.09999999999998
2012,경북대학교 ,15688.0,129.2
2012,경상국립대학교 ,13146.0,112.5
2012,경성대학교 ,12465.0,107.1
2012,경운대학교 ,5750.0,97.5
2012,경인교육대학교 ,2798.0,51.7
2012,경일대학교 ,6870.0,87.3
2012,경희대학교 ,19693.0,128.8
2012,계명대학교 ,20172.0,116.90000000000002
2012,고려대학교 ,15244.0,132.7
2012,고려대학교(세종) _분교,5980.0,117.6
2012,고신대학교 ,4062.0,101.7
2012,공주교육대학교 ,1675.0,107.6
2012,광신대학교 ,520.0,102.1
2012,광운대학교 ,7055.0,126.8
2012,광주가톨릭대학교 ,165.0,51.5
2012,광주과학기술원 ,400.0,68.0
2012,광주교육대학교 ,1537.0,107.4
2012,광주대학교 ,7056.0,95.4
2012,광주여자대학교 ,4040.0,102.8
2012,국립강릉원주대학교 ,6067.0,101.4
2012,국립강릉원주대학교 _제2캠퍼스,2161.0,97.9
2012,국립경국대학교 ,6352.0,100.8
2012,국립공주대학교 ,12231.0,116.0
2012,국립군산대학교 ,7712.0,98.7
2012,국립금오공과대학교 ,5398.0,124.90000000000002
2012,국립목포대학교 ,7170.0,111.1
2012,국립목포해양대학교 ,2464.0,101.0
2012,국립부경대학교 ,14127.0,123.6
2012,국립순천대학교 ,7309.0,104.2
2012,국립창원대학교 ,7570.0,116.1
2012,국립한국교통대학교 ,8395.0,104.8
2012,국립한국해양대학교 ,5590.0,120.0
2012,국립한밭대학교 ,7843.0,109.6
2012,국민대학교 ,11987.0,126.6
2012,극동대학교 ,4400.0,98.8
2012,금강대학교 ,465.0,85.2
2012,김천대학교 ,3073.0,76.0
2012,나사렛대학교 ,5396.0,106.1
2012,남부대학교 ,3296.0,95.8
2012,남서울대학교 ,10354.0,101.3
2012,단국대학교 ,9570.0,124.2
2012,대구가톨릭대학교 ,12752.0,106.1
2012,대구교육대학교 ,1809.0,107.5
2012,대구대학교 ,18202.0,106.4
2012,대구예술대학교 ,1940.0,68.2
2012,대구한의대학교 ,7020.0,94.4
2012,대신대학교 ,595.0,76.6
2012,대전가톨릭대학교 ,160.0,74.4
2012,대전대학교 ,9736.0,102.5
2012,대전신학대학교 ,240.0,69.6
2012,대진대학교 ,7800.0,105.4
2012,덕성여자대학교 ,5160.0,120.3
2012,동국대학교 ,10860.0,129.0
2012,동국대학교(WISE) _분교,7830.0,109.7
2012,동덕여자대학교 ,6788.0,114.8
2012,동명대학교 ,8740.0,101.8
2012,동서대학교 ,10585.0,106.0
2012,동신대학교 ,6980.0,96.0
2012,동아대학교 ,18357.0,115.19999999999999
2012,동양대학교 ,4614.0,95.1
2012,동의대학교 ,16160.0,107.1
2012,디지털서울문화예술대학교 ,3970.0,92.7
2012,루터대학교 ,700.0,70.6
2012,명지대학교 ,6984.0,103.90000000000002
2012,명지대학교 _제2캠퍼스,5320.0,137.3
2012,목원대학교 ,9414.0,103.9
2012,목포가톨릭대학교 ,520.0,107.5
2012,배재대학교 ,9360.0,97.6
2012,백석대학교 ,12682.0,107.4
2012,부산가톨릭대학교 ,3875.0,105.9
2012,부산교육대학교 ,1722.0,106.2
2012,부산대학교 ,18039.0,120.6
2012,부산디지털대학교 ,4000.0,56.3
2012,부산외국어대학교 ,8600.0,106.1
2012,부산장신대학교 ,280.0,98.2
2012,삼육대학교 ,5088.0,109.0
2012,상명대학교 ,5600.0,117.4
2012,상지대학교 ,8244.0,98.9
2012,서강대학교 ,6560.0,128.7
2012,서경대학교 ,5640.0,117.2
2012,서울과학기술대학교 ,9741.0,121.90000000000002
2012,서울교육대학교 ,1678.0,108.6
2012,서울기독대학교 ,680.0,111.8
2012,서울대학교 ,12831.0,129.6
2012,서울디지털대학교 ,12000.0,90.6
2012,서울시립대학교 ,7112.0,126.2
2012,서울신학대학교 ,2160.0,107.6
2012,서울여자대학교 ,6920.0,118.2
2012,서울장신대학교 ,488.0,109.8
2012,서울한영대학교 ,800.0,94.6
2012,서원대학교 ,7008.0,94.9
2012,선문대학교 ,9252.0,104.5
2012,성결대학교 ,5120.0,108.2
2012,성공회대학교 ,2160.0,109.6
2012,성균관대학교 ,14047.0,137.3
2012,성신여자대학교 ,8873.0,117.2
2012,세명대학교 ,8540.0,95.6
2012,세종대학교 ,9280.0,120.7
2012,세한대학교 ,4850.0,84.5
2012,송원대학교 ,800.0,103.8
2012,수원가톨릭대학교 ,360.0,52.2
2012,수원대학교 ,10475.0,108.0
2012,숙명여자대학교 ,9112.0,121.4
2012,순복음총회신학교 ,600.0,34.5
2012,순천향대학교 ,10386.0,109.30000000000001
2012,숭실대학교 ,10730.0,134.0
2012,신경주대학교 ,5674.0,65.1
2012,신라대학교 ,9780.0,101.2
2012,아신대학교 ,860.0,83.8
2012,아주대학교 ,7907.0,128.3
2012,안양대학교 ,4468.0,106.0
2012,안양대학교 _제2캠퍼스,560.0,89.5
2012,연세대학교 ,13826.0,137.9
2012,연세대학교(미래) _분교,6618.0,121.1
2012,영남대학교 ,19844.0,120.70000000000002
2012,영남신학대학교 ,560.0,97.0
2012,영산대학교 ,3881.0,78.2
2012,영산대학교 _제2캠퍼스,2896.0,118.8
2012,예수대학교 ,554.0,107.8
2012,예원예술대학교 ,996.0,102.3
2012,예원예술대학교 _제2캠퍼스,0.0,
2012,용인대학교 ,5880.0,106.1
2012,우석대학교 ,7860.0,101.7
2012,우송대학교 ,8773.0,95.0
2012,울산과학기술원 ,2750.0,81.0
2012,울산대학교 ,11846.0,117.7
2012,원광대학교 ,16771.0,101.0
2012,원광디지털대학교 ,6000.0,64.4
2012,위덕대학교 ,3555.0,83.3
2012,유원대학교 ,4320.0,74.5
2012,을지대학교 ,748.0,112.8
2012,을지대학교 _제2캠퍼스,3988.0,114.9
2012,이화여자대학교 ,12436.0,126.5
2012,인제대학교 ,9086.0,104.8
2012,인천가톨릭대학교 ,135.0,85.9
2012,인천가톨릭대학교 _제2캠퍼스,665.0,95.5
2012,인천대학교 ,9720.0,145.1
2012,인하대학교 ,14160.0,133.0
2012,장로회신학대학교 ,601.0,112.09999999999998
2012,전남대학교 ,14094.0,124.7
2012,전남대학교 _제2캠퍼스,3590.0,91.8
2012,전북대학교 ,16623.0,115.2
2012,전주교육대학교 ,1347.0,108.5
2012,전주대학교 ,11318.0,102.3
2012,정석대학 ,400.0,42.0
2012,제주국제대학교 ,1598.0,57.4
2012,제주대학교 ,9440.0,105.6
2012,조선대학교 ,19383.0,105.6
2012,중부대학교 ,8924.0,99.1
2012,중앙대학교 ,10940.0,127.4
2012,중앙대학교 _제2캠퍼스,7085.0,118.9
2012,중앙승가대학교 ,480.0,54.0
2012,중원대학교 ,2453.0,63.0
2012,진주교육대학교 ,1541.0,106.09999999999998
2012,차의과학대학교 ,860.0,103.6
2012,청운대학교 ,5720.0,103.3
2012,청주교육대학교 ,1375.0,107.9
2012,청주대학교 ,12063.0,108.10000000000001
2012,초당대학교 ,4305.0,95.1
2012,총신대학교 ,1440.0,122.2
2012,추계예술대학교 ,1160.0,105.3
2012,춘천교육대학교 ,1550.0,104.5
2012,충남대학교 ,15354.0,117.7
2012,충북대학교 ,12614.0,113.2
2012,칼빈대학교 ,440.0,102.5
2012,평택대학교 ,3800.0,107.3
2012,포항공과대학교 ,1220.0,115.9
2012,한경국립대학교 ,5448.0,110.5
2012,한국공학대학교 ,5520.0,121.8
2012,한국과학기술원 ,3760.0,106.1
2012,한국교원대학교 ,2235.0,106.3
2012,한국기술교육대학교 ,3619.0,116.4
2012,한국방송통신대학교 ,242979.0,66.1
2012,한국성서대학교 ,960.0,117.0
2012,한국예술종합학교 ,2232.0,103.7
2012,한국외국어대학교 ,6704.0,134.0
2012,한국체육대학교 ,2360.0,104.3
2012,한국침례신학대학교 ,1600.0,98.1
2012,한국항공대학교 ,3560.0,124.6
2012,한남대학교 ,12025.0,103.8
2012,한동대학교 ,3040.0,124.6
2012,한라대학교 ,3980.0,93.7
2012,한림대학교 ,7512.0,117.3
2012,한서대학교 ,7400.0,105.7
2012,한성대학교 ,6480.0,113.8
2012,한세대학교 ,2360.0,118.3
2012,한신대학교 ,5040.0,109.0
2012,한양대학교 ,11732.0,133.3
2012,한양대학교(ERICA) _분교,7755.0,120.8
2012,한일장신대학교 ,1280.0,85.2
2012,협성대학교 ,4320.0,109.3
2012,호남대학교 ,7552.0,98.9
2012,호남신학대학교 ,680.0,89.0
2012,호서대학교 ,12630.0,100.6
2012,호원대학교 ,5820.0,83.3
2012,홍익대학교 ,9925.0,120.6
2012,화성의과학대학교 ,1192.0,67.4
2013,가천대학교 ,16041.0,100.1
2013,가톨릭관동대학교 ,9762.0,89.1
2013,가톨릭꽃동네대학교 ,480.0,98.3
2013,가톨릭대학교 ,6352.0,105.4
2013,가톨릭대학교 _제2캠퍼스,366.0,103.6
2013,가톨릭대학교 _제3캠퍼스,320.0,70.6
2013,감리교신학대학교 ,800.0,103.1
2013,강남대학교 ,6628.0,99.4
2013,강서대학교 ,1320.0,97.9
2013,강원대학교 ,13372.0,102.29999999999998
2013,강원대학교 _제2캠퍼스,6932.0,88.0
2013,건국대학교 ,12138.0,112.8
2013,건국대학교(글로컬) _분교,7040.0,107.7
2013,건양대학교 ,5747.0,97.5
2013,건양대학교 _제2캠퍼스,1934.0,96.3
2013,경기대학교 ,10472.0,101.29999999999998
2013,경기대학교 _제2캠퍼스,2176.0,103.0
2013,경남대학교 ,13126.0,94.8
2013,경동대학교 ,3654.0,79.5
2013,경동대학교 _제3캠퍼스,475.0,98.7
2013,경북대학교 ,19814.0,105.7
2013,경상국립대학교 ,13144.0,105.0
2013,경성대학교 ,12450.0,97.3
2013,경운대학교 ,2671.0,78.7
2013,경인교육대학교 ,2595.0,37.5
2013,경일대학교 ,7270.0,94.4
2013,경희대학교 ,19706.0,106.3
2013,계명대학교 ,20172.0,103.9
2013,고려대학교 ,15255.0,114.8
2013,고려대학교(세종) _분교,5980.0,107.3
2013,고신대학교 ,4042.0,94.2
2013,공주교육대학교 ,1548.0,98.8
2013,광신대학교 ,490.0,87.7
2013,광운대학교 ,7055.0,112.8
2013,광주가톨릭대학교 ,160.0,50.0
2013,광주과학기술원 ,410.0,90.0
2013,광주교육대학교 ,1428.0,100.4
2013,광주대학교 ,7422.0,88.9
2013,광주여자대학교 ,4040.0,92.2
2013,국립강릉원주대학교 ,6079.0,94.3
2013,국립강릉원주대학교 _제2캠퍼스,2149.0,92.0
2013,국립경국대학교 ,6352.0,95.1
2013,국립공주대학교 ,12183.0,98.0
2013,국립군산대학교 ,7712.0,94.5
2013,국립금오공과대학교 ,5394.0,116.8
2013,국립목포대학교 ,7170.0,100.0
2013,국립목포해양대학교 ,2464.0,92.2
2013,국립부경대학교 ,14127.0,112.8
2013,국립순천대학교 ,7304.0,96.6
2013,국립창원대학교 ,7570.0,107.1
2013,국립한국교통대학교 ,8525.0,75.8
2013,국립한국해양대학교 ,5590.0,107.7
2013,국립한밭대학교 ,3846.0,78.7
2013,국민대학교 ,11987.0,106.20000000000002
2013,극동대학교 ,4400.0,91.6
2013,금강대학교 ,530.0,74.3
2013,김천대학교 ,4065.0,66.5
2013,나사렛대학교 ,5396.0,93.0
2013,남부대학교 ,3276.0,85.0
2013,남서울대학교 ,4900.0,81.4
2013,단국대학교 ,9570.0,112.4
2013,대구가톨릭대학교 ,12674.0,100.2
2013,대구교육대학교 ,1679.0,98.79999999999998
2013,대구대학교 ,18182.0,99.1
2013,대구예술대학교 ,1918.0,69.6
2013,대구한의대학교 ,7004.0,91.40000000000002
2013,대신대학교 ,555.0,68.5
2013,대전가톨릭대학교 ,160.0,46.3
2013,대전대학교 ,9723.0,93.9
2013,대전신학대학교 ,240.0,72.1
2013,대진대학교 ,7800.0,93.9
2013,덕성여자대학교 ,5160.0,110.0
2013,동국대학교 ,10860.0,105.8
2013,동국대학교(WISE) _분교,7812.0,98.0
2013,동덕여자대학교 ,6788.0,105.3
2013,동명대학교 ,8520.0,92.2
2013,동서대학교 ,10565.0,97.9
2013,동신대학교 ,6980.0,89.0
2013,동아대학교 ,18331.0,105.8
2013,동양대학교 ,4599.0,87.3
2013,동의대학교 ,16100.0,98.8
2013,디지털서울문화예술대학교 ,3960.0,69.4
2013,루터대학교 ,600.0,76.0
2013,명지대학교 ,6898.0,97.4
2013,명지대학교 _제2캠퍼스,5253.0,117.0
2013,목원대학교 ,9150.0,100.0
2013,목포가톨릭대학교 ,520.0,98.1
2013,배재대학교 ,9345.0,95.9
2013,백석대학교 ,12602.0,96.4
2013,부산가톨릭대학교 ,3870.0,92.5
2013,부산교육대학교 ,1573.0,99.2
2013,부산대학교 ,18059.0,108.3
2013,부산디지털대학교 ,4000.0,59.4
2013,부산외국어대학교 ,8570.0,97.4
2013,부산장신대학교 ,280.0,96.1
2013,삼육대학교 ,5008.0,98.8
2013,상명대학교 ,5600.0,99.5
2013,상지대학교 ,8194.0,90.8
2013,서강대학교 ,6560.0,110.3
2013,서경대학교 ,5640.0,97.3
2013,서울과학기술대학교 ,4480.0,82.6
2013,서울교육대학교 ,1554.0,96.5
2013,서울기독대학교 ,671.0,94.0
2013,서울대학교 ,12904.0,116.1
2013,서울디지털대학교 ,12000.0,68.5
2013,서울시립대학교 ,7112.0,119.6
2013,서울신학대학교 ,2160.0,100.1
2013,서울여자대학교 ,6920.0,103.9
2013,서울장신대학교 ,488.0,96.5
2013,서울한영대학교 ,800.0,92.9
2013,서원대학교 ,7013.0,88.9
2013,선문대학교 ,9233.0,96.1
2013,성결대학교 ,5120.0,97.1
2013,성공회대학교 ,2160.0,99.6
2013,성균관대학교 ,14055.0,111.6
2013,성신여자대학교 ,8870.0,103.3
2013,세명대학교 ,8510.0,90.9
2013,세종대학교 ,9280.0,106.6
2013,세한대학교 ,4600.0,89.6
2013,송원대학교 ,1600.0,76.9
2013,수원가톨릭대학교 ,360.0,45.6
2013,수원대학교 ,10467.0,96.1
2013,숙명여자대학교 ,9112.0,104.7
2013,순복음총회신학교 ,400.0,69.0
2013,순천향대학교 ,10386.0,99.4
2013,숭실대학교 ,10730.0,111.6
2013,신경주대학교 ,5643.0,59.3
2013,신라대학교 ,9760.0,92.9
2013,아신대학교 ,840.0,81.2
2013,아주대학교 ,7921.0,114.2
2013,안양대학교 ,4468.0,97.9
2013,안양대학교 _제2캠퍼스,560.0,86.3
2013,연세대학교 ,13860.0,116.6
2013,연세대학교(미래) _분교,6298.0,108.5
2013,영남대학교 ,19929.0,106.20000000000002
2013,영남신학대학교 ,560.0,96.4
2013,영산대학교 ,3712.0,79.6
2013,영산대학교 _제2캠퍼스,3032.0,111.0
2013,예수대학교 ,548.0,95.8
2013,예원예술대학교 ,996.0,82.8
2013,예원예술대학교 _제2캠퍼스,0.0,
2013,용인대학교 ,5880.0,100.1
2013,우석대학교 ,7860.0,91.0
2013,우송대학교 ,8749.0,86.6
2013,울산과학기술원 ,3000.0,81.0
2013,울산대학교 ,11692.0,110.29999999999998
2013,원광대학교 ,16345.0,94.9
2013,원광디지털대학교 ,6000.0,58.0
2013,위덕대학교 ,3535.0,86.2
2013,유원대학교 ,4320.0,83.8
2013,을지대학교 ,708.0,102.10000000000001
2013,을지대학교 _제2캠퍼스,3988.0,93.5
2013,이화여자대학교 ,12436.0,114.9
2013,인제대학교 ,9086.0,96.6
2013,인천가톨릭대학교 ,130.0,75.4
2013,인천가톨릭대학교 _제2캠퍼스,670.0,94.5
2013,인천대학교 ,10720.0,91.4
2013,인하대학교 ,14160.0,113.9
2013,장로회신학대학교 ,600.0,99.2
2013,전남대학교 ,14124.0,113.1
2013,전남대학교 _제2캠퍼스,3583.0,87.3
2013,전북대학교 ,16623.0,104.0
2013,전주교육대학교 ,1249.0,99.5
2013,전주대학교 ,11288.0,94.3
2013,정석대학 ,200.0,76.5
2013,제주국제대학교 ,1600.0,40.9
2013,제주대학교 ,9424.0,100.5
2013,조선대학교 ,19362.0,100.0
2013,중부대학교 ,8908.0,94.1
2013,중앙대학교 ,11197.0,107.0
2013,중앙대학교 _제2캠퍼스,7010.0,103.4
2013,중앙승가대학교 ,480.0,52.7
2013,중원대학교 ,3270.0,61.7
2013,진주교육대학교 ,1408.0,98.7
2013,차의과학대학교 ,1270.0,91.0
2013,창신대학교 ,530.0,93.0
2013,청운대학교 ,5710.0,100.1
2013,청주교육대학교 ,1261.0,98.8
2013,청주대학교 ,12000.0,96.0
2013,초당대학교 ,1755.0,81.8
2013,총신대학교 ,1440.0,99.9
2013,추계예술대학교 ,1160.0,98.4
2013,춘천교육대학교 ,1421.0,99.8
2013,충남대학교 ,15344.0,113.1
2013,충북대학교 ,12591.0,105.2
2013,칼빈대학교 ,436.0,90.79999999999998
2013,평택대학교 ,3800.0,98.3
2013,포항공과대학교 ,1240.0,111.5
2013,한경국립대학교 ,2506.0,78.3
2013,한국공학대학교 ,2760.0,71.6
2013,한국과학기술원 ,3880.0,99.9
2013,한국교원대학교 ,2213.0,99.1
2013,한국기술교육대학교 ,3620.0,110.1
2013,한국방송통신대학교 ,260800.0,55.2
2013,한국성서대학교 ,960.0,106.8
2013,한국예술종합학교 ,2232.0,107.5
2013,한국외국어대학교 ,6704.0,112.7
2013,한국체육대학교 ,2360.0,103.8
2013,한국침례신학대학교 ,1600.0,97.9
2013,한국항공대학교 ,3560.0,108.6
2013,한남대학교 ,12020.0,98.5
2013,한동대학교 ,3040.0,115.7
2013,한라대학교 ,3980.0,94.7
2013,한림대학교 ,7512.0,105.9
2013,한서대학교 ,7400.0,93.3
2013,한성대학교 ,6480.0,99.9
2013,한세대학교 ,2360.0,102.1
2013,한신대학교 ,5040.0,98.2
2013,한양대학교 ,11754.0,109.3
2013,한양대학교(ERICA) _분교,7761.0,107.6
2013,한일장신대학교 ,1205.0,74.0
2013,협성대학교 ,4320.0,98.4
2013,호남대학교 ,7506.0,91.8
2013,호남신학대학교 ,680.0,83.1
2013,호서대학교 ,12605.0,94.4
2013,호원대학교 ,5740.0,82.2
2013,홍익대학교 ,9925.0,105.4
2013,화성의과학대학교 ,1251.0,67.4
2014,가야대학교(김해) ,2648.0,92.7
2014,가천대학교 ,15991.0,103.6
2014,가톨릭관동대학교 ,9692.0,91.3
2014,가톨릭꽃동네대학교 ,480.0,95.6
2014,가톨릭대학교 ,6372.0,105.5
2014,가톨릭대학교 _제2캠퍼스,320.0,102.8
2014,가톨릭대학교 _제3캠퍼스,300.0,67.0
2014,감리교신학대학교 ,800.0,104.8
2014,강남대학교 ,6628.0,100.8
2014,강서대학교 ,1320.0,94.2
2014,강원대학교 ,13372.0,103.6
2014,강원대학교 _제2캠퍼스,6916.0,91.79999999999998
2014,건국대학교 ,12138.0,107.8
2014,건국대학교(글로컬) _분교,7040.0,109.8
2014,건양대학교 ,5500.0,100.3
2014,건양대학교 _제2캠퍼스,2103.0,96.7
2014,경기대학교 ,10472.0,101.5
2014,경기대학교 _제2캠퍼스,2176.0,101.6
2014,경남대학교 ,12982.0,96.20000000000002
2014,경동대학교 ,3674.0,85.7
2014,경동대학교 _제3캠퍼스,950.0,96.2
2014,경동대학교 _제4캠퍼스,300.0,98.7
2014,경북대학교 ,19774.0,109.6
2014,경상국립대학교 ,13142.0,107.4
2014,경성대학교 ,12430.0,100.6
2014,경운대학교 ,3993.0,69.3
2014,경인교육대학교 ,2460.0,24.4
2014,경일대학교 ,7190.0,96.1
2014,경희대학교 ,19706.0,107.8
2014,계명대학교 ,20182.0,104.80000000000001
2014,고려대학교 ,15276.0,112.8
2014,고려대학교(세종) _분교,5980.0,106.8
2014,고신대학교 ,4002.0,95.5
2014,공주교육대학교 ,1462.0,102.1
2014,광신대학교 ,512.0,87.3
2014,광운대학교 ,7055.0,116.4
2014,광주가톨릭대학교 ,160.0,53.1
2014,광주과학기술원 ,480.0,93.8
2014,광주교육대학교 ,1347.0,101.0
2014,광주대학교 ,7397.0,93.5
2014,광주여자대학교 ,4025.0,93.6
2014,국립강릉원주대학교 ,6098.0,93.2
2014,국립강릉원주대학교 _제2캠퍼스,2130.0,90.7
2014,국립경국대학교 ,6352.0,98.0
2014,국립공주대학교 ,12172.0,100.29999999999998
2014,국립군산대학교 ,7712.0,98.3
2014,국립금오공과대학교 ,5394.0,111.7
2014,국립목포대학교 ,7170.0,102.2
2014,국립목포해양대학교 ,2479.0,93.6
2014,국립부경대학교 ,14127.0,112.5
2014,국립순천대학교 ,7281.0,99.5
2014,국립창원대학교 ,7572.0,109.3
2014,국립한국교통대학교 ,8548.0,85.3
2014,국립한국해양대학교 ,5579.0,109.39999999999999
2014,국립한밭대학교 ,5769.0,70.3
2014,국민대학교 ,11987.0,106.5
2014,극동대학교 ,4345.0,90.7
2014,금강대학교 ,595.0,73.6
2014,김천대학교 ,4007.0,76.2
2014,나사렛대학교 ,5396.0,96.4
2014,남부대학교 ,3236.0,85.5
2014,남서울대학교 ,7346.0,73.5
2014,단국대학교 ,9570.0,113.3
2014,단국대학교 _제2캠퍼스,10626.0,107.5
2014,대구가톨릭대학교 ,12641.0,101.6
2014,대구경북과학기술원 ,200.0,83.5
2014,대구교육대학교 ,1582.0,100.8
2014,대구대학교 ,18162.0,100.0
2014,대구예술대학교 ,1896.0,77.0
2014,대구한의대학교 ,6999.0,94.3
2014,대신대학교 ,515.0,62.7
2014,대전가톨릭대학교 ,160.0,39.4
2014,대전대학교 ,9710.0,94.0
2014,대전신학대학교 ,240.0,75.0
2014,대진대학교 ,7780.0,95.8
2014,덕성여자대학교 ,5160.0,109.0
2014,동국대학교 ,10860.0,104.2
2014,동국대학교(WISE) _분교,7802.0,97.8
2014,동덕여자대학교 ,6788.0,105.8
2014,동명대학교 ,8300.0,100.2
2014,동서대학교 ,10545.0,100.1
2014,동신대학교 ,6980.0,91.3
2014,동아대학교 ,18305.0,107.5
2014,동양대학교 ,4584.0,95.4
2014,동의대학교 ,15995.0,101.2
2014,디지털서울문화예술대학교 ,3560.0,73.5
2014,루터대학교 ,500.0,89.0
2014,명지대학교 ,6812.0,99.4
2014,명지대학교 _제2캠퍼스,5186.0,120.29999999999998
2014,목원대학교 ,8821.0,100.0
2014,목포가톨릭대학교 ,520.0,94.2
2014,배재대학교 ,9288.0,97.0
2014,백석대학교 ,12522.0,97.20000000000002
2014,부산가톨릭대학교 ,3865.0,93.5
2014,부산교육대학교 ,1474.0,100.4
2014,부산대학교 ,18059.0,110.6
2014,부산디지털대학교 ,2770.0,87.6
2014,부산외국어대학교 ,8495.0,102.9
2014,부산장신대학교 ,280.0,92.9
2014,삼육대학교 ,5088.0,102.4
2014,상명대학교 ,5600.0,99.3
2014,상지대학교 ,8144.0,96.0
2014,서강대학교 ,6560.0,108.3
2014,서경대학교 ,5640.0,100.1
2014,서울과학기술대학교 ,6720.0,69.9
2014,서울교육대학교 ,1466.0,97.39999999999999
2014,서울기독대학교 ,662.0,95.8
2014,서울대학교 ,12932.0,114.5
2014,서울디지털대학교 ,9500.0,81.4
2014,서울시립대학교 ,7112.0,121.6
2014,서울신학대학교 ,2160.0,100.1
2014,서울여자대학교 ,6920.0,104.7
2014,서울장신대학교 ,488.0,94.5
2014,서울한영대학교 ,800.0,91.9
2014,서원대학교 ,7013.0,97.0
2014,선문대학교 ,9205.0,100.7
2014,성결대학교 ,5120.0,100.3
2014,성공회대학교 ,2160.0,97.8
2014,성균관대학교 ,14103.0,110.40000000000002
2014,성신여자대학교 ,8867.0,103.7
2014,세명대학교 ,8480.0,92.8
2014,세종대학교 ,9327.0,105.9
2014,세한대학교 ,4260.0,87.3
2014,송원대학교 ,2400.0,72.7
2014,수원가톨릭대학교 ,360.0,38.1
2014,수원대학교 ,10459.0,96.0
2014,숙명여자대학교 ,9112.0,104.9
2014,순복음총회신학교 ,400.0,64.0
2014,순천향대학교 ,10386.0,99.2
2014,숭실대학교 ,10730.0,106.3
2014,신경주대학교 ,5276.0,53.3
2014,신라대학교 ,9615.0,94.2
2014,신한대학교 ,333.0,181.4
2014,신한대학교 _제2캠퍼스,1120.0,148.6
2014,아신대학교 ,820.0,87.7
2014,아주대학교 ,7932.0,112.4
2014,안양대학교 ,4468.0,100.3
2014,안양대학교 _제2캠퍼스,560.0,89.8
2014,연세대학교 ,13895.0,116.0
2014,연세대학교(미래) _분교,6298.0,110.2
2014,영남대학교 ,20014.0,106.1
2014,영남신학대학교 ,545.0,88.4
2014,영산대학교 ,3553.0,85.5
2014,영산대학교 _제2캠퍼스,3158.0,108.6
2014,예수대학교 ,542.0,99.3
2014,예원예술대학교 ,560.0,86.4
2014,예원예술대학교 _제2캠퍼스,436.0,95.9
2014,용인대학교 ,5880.0,100.6
2014,우석대학교 ,7860.0,99.6
2014,우송대학교 ,8712.0,90.2
2014,울산과학기술원 ,3000.0,89.4
2014,울산대학교 ,11538.0,111.8
2014,원광대학교 ,15885.0,98.8
2014,원광디지털대학교 ,4525.0,72.6
2014,위덕대학교 ,3515.0,88.9
2014,유원대학교 ,4320.0,81.4
2014,을지대학교 ,668.0,103.89999999999999
2014,을지대학교 _제2캠퍼스,3988.0,95.1
2014,이화여자대학교 ,12436.0,115.0
2014,인제대학교 ,9086.0,97.9
2014,인천가톨릭대학교 ,125.0,68.0
2014,인천가톨릭대학교 _제2캠퍼스,655.0,98.6
2014,인천대학교 ,10720.0,97.4
2014,인하대학교 ,14159.0,113.7
2014,장로회신학대학교 ,600.0,100.5
2014,전남대학교 ,14156.0,115.1
2014,전남대학교 _제2캠퍼스,3577.0,88.40000000000002
2014,전북대학교 ,16596.0,107.3
2014,전주교육대학교 ,1177.0,99.0
2014,전주대학교 ,11258.0,100.0
2014,정석대학 ,470.0,31.7
2014,제주국제대학교 ,2400.0,27.7
2014,제주대학교 ,9410.0,102.4
2014,조선대학교 ,19360.0,101.0
2014,중부대학교 ,8842.0,95.0
2014,중앙대학교 ,11816.0,107.9
2014,중앙대학교 _제2캠퍼스,6573.0,104.7
2014,중앙승가대학교 ,480.0,50.0
2014,중원대학교 ,3754.0,71.2
2014,진주교육대학교 ,1319.0,100.1
2014,차의과학대학교 ,1720.0,81.5
2014,창신대학교 ,1060.0,77.6
2014,청운대학교 ,5700.0,96.4
2014,청주교육대학교 ,1184.0,98.3
2014,청주대학교 ,11931.0,97.2
2014,초당대학교 ,2570.0,74.9
2014,총신대학교 ,1440.0,103.1
2014,추계예술대학교 ,1160.0,96.0
2014,춘천교육대학교 ,1331.0,100.2
2014,충남대학교 ,15340.0,115.2
2014,충북대학교 ,12570.0,107.1
2014,칼빈대학교 ,422.0,88.0
2014,평택대학교 ,3800.0,98.4
2014,포항공과대학교 ,1260.0,108.9
2014,한경국립대학교 ,3759.0,70.2
2014,한국공학대학교 ,4140.0,61.2
2014,한국과학기술원 ,3880.0,98.6
2014,한국교원대학교 ,2194.0,102.0
2014,한국기술교육대학교 ,3621.0,117.8
2014,한국방송통신대학교 ,238800.0,55.2
2014,한국성서대학교 ,960.0,110.3
2014,한국예술종합학교 ,2232.0,122.89999999999999
2014,한국외국어대학교 ,13571.0,107.7
2014,한국체육대학교 ,2360.0,101.9
2014,한국침례신학대학교 ,1600.0,96.8
2014,한국항공대학교 ,3560.0,111.6
2014,한남대학교 ,11995.0,101.5
2014,한동대학교 ,3040.0,118.2
2014,한라대학교 ,3980.0,97.3
2014,한림대학교 ,7512.0,107.0
2014,한서대학교 ,7400.0,99.7
2014,한성대학교 ,6480.0,99.7
2014,한세대학교 ,2360.0,106.7
2014,한신대학교 ,5040.0,102.2
2014,한양대학교 ,11776.0,108.7
2014,한양대학교(ERICA) _분교,7761.0,109.0
2014,한일장신대학교 ,1100.0,74.3
2014,협성대학교 ,4320.0,97.4
2014,호남대학교 ,7446.0,89.2
2014,호남신학대학교 ,680.0,87.4
2014,호서대학교 ,12555.0,95.8
2014,호원대학교 ,5715.0,87.4
2014,홍익대학교 ,9926.0,105.2
2014,화성의과학대학교 ,1246.0,65.6
2015,가야대학교(김해) ,2619.0,92.4
2015,가천대학교 ,15961.0,104.5
2015,가톨릭관동대학교 ,9467.0,91.2
2015,가톨릭꽃동네대학교 ,480.0,96.7
2015,가톨릭대학교 ,6339.0,105.7
2015,가톨릭대학교 _제2캠퍼스,385.0,99.7
2015,가톨릭대학교 _제3캠퍼스,280.0,61.1
2015,감리교신학대학교 ,800.0,99.6
2015,강남대학교 ,6545.0,99.9
2015,강서대학교 ,1320.0,97.0
2015,강원대학교 ,13387.0,104.1
2015,강원대학교 _제2캠퍼스,6895.0,89.9
2015,건국대학교 ,12138.0,107.7
2015,건국대학교(글로컬) _분교,7040.0,107.3
2015,건양대학교 ,4493.0,100.4
2015,건양대학교 _제2캠퍼스,3022.0,99.39999999999999
2015,경기대학교 ,10526.0,102.90000000000002
2015,경기대학교 _제2캠퍼스,1964.0,90.0
2015,경남대학교 ,12689.0,94.7
2015,경동대학교 ,3754.0,84.3
2015,경동대학교 _제3캠퍼스,1425.0,92.2
2015,경동대학교 _제4캠퍼스,600.0,90.5
2015,경북대학교 ,19843.0,110.1
2015,경상국립대학교 ,13140.0,107.3
2015,경성대학교 ,12254.0,98.7
2015,경운대학교 ,5203.0,67.2
2015,경인교육대학교 ,2392.0,49.8
2015,경일대학교 ,7020.0,97.5
2015,경희대학교 ,19801.0,107.10000000000001
2015,계명대학교 ,20032.0,103.8
2015,고려대학교 ,15303.0,111.6
2015,고려대학교(세종) _분교,5980.0,105.7
2015,고신대학교 ,3908.0,101.4
2015,공주교육대학교 ,1416.0,100.3
2015,광신대학교 ,534.0,86.8
2015,광운대학교 ,7055.0,110.4
2015,광주가톨릭대학교 ,160.0,56.9
2015,광주과학기술원 ,580.0,97.8
2015,광주교육대학교 ,1304.0,100.1
2015,광주대학교 ,7196.0,93.5
2015,광주여자대학교 ,3910.0,93.2
2015,국립강릉원주대학교 ,6065.0,93.0
2015,국립강릉원주대학교 _제2캠퍼스,2098.0,92.7
2015,국립경국대학교 ,6332.0,96.3
2015,국립공주대학교 ,12172.0,102.1
2015,국립군산대학교 ,7654.0,100.9
2015,국립금오공과대학교 ,5344.0,113.8
2015,국립목포대학교 ,7150.0,100.4
2015,국립목포해양대학교 ,2554.0,93.6
2015,국립부경대학교 ,14077.0,114.2
2015,국립순천대학교 ,7263.0,98.9
2015,국립창원대학교 ,7572.0,107.6
2015,국립한국교통대학교 ,8571.0,92.6
2015,국립한국해양대학교 ,5639.0,107.5
2015,국립한밭대학교 ,7692.0,71.4
2015,국민대학교 ,11987.0,106.4
2015,극동대학교 ,4269.0,91.8
2015,금강대학교 ,640.0,74.2
2015,김천대학교 ,3949.0,85.5
2015,나사렛대학교 ,5339.0,93.8
2015,남부대학교 ,3112.0,89.0
2015,남서울대학교 ,9694.0,70.5
2015,단국대학교 ,9570.0,111.0
2015,단국대학교 _제2캠퍼스,10441.0,107.30000000000001
2015,대구가톨릭대학교 ,12567.0,102.29999999999998
2015,대구경북과학기술원 ,400.0,89.5
2015,대구교육대학교 ,1532.0,100.1
2015,대구대학교 ,17960.0,99.8
2015,대구예술대학교 ,1874.0,76.4
2015,대구한의대학교 ,6824.0,95.0
2015,대신대학교 ,500.0,58.9
2015,대전가톨릭대학교 ,160.0,38.8
2015,대전대학교 ,9601.0,94.2
2015,대전신학대학교 ,240.0,74.2
2015,대진대학교 ,7740.0,94.1
2015,덕성여자대학교 ,5160.0,106.4
2015,동국대학교 ,10860.0,104.6
2015,동국대학교(WISE) _분교,7697.0,96.5
2015,동덕여자대학교 ,6705.0,104.7
2015,동명대학교 ,8050.0,102.4
2015,동서대학교 ,10498.0,100.0
2015,동신대학교 ,6860.0,95.3
2015,동아대학교 ,17879.0,104.8
2015,동양대학교 ,4488.0,94.1
2015,동의대학교 ,15580.0,94.0
2015,디지털서울문화예술대학교 ,3510.0,81.7
2015,루터대학교 ,400.0,103.5
2015,명지대학교 ,6633.0,99.2
2015,명지대학교 _제2캠퍼스,5119.0,118.60000000000001
2015,목원대학교 ,8414.0,100.2
2015,목포가톨릭대학교 ,520.0,96.7
2015,배재대학교 ,9126.0,97.4
2015,백석대학교 ,12194.0,97.2
2015,부산가톨릭대학교 ,3811.0,94.6
2015,부산교육대학교 ,1424.0,101.6
2015,부산대학교 ,18010.0,110.1
2015,부산디지털대학교 ,2810.0,82.5
2015,부산외국어대학교 ,8320.0,103.3
2015,부산장신대학교 ,280.0,91.4
2015,삼육대학교 ,5083.0,101.1
2015,상명대학교 ,5544.0,101.39999999999999
2015,상지대학교 ,8000.0,91.2
2015,서강대학교 ,6560.0,106.4
2015,서경대학교 ,5640.0,100.5
2015,서울과학기술대학교 ,8924.0,68.0
2015,서울교육대학교 ,1421.0,98.8
2015,서울기독대학교 ,653.0,97.2
2015,서울대학교 ,12966.0,114.9
2015,서울디지털대학교 ,9700.0,77.4
2015,서울시립대학교 ,7112.0,121.2
2015,서울신학대학교 ,2160.0,101.9
2015,서울여자대학교 ,6833.0,102.8
2015,서울장신대학교 ,488.0,98.6
2015,서울한영대학교 ,800.0,93.0
2015,서원대학교 ,6963.0,97.4
2015,선문대학교 ,9061.0,99.7
2015,성결대학교 ,5120.0,102.6
2015,성공회대학교 ,2133.0,101.3
2015,성균관대학교 ,14113.0,108.3
2015,성신여자대학교 ,8864.0,100.9
2015,세명대학교 ,8240.0,93.7
2015,세종대학교 ,9315.0,104.6
2015,세한대학교 ,3675.0,87.7
2015,송원대학교 ,3200.0,68.2
2015,수원가톨릭대학교 ,360.0,39.4
2015,수원대학교 ,10243.0,94.4
2015,숙명여자대학교 ,9112.0,104.5
2015,순복음총회신학교 ,395.0,76.9
2015,순천향대학교 ,10284.0,97.1
2015,숭실대학교 ,10730.0,104.4
2015,신경주대학교 ,4622.0,58.4
2015,신라대학교 ,9375.0,97.5
2015,신한대학교 ,666.0,80.3
2015,신한대학교 _제2캠퍼스,2240.0,87.2
2015,아신대학교 ,790.0,96.8
2015,아주대학교 ,7932.0,111.2
2015,안양대학교 ,4468.0,100.1
2015,안양대학교 _제2캠퍼스,560.0,88.6
2015,연세대학교 ,13937.0,115.70000000000002
2015,연세대학교(미래) _분교,6298.0,107.4
2015,영남대학교 ,19819.0,103.6
2015,영남신학대학교 ,530.0,80.2
2015,영산대학교 ,3374.0,89.2
2015,영산대학교 _제2캠퍼스,3214.0,108.2
2015,예수대학교 ,536.0,97.4
2015,예원예술대학교 ,675.0,77.3
2015,예원예술대학교 _제2캠퍼스,396.0,109.79999999999998
2015,용인대학교 ,5880.0,97.4
2015,우석대학교 ,7665.0,96.5
2015,우송대학교 ,8591.0,95.4
2015,울산과학기술원 ,2910.0,101.3
2015,울산대학교 ,11496.0,102.0
2015,원광대학교 ,15361.0,98.8
2015,원광디지털대학교 ,4500.0,75.9
2015,위덕대학교 ,3485.0,88.1
2015,유원대학교 ,4320.0,83.0
2015,을지대학교 ,668.0,103.39999999999999
2015,을지대학교 _제2캠퍼스,3988.0,97.5
2015,이화여자대학교 ,12474.0,107.5
2015,인제대학교 ,9058.0,97.0
2015,인천가톨릭대학교 ,115.0,68.7
2015,인천가톨릭대학교 _제2캠퍼스,645.0,96.0
2015,인천대학교 ,10720.0,101.0
2015,인하대학교 ,14184.0,112.7
2015,장로회신학대학교 ,600.0,103.5
2015,전남대학교 ,14229.0,113.5
2015,전남대학교 _제2캠퍼스,3536.0,86.7
2015,전북대학교 ,16633.0,108.9
2015,전주교육대학교 ,1140.0,98.9
2015,전주대학교 ,11081.0,96.1
2015,정석대학 ,200.0,56.0
2015,제주국제대학교 ,3200.0,34.5
2015,제주대학교 ,9400.0,102.5
2015,조선대학교 ,18956.0,97.8
2015,중부대학교 ,8680.0,91.6
2015,중앙대학교 ,12548.0,106.09999999999998
2015,중앙대학교 _제2캠퍼스,6028.0,105.7
2015,중앙승가대학교 ,480.0,46.3
2015,중원대학교 ,4265.0,76.9
2015,진주교육대학교 ,1276.0,98.7
2015,차의과학대학교 ,1940.0,83.7
2015,창신대학교 ,1580.0,72.9
2015,청운대학교 ,5690.0,98.5
2015,청주교육대학교 ,1144.0,100.3
2015,청주대학교 ,11778.0,96.39999999999999
2015,초당대학교 ,3370.0,70.6
2015,총신대학교 ,1440.0,105.3
2015,추계예술대학교 ,1160.0,97.0
2015,춘천교육대학교 ,1284.0,100.5
2015,충남대학교 ,15242.0,115.1
2015,충북대학교 ,12521.0,107.9
2015,칼빈대학교 ,410.0,79.4
2015,평택대학교 ,3787.0,100.5
2015,포항공과대학교 ,1280.0,108.8
2015,한경국립대학교 ,5012.0,69.6
2015,한국공학대학교 ,5520.0,63.4
2015,한국과학기술원 ,3880.0,98.1
2015,한국교원대학교 ,2184.0,101.6
2015,한국기술교육대학교 ,3621.0,116.1
2015,한국방송통신대학교 ,238800.0,51.8
2015,한국성서대학교 ,960.0,103.3
2015,한국예술종합학교 ,2252.0,114.5
2015,한국외국어대학교 ,13550.0,107.1
2015,한국체육대학교 ,2360.0,99.7
2015,한국침례신학대학교 ,1600.0,96.7
2015,한국항공대학교 ,3560.0,105.4
2015,한남대학교 ,11850.0,100.2
2015,한동대학교 ,3032.0,121.89999999999999
2015,한라대학교 ,3980.0,98.3
2015,한림대학교 ,7512.0,105.8
2015,한서대학교 ,7178.0,95.0
2015,한성대학교 ,6399.0,99.2
2015,한세대학교 ,2360.0,105.0
2015,한신대학교 ,4970.0,100.7
2015,한양대학교 ,11802.0,106.29999999999998
2015,한양대학교(ERICA) _분교,7741.0,106.9
2015,한일장신대학교 ,1039.0,79.3
2015,협성대학교 ,4300.0,95.7
2015,호남대학교 ,7120.0,96.5
2015,호남신학대학교 ,680.0,82.8
2015,호서대학교 ,12381.0,96.3
2015,호원대학교 ,5610.0,92.0
2015,홍익대학교 ,9926.0,104.2
2015,화성의과학대학교 ,1225.0,69.9
2016,가야대학교(김해) ,2600.0,90.9
2016,가천대학교 ,15808.0,103.8
2016,가톨릭관동대학교 ,9224.0,90.6
2016,가톨릭꽃동네대학교 ,468.0,96.6
2016,가톨릭대학교 ,6283.0,104.5
2016,가톨릭대학교 _제2캠퍼스,450.0,95.3
2016,가톨릭대학교 _제3캠퍼스,260.0,71.5
2016,감리교신학대학교 ,800.0,97.9
2016,강남대학교 ,6423.0,97.1
2016,강서대학교 ,1300.0,97.5
2016,강원대학교 ,13125.0,103.2
2016,강원대학교 _제2캠퍼스,6757.0,87.4
2016,건국대학교 ,12138.0,106.89999999999999
2016,건국대학교(글로컬) _분교,7040.0,104.1
2016,건양대학교 ,4278.0,98.5
2016,건양대학교 _제2캠퍼스,3086.0,100.4
2016,경기대학교 ,10565.0,100.4
2016,경기대학교 _제2캠퍼스,1748.0,93.0
2016,경남대학교 ,12360.0,93.1
2016,경동대학교 ,4111.0,85.7
2016,경동대학교 _제3캠퍼스,2230.0,94.6
2016,경동대학교 _제4캠퍼스,900.0,97.0
2016,경북대학교 ,19660.0,109.1
2016,경상국립대학교 ,12993.0,103.2
2016,경성대학교 ,11999.0,96.0
2016,경운대학교 ,5073.0,78.6
2016,경인교육대학교 ,2392.0,50.1
2016,경일대학교 ,6835.0,98.1
2016,경희대학교 ,19779.0,106.6
2016,계명대학교 ,19737.0,101.5
2016,고려대학교 ,15330.0,109.5
2016,고려대학교(세종) _분교,5980.0,103.5
2016,고신대학교 ,3824.0,101.0
2016,공주교육대학교 ,1416.0,100.8
2016,광신대학교 ,556.0,86.0
2016,광운대학교 ,7012.0,107.7
2016,광주가톨릭대학교 ,160.0,49.4
2016,광주과학기술원 ,680.0,97.8
2016,광주교육대학교 ,1304.0,99.7
2016,광주대학교 ,6992.0,95.3
2016,광주여자대학교 ,3795.0,93.3
2016,국립강릉원주대학교 ,5943.0,93.5
2016,국립강릉원주대학교 _제2캠퍼스,2056.0,93.5
2016,국립경국대학교 ,6220.0,95.9
2016,국립공주대학교 ,11925.0,100.7
2016,국립군산대학교 ,7499.0,93.4
2016,국립금오공과대학교 ,5236.0,108.20000000000002
2016,국립목포대학교 ,7006.0,97.29999999999998
2016,국립목포해양대학교 ,2629.0,93.5
2016,국립부경대학교 ,13877.0,111.6
2016,국립순천대학교 ,7101.0,98.0
2016,국립창원대학교 ,7465.0,105.2
2016,국립한국교통대학교 ,8355.0,96.0
2016,국립한국해양대학교 ,5699.0,105.5
2016,국립한밭대학교 ,7650.0,83.6
2016,국민대학교 ,11891.0,103.2
2016,극동대학교 ,4193.0,94.1
2016,금강대학교 ,620.0,81.1
2016,김천대학교 ,3908.0,85.4
2016,나사렛대학교 ,5228.0,92.4
2016,남부대학교 ,3008.0,88.0
2016,남서울대학교 ,9535.0,81.1
2016,단국대학교 ,9507.0,106.0
2016,단국대학교 _제2캠퍼스,10199.0,103.1
2016,대구가톨릭대학교 ,12391.0,102.1
2016,대구경북과학기술원 ,600.0,88.0
2016,대구교육대학교 ,1532.0,101.1
2016,대구대학교 ,17566.0,97.1
2016,대구예술대학교 ,1852.0,75.6
2016,대구한의대학교 ,6644.0,97.0
2016,대신대학교 ,500.0,60.2
2016,대전가톨릭대학교 ,160.0,40.0
2016,대전대학교 ,9401.0,95.7
2016,대전신학대학교 ,240.0,75.8
2016,대진대학교 ,7673.0,92.8
2016,덕성여자대학교 ,5160.0,104.2
2016,동국대학교 ,10860.0,102.7
2016,동국대학교(WISE) _분교,7516.0,94.2
2016,동덕여자대학교 ,6555.0,96.3
2016,동명대학교 ,7888.0,97.9
2016,동서대학교 ,10343.0,99.7
2016,동신대학교 ,6720.0,95.5
2016,동아대학교 ,17493.0,103.0
2016,동양대학교 ,4402.0,92.1
2016,동의대학교 ,15185.0,95.0
2016,디지털서울문화예술대학교 ,3460.0,84.1
2016,루터대학교 ,400.0,98.8
2016,명지대학교 ,6309.0,99.5
2016,명지대학교 _제2캠퍼스,5052.0,113.3
2016,목원대학교 ,8166.0,99.3
2016,목포가톨릭대학교 ,520.0,101.5
2016,배재대학교 ,8890.0,96.9
2016,백석대학교 ,11904.0,96.2
2016,부산가톨릭대학교 ,3762.0,95.7
2016,부산교육대학교 ,1424.0,101.20000000000002
2016,부산대학교 ,17820.0,107.6
2016,부산디지털대학교 ,2810.0,78.6
2016,부산외국어대학교 ,8060.0,103.8
2016,부산장신대학교 ,280.0,90.0
2016,삼육대학교 ,4958.0,101.8
2016,상명대학교 ,5460.0,101.7
2016,상지대학교 ,7876.0,86.0
2016,서강대학교 ,6520.0,105.3
2016,서경대학교 ,5640.0,99.6
2016,서울과학기술대학교 ,8871.0,84.6
2016,서울교육대학교 ,1420.0,100.2
2016,서울기독대학교 ,644.0,89.0
2016,서울대학교 ,13000.0,115.0
2016,서울디지털대학교 ,9830.0,77.6
2016,서울시립대학교 ,7055.0,117.7
2016,서울신학대학교 ,2160.0,96.6
2016,서울여자대학교 ,6695.0,103.7
2016,서울장신대학교 ,488.0,94.3
2016,서울한영대학교 ,800.0,87.6
2016,서원대학교 ,6838.0,98.3
2016,선문대학교 ,8861.0,95.2
2016,성결대학교 ,5120.0,99.5
2016,성공회대학교 ,2106.0,95.2
2016,성균관대학교 ,14010.0,105.9
2016,성신여자대학교 ,8708.0,100.0
2016,세명대학교 ,8020.0,92.5
2016,세종대학교 ,9328.0,104.5
2016,세한대학교 ,4350.0,90.2
2016,송원대학교 ,3200.0,73.5
2016,수원가톨릭대학교 ,360.0,39.2
2016,수원대학교 ,9824.0,93.4
2016,숙명여자대학교 ,9112.0,103.2
2016,순복음총회신학교 ,386.0,86.6
2016,순천향대학교 ,10051.0,95.0
2016,숭실대학교 ,10730.0,102.0
2016,신경주대학교 ,3968.0,53.5
2016,신라대학교 ,9088.0,95.2
2016,신한대학교 ,999.0,69.2
2016,신한대학교 _제2캠퍼스,3360.0,76.6
2016,아신대학교 ,780.0,94.2
2016,아주대학교 ,7877.0,107.5
2016,안양대학교 ,4468.0,91.3
2016,안양대학교 _제2캠퍼스,560.0,78.2
2016,연세대학교 ,13980.0,113.8
2016,연세대학교(미래) _분교,6248.0,107.3
2016,영남대학교 ,19524.0,101.9
2016,영남신학대학교 ,515.0,73.4
2016,영산대학교 ,3157.0,93.3
2016,영산대학교 _제2캠퍼스,3286.0,100.3
2016,예수대학교 ,536.0,96.8
2016,예원예술대학교 ,750.0,77.5
2016,예원예술대학교 _제2캠퍼스,396.0,111.9
2016,용인대학교 ,5880.0,99.4
2016,우석대학교 ,7470.0,96.5
2016,우송대학교 ,8442.0,94.6
2016,울산과학기술원 ,2520.0,116.1
2016,울산대학교 ,11404.0,99.3
2016,원광대학교 ,15186.0,96.9
2016,원광디지털대학교 ,4480.0,83.9
2016,위덕대학교 ,3455.0,89.0
2016,유원대학교 ,4320.0,80.9
2016,을지대학교 ,668.0,99.3
2016,을지대학교 _제2캠퍼스,3988.0,94.8
2016,이화여자대학교 ,12512.0,107.29999999999998
2016,인제대학교 ,8914.0,95.0
2016,인천가톨릭대학교 ,110.0,67.3
2016,인천가톨릭대학교 _제2캠퍼스,630.0,106.5
2016,인천대학교 ,10569.0,103.7
2016,인하대학교 ,14095.0,108.8
2016,장로회신학대학교 ,600.0,104.0
2016,전남대학교 ,14056.0,111.5
2016,전남대학교 _제2캠퍼스,3396.0,83.3
2016,전북대학교 ,16376.0,106.1
2016,전주교육대학교 ,1140.0,98.9
2016,전주대학교 ,10834.0,96.5
2016,정석대학 ,200.0,45.5
2016,제주국제대학교 ,3200.0,45.8
2016,제주대학교 ,9210.0,102.4
2016,조선대학교 ,18557.0,98.2
2016,중부대학교 ,8449.0,91.5
2016,중앙대학교 ,13050.0,103.9
2016,중앙대학교 _제2캠퍼스,5410.0,110.8
2016,중앙승가대학교 ,480.0,42.9
2016,중원대학교 ,4209.0,77.9
2016,진주교육대학교 ,1276.0,98.6
2016,차의과학대학교 ,2160.0,81.9
2016,창신대학교 ,2092.0,70.0
2016,청운대학교 ,5680.0,98.5
2016,청주교육대학교 ,1144.0,99.8
2016,청주대학교 ,11554.0,96.4
2016,초당대학교 ,3230.0,76.8
2016,총신대학교 ,1440.0,106.3
2016,추계예술대학교 ,1160.0,98.9
2016,춘천교육대학교 ,1284.0,100.8
2016,충남대학교 ,14992.0,115.3
2016,충북대학교 ,12283.0,104.3
2016,칼빈대학교 ,398.0,77.2
2016,평택대학교 ,3761.0,98.0
2016,포항공과대학교 ,1280.0,113.4
2016,한경국립대학교 ,4989.0,83.4
2016,한국공학대학교 ,5520.0,82.2
2016,한국과학기술원 ,3880.0,96.6
2016,한국교원대학교 ,2184.0,102.6
2016,한국기술교육대학교 ,3567.0,111.3
2016,한국방송통신대학교 ,238800.0,47.4
2016,한국성서대학교 ,960.0,93.5
2016,한국예술종합학교 ,2252.0,110.2
2016,한국외국어대학교 ,13529.0,107.7
2016,한국체육대학교 ,2360.0,101.2
2016,한국침례신학대학교 ,1560.0,97.4
2016,한국항공대학교 ,3531.0,103.2
2016,한남대학교 ,11590.0,97.6
2016,한동대학교 ,3007.0,120.2
2016,한라대학교 ,3900.0,99.0
2016,한림대학교 ,7383.0,102.5
2016,한서대학교 ,6956.0,96.0
2016,한성대학교 ,6259.0,96.09999999999998
2016,한세대학교 ,2360.0,108.1
2016,한신대학교 ,4900.0,99.4
2016,한양대학교 ,11759.0,106.4
2016,한양대학교(ERICA) _분교,7694.0,104.3
2016,한일장신대학교 ,998.0,87.3
2016,협성대학교 ,4280.0,93.8
2016,호남대학교 ,6794.0,95.90000000000002
2016,호남신학대학교 ,670.0,80.3
2016,호서대학교 ,12167.0,94.29999999999998
2016,호원대학교 ,5470.0,90.8
2016,홍익대학교 ,9926.0,106.59999999999998
2016,화성의과학대학교 ,1189.0,64.2
2017,가야대학교(김해) ,2570.0,91.8
2017,가천대학교 ,15620.0,103.1
2017,가톨릭관동대학교 ,8948.0,87.3
2017,가톨릭꽃동네대학교 ,456.0,95.0
2017,가톨릭대학교 ,6187.0,102.4
2017,가톨릭대학교 _제2캠퍼스,543.0,97.6
2017,가톨릭대학교 _제3캠퍼스,240.0,65.8
2017,감리교신학대학교 ,800.0,99.0
2017,강남대학교 ,6279.0,96.8
2017,강서대학교 ,1280.0,97.0
2017,강원대학교 ,12817.0,100.9
2017,강원대학교 _제2캠퍼스,6566.0,86.0
2017,건국대학교 ,12138.0,106.39999999999999
2017,건국대학교(글로컬) _분교,6864.0,99.2
2017,건양대학교 ,4038.0,97.7
2017,건양대학교 _제2캠퍼스,3185.0,98.8
2017,경기대학교 ,10560.0,99.2
2017,경기대학교 _제2캠퍼스,1532.0,103.5
2017,경남대학교 ,12100.0,92.4
2017,경동대학교 ,3308.0,91.4
2017,경동대학교 _제3캠퍼스,2670.0,97.9
2017,경동대학교 _제4캠퍼스,1200.0,99.5
2017,경북대학교 ,19401.0,107.2
2017,경상국립대학교 ,12803.0,101.59999999999998
2017,경성대학교 ,11684.0,95.9
2017,경운대학교 ,4926.0,86.9
2017,경인교육대학교 ,2392.0,49.7
2017,경일대학교 ,6649.0,98.40000000000002
2017,경희대학교 ,19679.0,104.1
2017,계명대학교 ,19372.0,100.5
2017,고려대학교 ,15389.0,109.7
2017,고려대학교(세종) _분교,5905.0,101.2
2017,고신대학교 ,3750.0,103.8
2017,공주교육대학교 ,1416.0,99.8
2017,광신대학교 ,563.0,88.0
2017,광운대학교 ,6941.0,104.9
2017,광주가톨릭대학교 ,160.0,51.9
2017,광주과학기술원 ,770.0,95.8
2017,광주교육대학교 ,1304.0,99.5
2017,광주대학교 ,6786.0,95.6
2017,광주여자대학교 ,3680.0,94.3
2017,국립강릉원주대학교 ,5788.0,93.3
2017,국립강릉원주대학교 _제2캠퍼스,2007.0,95.5
2017,국립경국대학교 ,6088.0,92.8
2017,국립공주대학교 ,11621.0,98.9
2017,국립군산대학교 ,7306.0,92.1
2017,국립금오공과대학교 ,5101.0,105.9
2017,국립목포대학교 ,6827.0,98.9
2017,국립목포해양대학교 ,2704.0,91.7
2017,국립부경대학교 ,13627.0,109.4
2017,국립순천대학교 ,6903.0,96.8
2017,국립창원대학교 ,7332.0,101.4
2017,국립한국교통대학교 ,8142.0,94.9
2017,국립한국해양대학교 ,5748.0,101.9
2017,국립한밭대학교 ,7573.0,92.9
2017,국민대학교 ,11771.0,101.2
2017,극동대학교 ,4028.0,90.8
2017,금강대학교 ,600.0,85.8
2017,김천대학교 ,3866.0,79.4
2017,나사렛대학교 ,5090.0,94.1
2017,남부대학교 ,2904.0,93.4
2017,남서울대학교 ,9290.0,89.2
2017,단국대학교 ,9402.0,104.7
2017,단국대학교 _제2캠퍼스,9978.0,103.3
2017,대구가톨릭대학교 ,12171.0,100.5
2017,대구경북과학기술원 ,810.0,86.2
2017,대구교육대학교 ,1532.0,98.6
2017,대구대학교 ,17092.0,94.4
2017,대구예술대학교 ,1852.0,70.6
2017,대구한의대학교 ,6468.0,95.3
2017,대신대학교 ,491.0,72.4
2017,대전가톨릭대학교 ,160.0,35.6
2017,대전대학교 ,9154.0,95.7
2017,대전신학대학교 ,240.0,59.6
2017,대진대학교 ,7596.0,91.4
2017,덕성여자대학교 ,5160.0,101.9
2017,동국대학교 ,10860.0,103.4
2017,동국대학교(WISE) _분교,7326.0,93.3
2017,동덕여자대학교 ,6405.0,96.1
2017,동명대학교 ,7686.0,97.3
2017,동서대학교 ,10158.0,98.5
2017,동신대학교 ,6548.0,95.8
2017,동아대학교 ,17027.0,102.6
2017,동양대학교 ,4321.0,92.9
2017,동의대학교 ,14830.0,98.6
2017,디지털서울문화예술대학교 ,3560.0,79.7
2017,루터대학교 ,400.0,93.0
2017,명지대학교 ,6066.0,101.4
2017,명지대학교 _제2캠퍼스,5052.0,110.1
2017,목원대학교 ,7883.0,97.5
2017,목포가톨릭대학교 ,520.0,98.7
2017,배재대학교 ,8618.0,94.0
2017,백석대학교 ,11594.0,95.6
2017,부산가톨릭대학교 ,3713.0,98.3
2017,부산교육대학교 ,1424.0,100.70000000000002
2017,부산대학교 ,17567.0,106.8
2017,부산디지털대학교 ,2820.0,73.1
2017,부산외국어대학교 ,7790.0,100.8
2017,부산장신대학교 ,280.0,85.7
2017,삼육대학교 ,4904.0,102.9
2017,상명대학교 ,5362.0,101.0
2017,상명대학교 _제2캠퍼스,5481.0,95.3
2017,상지대학교 ,7597.0,82.2
2017,서강대학교 ,6454.0,104.59999999999998
2017,서경대학교 ,5597.0,99.1
2017,서울과학기술대학교 ,8698.0,97.3
2017,서울교육대학교 ,1420.0,99.9
2017,서울기독대학교 ,632.0,88.3
2017,서울대학교 ,13034.0,114.8
2017,서울디지털대학교 ,9880.0,91.5
2017,서울시립대학교 ,6984.0,118.3
2017,서울신학대학교 ,2160.0,97.6
2017,서울여자대학교 ,6557.0,101.0
2017,서울장신대학교 ,488.0,92.0
2017,서울한영대학교 ,780.0,84.4
2017,서원대학교 ,6713.0,99.2
2017,선문대학교 ,8625.0,94.0
2017,성결대학교 ,5068.0,98.1
2017,성공회대학교 ,2068.0,97.0
2017,성균관대학교 ,13845.0,104.3
2017,성신여자대학교 ,8552.0,98.0
2017,세명대학교 ,7810.0,92.1
2017,세종대학교 ,9329.0,104.3
2017,세한대학교 ,4255.0,92.5
2017,송원대학교 ,3200.0,76.5
2017,수원가톨릭대학교 ,360.0,32.5
2017,수원대학교 ,9408.0,95.5
2017,숙명여자대학교 ,9112.0,101.0
2017,순복음총회신학교 ,373.0,63.0
2017,순천향대학교 ,9913.0,95.3
2017,숭실대학교 ,10730.0,100.5
2017,신경주대학교 ,3345.0,50.3
2017,신라대학교 ,8831.0,95.7
2017,신한대학교 ,1332.0,66.2
2017,신한대학교 _제2캠퍼스,4480.0,73.3
2017,아신대학교 ,766.0,90.1
2017,아주대학교 ,7822.0,106.6
2017,안양대학교 ,4360.0,96.1
2017,안양대학교 _제2캠퍼스,542.0,73.2
2017,연세대학교 ,14041.0,111.4
2017,연세대학교(미래) _분교,6186.0,104.4
2017,영남대학교 ,19202.0,100.7
2017,영남신학대학교 ,490.0,82.2
2017,영산대학교 ,3113.0,90.5
2017,영산대학교 _제2캠퍼스,3163.0,100.70000000000002
2017,예수대학교 ,536.0,96.5
2017,예원예술대학교 ,825.0,72.5
2017,예원예술대학교 _제2캠퍼스,396.0,101.79999999999998
2017,용인대학교 ,5857.0,98.0
2017,우석대학교 ,7275.0,96.6
2017,우송대학교 ,8273.0,98.8
2017,울산과학기술원 ,2130.0,121.7
2017,울산대학교 ,11290.0,97.4
2017,원광대학교 ,15021.0,94.4
2017,원광디지털대학교 ,4604.0,86.2
2017,위덕대학교 ,3410.0,89.1
2017,유원대학교 ,4290.0,80.7
2017,을지대학교 ,668.0,98.7
2017,을지대학교 _제2캠퍼스,3963.0,99.1
2017,이화여자대학교 ,12550.0,106.9
2017,인제대학교 ,8724.0,92.8
2017,인천가톨릭대학교 ,105.0,74.3
2017,인천가톨릭대학교 _제2캠퍼스,615.0,105.4
2017,인천대학교 ,10381.0,103.09999999999998
2017,인하대학교 ,13980.0,106.4
2017,장로회신학대학교 ,600.0,104.5
2017,전남대학교 ,13831.0,109.2
2017,전남대학교 _제2캠퍼스,3258.0,83.20000000000002
2017,전북대학교 ,16038.0,103.5
2017,전주교육대학교 ,1140.0,97.9
2017,전주대학교 ,10554.0,97.4
2017,정석대학 ,200.0,45.0
2017,제주국제대학교 ,3160.0,44.0
2017,제주대학교 ,8976.0,102.3
2017,조선대학교 ,18163.0,97.9
2017,중부대학교 ,8175.0,91.3
2017,중앙대학교 ,13568.0,102.7
2017,중앙대학교 _제2캠퍼스,4755.0,111.8
2017,중앙승가대학교 ,480.0,39.6
2017,중원대학교 ,4176.0,81.4
2017,진주교육대학교 ,1276.0,99.9
2017,차의과학대학교 ,2160.0,93.4
2017,창신대학교 ,2062.0,74.8
2017,청운대학교 ,5615.0,95.5
2017,청주교육대학교 ,1144.0,99.2
2017,청주대학교 ,11314.0,92.8
2017,초당대학교 ,3215.0,81.3
2017,총신대학교 ,1440.0,100.3
2017,추계예술대학교 ,1160.0,102.7
2017,춘천교육대학교 ,1284.0,101.7
2017,충남대학교 ,14667.0,112.8
2017,충북대학교 ,12000.0,103.1
2017,칼빈대학교 ,392.0,71.7
2017,평택대학교 ,3666.0,97.1
2017,포항공과대학교 ,1280.0,111.2
2017,한경국립대학교 ,4938.0,93.8
2017,한국공학대학교 ,5520.0,94.4
2017,한국과학기술원 ,3880.0,94.7
2017,한국교원대학교 ,2184.0,102.2
2017,한국기술교육대학교 ,3502.0,112.40000000000002
2017,한국방송통신대학교 ,238800.0,44.2
2017,한국성서대학교 ,960.0,99.5
2017,한국예술종합학교 ,2252.0,110.3
2017,한국외국어대학교 ,13508.0,108.5
2017,한국체육대학교 ,2360.0,103.1
2017,한국침례신학대학교 ,1520.0,97.1
2017,한국항공대학교 ,3495.0,104.4
2017,한남대학교 ,11275.0,95.3
2017,한동대학교 ,2976.0,122.0
2017,한라대학교 ,3800.0,98.2
2017,한림대학교 ,7254.0,102.0
2017,한서대학교 ,6734.0,96.2
2017,한성대학교 ,6097.0,94.7
2017,한세대학교 ,2360.0,108.6
2017,한신대학교 ,4830.0,97.6
2017,한양대학교 ,11703.0,104.39999999999999
2017,한양대학교(ERICA) _분교,7612.0,103.7
2017,한일장신대학교 ,952.0,85.4
2017,협성대학교 ,4240.0,90.7
2017,호남대학교 ,6514.0,96.7
2017,호남신학대학교 ,653.0,81.5
2017,호서대학교 ,11923.0,91.5
2017,호원대학교 ,5312.0,90.0
2017,홍익대학교 ,9939.0,102.6
2017,홍익대학교 _제2캠퍼스,5711.0,96.6
2017,화성의과학대학교 ,1158.0,57.7
2018,가야대학교(김해) ,2538.0,94.9
2018,가천대학교 ,15482.0,104.5
2018,가톨릭관동대학교 ,8695.0,87.6
2018,가톨릭꽃동네대학교 ,444.0,100.7
2018,가톨릭대학교 ,6081.0,104.4
2018,가톨릭대학교 _제2캠퍼스,636.0,98.6
2018,가톨릭대학교 _제3캠퍼스,230.0,69.1
2018,감리교신학대학교 ,800.0,98.0
2018,강남대학교 ,6113.0,100.4
2018,강서대학교 ,1227.0,104.9
2018,강원대학교 ,12509.0,100.9
2018,강원대학교 _제2캠퍼스,6375.0,87.0
2018,건국대학교 ,12138.0,107.60000000000001
2018,건국대학교(글로컬) _분교,6653.0,100.3
2018,건양대학교 ,3644.0,98.7
2018,건양대학교 _제2캠퍼스,3450.0,97.9
2018,경기대학교 ,10555.0,98.6
2018,경기대학교 _제2캠퍼스,1316.0,117.0
2018,경남대학교 ,11838.0,94.10000000000001
2018,경동대학교 ,2420.0,90.7
2018,경동대학교 _제3캠퍼스,3110.0,102.0
2018,경동대학교 _제4캠퍼스,1610.0,103.5
2018,경북대학교 ,19142.0,107.5
2018,경상국립대학교 ,12613.0,101.40000000000002
2018,경성대학교 ,11374.0,98.0
2018,경운대학교 ,4788.0,88.2
2018,경인교육대학교 ,2392.0,49.8
2018,경일대학교 ,6473.0,98.0
2018,경희대학교 ,19579.0,106.0
2018,계명대학교 ,19007.0,100.7
2018,고려대학교 ,15448.0,108.0
2018,고려대학교(세종) _분교,5758.0,100.8
2018,고신대학교 ,3696.0,100.1
2018,공주교육대학교 ,1416.0,98.60000000000001
2018,광신대학교 ,543.0,91.8
2018,광운대학교 ,6870.0,103.3
2018,광주가톨릭대학교 ,160.0,47.5
2018,광주과학기술원 ,800.0,98.8
2018,광주교육대학교 ,1304.0,98.2
2018,광주대학교 ,6603.0,102.3
2018,광주여자대학교 ,3580.0,95.1
2018,국립강릉원주대학교 ,5611.0,94.79999999999998
2018,국립강릉원주대학교 _제2캠퍼스,1980.0,99.0
2018,국립경국대학교 ,5956.0,96.29999999999998
2018,국립공주대학교 ,11317.0,99.4
2018,국립군산대학교 ,7113.0,92.1
2018,국립금오공과대학교 ,4966.0,105.4
2018,국립목포대학교 ,6648.0,99.9
2018,국립목포해양대학교 ,2764.0,91.6
2018,국립부경대학교 ,13375.0,110.0
2018,국립순천대학교 ,6723.0,96.8
2018,국립창원대학교 ,7199.0,101.59999999999998
2018,국립한국교통대학교 ,7929.0,97.0
2018,국립한국해양대학교 ,5782.0,101.6
2018,국립한밭대학교 ,7496.0,100.4
2018,국민대학교 ,11652.0,102.79999999999998
2018,극동대학교 ,3918.0,94.1
2018,금강대학교 ,580.0,88.1
2018,김천대학교 ,3774.0,78.9
2018,나사렛대학교 ,4952.0,92.9
2018,남부대학교 ,2820.0,96.8
2018,남서울대학교 ,9045.0,93.9
2018,단국대학교 ,9297.0,107.5
2018,단국대학교 _제2캠퍼스,9833.0,102.9
2018,대구가톨릭대학교 ,11951.0,101.1
2018,대구경북과학기술원 ,850.0,88.8
2018,대구교육대학교 ,1532.0,98.8
2018,대구대학교 ,16618.0,94.5
2018,대구예술대학교 ,1819.0,63.8
2018,대구한의대학교 ,6293.0,100.8
2018,대신대학교 ,482.0,85.3
2018,대전가톨릭대학교 ,160.0,26.9
2018,대전대학교 ,8912.0,97.2
2018,대전신학대학교 ,240.0,47.9
2018,대진대학교 ,7459.0,93.4
2018,덕성여자대학교 ,5160.0,102.2
2018,동국대학교 ,10860.0,104.1
2018,동국대학교(WISE) _분교,7161.0,95.6
2018,동덕여자대학교 ,6255.0,99.1
2018,동명대학교 ,7484.0,97.8
2018,동서대학교 ,9973.0,98.3
2018,동신대학교 ,6376.0,97.9
2018,동아대학교 ,16561.0,103.9
2018,동양대학교 ,4208.0,94.2
2018,동의대학교 ,14520.0,98.9
2018,디지털서울문화예술대학교 ,3780.0,74.4
2018,루터대학교 ,385.0,90.4
2018,명지대학교 ,5847.0,104.4
2018,명지대학교 _제2캠퍼스,5052.0,106.1
2018,목원대학교 ,7675.0,96.6
2018,목포가톨릭대학교 ,510.0,93.3
2018,배재대학교 ,8392.0,96.3
2018,백석대학교 ,11284.0,97.2
2018,부산가톨릭대학교 ,3664.0,99.2
2018,부산교육대학교 ,1424.0,100.20000000000002
2018,부산대학교 ,17314.0,109.3
2018,부산디지털대학교 ,2815.0,73.5
2018,부산외국어대학교 ,7565.0,101.4
2018,부산장신대학교 ,277.0,88.1
2018,삼육대학교 ,4814.0,106.1
2018,상명대학교 ,5264.0,99.89999999999999
2018,상명대학교 _제2캠퍼스,5336.0,98.5
2018,상지대학교 ,7318.0,82.8
2018,서강대학교 ,6388.0,105.0
2018,서경대학교 ,5456.0,97.29999999999998
2018,서울과학기술대학교 ,8525.0,107.6
2018,서울교육대학교 ,1420.0,100.4
2018,서울기독대학교 ,607.0,96.7
2018,서울대학교 ,13108.0,114.40000000000002
2018,서울디지털대학교 ,10000.0,76.1
2018,서울시립대학교 ,6913.0,116.8
2018,서울신학대학교 ,2122.0,100.5
2018,서울여자대학교 ,6419.0,102.5
2018,서울장신대학교 ,479.0,92.3
2018,서울한영대학교 ,760.0,79.2
2018,서원대학교 ,6588.0,97.2
2018,선문대학교 ,8396.0,95.3
2018,성결대학교 ,5016.0,99.5
2018,성공회대학교 ,2030.0,95.4
2018,성균관대학교 ,13714.0,106.0
2018,성신여자대학교 ,8396.0,99.5
2018,세명대학교 ,7600.0,93.4
2018,세종대학교 ,9341.0,105.0
2018,세한대학교 ,4120.0,96.0
2018,송원대학교 ,3200.0,84.0
2018,수원가톨릭대학교 ,360.0,33.3
2018,수원대학교 ,8992.0,97.1
2018,숙명여자대학교 ,9024.0,100.9
2018,순복음총회신학교 ,356.0,61.5
2018,순천향대학교 ,9735.0,97.3
2018,숭실대학교 ,10730.0,100.2
2018,신경주대학교 ,3048.0,40.2
2018,신라대학교 ,8645.0,100.2
2018,신한대학교 ,1332.0,75.8
2018,신한대학교 _제2캠퍼스,4480.0,84.5
2018,아신대학교 ,752.0,89.0
2018,아주대학교 ,7767.0,107.5
2018,안양대학교 ,4252.0,97.2
2018,안양대학교 _제2캠퍼스,524.0,71.2
2018,연세대학교 ,14137.0,109.3
2018,연세대학교(미래) _분교,6124.0,103.8
2018,영남대학교 ,18882.0,101.7
2018,영남신학대학교 ,480.0,84.0
2018,영산대학교 ,2962.0,98.3
2018,영산대학교 _제2캠퍼스,3147.0,105.5
2018,예수대학교 ,536.0,95.9
2018,예원예술대학교 ,882.0,67.9
2018,예원예술대학교 _제2캠퍼스,396.0,93.20000000000002
2018,용인대학교 ,5790.0,95.3
2018,우석대학교 ,7080.0,94.9
2018,우송대학교 ,8117.0,99.7
2018,울산과학기술원 ,1740.0,127.5
2018,울산대학교 ,11176.0,98.2
2018,원광대학교 ,14871.0,94.0
2018,원광디지털대학교 ,4717.0,86.7
2018,위덕대학교 ,3365.0,89.7
2018,유원대학교 ,4180.0,83.9
2018,을지대학교 ,668.0,97.9
2018,을지대학교 _제2캠퍼스,3848.0,98.0
2018,이화여자대학교 ,12588.0,107.2
2018,인제대학교 ,8534.0,91.8
2018,인천가톨릭대학교 ,98.0,73.5
2018,인천가톨릭대학교 _제2캠퍼스,608.0,97.7
2018,인천대학교 ,10193.0,104.89999999999999
2018,인하대학교 ,13862.0,107.20000000000002
2018,장로회신학대학교 ,600.0,95.8
2018,전남대학교 ,13606.0,111.1
2018,전남대학교 _제2캠퍼스,3120.0,86.5
2018,전북대학교 ,15700.0,104.3
2018,전주교육대학교 ,1140.0,98.2
2018,전주대학교 ,10274.0,98.3
2018,정석대학 ,200.0,43.0
2018,제주국제대학교 ,3069.0,42.8
2018,제주대학교 ,8742.0,105.3
2018,조선대학교 ,17779.0,99.9
2018,중부대학교 ,7951.0,94.4
2018,중앙대학교 ,13724.0,104.7
2018,중앙대학교 _제2캠퍼스,4462.0,109.4
2018,중앙승가대학교 ,480.0,32.5
2018,중원대학교 ,4100.0,91.7
2018,진주교육대학교 ,1276.0,99.0
2018,차의과학대학교 ,2124.0,100.2
2018,창신대학교 ,2032.0,84.8
2018,청운대학교 ,5490.0,97.8
2018,청주교육대학교 ,1144.0,98.9
2018,청주대학교 ,11005.0,90.8
2018,초당대학교 ,3152.0,88.5
2018,총신대학교 ,1440.0,97.0
2018,추계예술대학교 ,1139.0,98.7
2018,춘천교육대학교 ,1284.0,100.7
2018,충남대학교 ,14342.0,113.6
2018,충북대학교 ,11717.0,104.4
2018,칼빈대학교 ,384.0,77.1
2018,평택대학교 ,3571.0,94.5
2018,포항공과대학교 ,1280.0,107.8
2018,한경국립대학교 ,4887.0,102.5
2018,한국공학대학교 ,5520.0,99.2
2018,한국과학기술원 ,3880.0,95.0
2018,한국교원대학교 ,2184.0,102.7
2018,한국기술교육대학교 ,3438.0,110.1
2018,한국방송통신대학교 ,236800.0,42.5
2018,한국성서대학교 ,943.0,103.8
2018,한국예술종합학교 ,2252.0,114.3
2018,한국외국어대학교 ,13508.0,108.59999999999998
2018,한국전통문화대학교 ,560.0,95.4
2018,한국체육대학교 ,2315.0,104.4
2018,한국침례신학대학교 ,1480.0,94.3
2018,한국항공대학교 ,3432.0,102.09999999999998
2018,한남대학교 ,10975.0,100.7
2018,한동대학교 ,2945.0,120.0
2018,한라대학교 ,3700.0,96.5
2018,한림대학교 ,7125.0,100.1
2018,한서대학교 ,6463.0,98.5
2018,한성대학교 ,5935.0,99.5
2018,한세대학교 ,2336.0,106.5
2018,한신대학교 ,4741.0,100.2
2018,한양대학교 ,11647.0,105.29999999999998
2018,한양대학교(ERICA) _분교,7534.0,102.5
2018,한일장신대학교 ,926.0,82.5
2018,협성대학교 ,4164.0,93.5
2018,호남대학교 ,6248.0,100.9
2018,호남신학대학교 ,636.0,83.2
2018,호서대학교 ,11704.0,92.1
2018,호원대학교 ,5022.0,90.1
2018,홍익대학교 ,9840.0,103.1
2018,홍익대학교 _제2캠퍼스,5566.0,96.4
2018,화성의과학대학교 ,1095.0,57.4
2019,가야대학교(김해) ,2536.0,89.0
2019,가천대학교 ,15364.0,106.0
2019,가톨릭관동대학교 ,8588.0,86.5
2019,가톨릭꽃동네대학교 ,432.0,99.1
2019,가톨릭대학교 ,6028.0,105.7
2019,가톨릭대학교 _제2캠퍼스,757.0,99.20000000000002
2019,가톨릭대학교 _제3캠퍼스,220.0,80.9
2019,감리교신학대학교 ,800.0,99.1
2019,강남대학교 ,6030.0,101.9
2019,강서대학교 ,1174.0,104.5
2019,강원대학교 ,12186.0,104.0
2019,강원대학교 _제2캠퍼스,6169.0,88.90000000000002
2019,건국대학교 ,12138.0,107.10000000000001
2019,건국대학교(글로컬) _분교,6442.0,99.5
2019,건양대학교 ,3540.0,96.7
2019,건양대학교 _제2캠퍼스,3435.0,96.4
2019,경기대학교 ,10491.0,100.30000000000001
2019,경기대학교 _제2캠퍼스,1312.0,110.69999999999999
2019,경남대학교 ,11708.0,91.5
2019,경동대학교 ,1570.0,81.3
2019,경동대학교 _제3캠퍼스,3550.0,98.5
2019,경동대학교 _제4캠퍼스,2020.0,96.1
2019,경북대학교 ,18968.0,108.0
2019,경상국립대학교 ,12499.0,103.2
2019,경성대학교 ,11260.0,96.1
2019,경운대학교 ,4762.0,89.2
2019,경인교육대학교 ,2392.0,49.8
2019,경일대학교 ,6387.0,97.4
2019,경희대학교 ,19574.0,106.5
2019,계명대학교 ,18792.0,101.4
2019,고려대학교 ,15448.0,108.5
2019,고려대학교(세종) _분교,5611.0,101.70000000000002
2019,고신대학교 ,3696.0,100.2
2019,공주교육대학교 ,1416.0,97.2
2019,광신대학교 ,523.0,90.1
2019,광운대학교 ,6799.0,102.0
2019,광주가톨릭대학교 ,160.0,47.5
2019,광주과학기술원 ,800.0,96.5
2019,광주교육대학교 ,1304.0,97.1
2019,광주대학교 ,6596.0,97.20000000000002
2019,광주여자대학교 ,3580.0,93.7
2019,국립강릉원주대학교 ,5489.0,96.60000000000001
2019,국립강릉원주대학교 _제2캠퍼스,1963.0,100.1
2019,국립경국대학교 ,5844.0,95.7
2019,국립공주대학교 ,11013.0,102.2
2019,국립군산대학교 ,6978.0,95.1
2019,국립금오공과대학교 ,4880.0,103.6
2019,국립목포대학교 ,6489.0,101.90000000000002
2019,국립목포해양대학교 ,2764.0,89.3
2019,국립부경대학교 ,13175.0,108.7
2019,국립순천대학교 ,6543.0,98.4
2019,국립창원대학교 ,7066.0,102.4
2019,국립한국교통대학교 ,7716.0,98.0
2019,국립한국해양대학교 ,5771.0,99.5
2019,국립한밭대학교 ,7424.0,103.1
2019,국민대학교 ,11530.0,105.6
2019,극동대학교 ,3829.0,91.1
2019,금강대학교 ,545.0,71.4
2019,김천대학교 ,3625.0,81.8
2019,나사렛대학교 ,4871.0,92.8
2019,남부대학교 ,2820.0,91.8
2019,남서울대학교 ,8898.0,95.8
2019,단국대학교 ,9192.0,109.0
2019,단국대학교 _제2캠퍼스,9738.0,104.0
2019,대구가톨릭대학교 ,11797.0,98.29999999999998
2019,대구경북과학기술원 ,860.0,89.8
2019,대구교육대학교 ,1533.0,97.8
2019,대구대학교 ,16326.0,94.1
2019,대구예술대학교 ,1786.0,60.5
2019,대구한의대학교 ,6288.0,94.2
2019,대신대학교 ,473.0,87.8
2019,대전가톨릭대학교 ,160.0,29.4
2019,대전대학교 ,8708.0,97.1
2019,대전신학대학교 ,240.0,40.8
2019,대진대학교 ,7342.0,93.6
2019,덕성여자대학교 ,5111.0,101.4
2019,동국대학교 ,10860.0,104.3
2019,동국대학교(WISE) _분교,7110.0,96.3
2019,동덕여자대학교 ,6188.0,100.4
2019,동명대학교 ,7312.0,98.3
2019,동서대학교 ,9815.0,98.0
2019,동신대학교 ,6304.0,93.40000000000002
2019,동아대학교 ,16470.0,102.2
2019,동양대학교 ,4176.0,93.4
2019,동의대학교 ,14520.0,95.8
2019,디지털서울문화예술대학교 ,3740.0,76.2
2019,루터대학교 ,370.0,93.8
2019,명지대학교 ,5686.0,103.6
2019,명지대학교 _제2캠퍼스,5052.0,104.3
2019,목원대학교 ,7545.0,95.6
2019,목포가톨릭대학교 ,500.0,92.2
2019,배재대학교 ,8266.0,97.8
2019,백석대학교 ,11222.0,96.20000000000002
2019,부산가톨릭대학교 ,3664.0,98.0
2019,부산교육대학교 ,1424.0,99.0
2019,부산대학교 ,17231.0,105.9
2019,부산디지털대학교 ,2785.0,80.6
2019,부산외국어대학교 ,7403.0,99.3
2019,부산장신대학교 ,274.0,79.6
2019,삼육대학교 ,4729.0,105.1
2019,상명대학교 ,5222.0,99.6
2019,상명대학교 _제2캠퍼스,5249.0,101.3
2019,상지대학교 ,7133.0,85.7
2019,서강대학교 ,6322.0,105.3
2019,서경대학교 ,5315.0,98.6
2019,서울과학기술대학교 ,8385.0,111.9
2019,서울교육대학교 ,1420.0,100.1
2019,서울기독대학교 ,582.0,89.2
2019,서울대학교 ,13122.0,114.4
2019,서울디지털대학교 ,10160.0,67.9
2019,서울시립대학교 ,6842.0,118.0
2019,서울신학대학교 ,2084.0,101.1
2019,서울여자대학교 ,6368.0,101.8
2019,서울장신대학교 ,470.0,95.5
2019,서울한영대학교 ,740.0,84.9
2019,서원대학교 ,6513.0,95.2
2019,선문대학교 ,8284.0,93.8
2019,성결대학교 ,4964.0,101.4
2019,성공회대학교 ,2019.0,97.3
2019,성균관대학교 ,13561.0,108.5
2019,성신여자대학교 ,8240.0,99.8
2019,세명대학교 ,7600.0,92.1
2019,세종대학교 ,9323.0,103.5
2019,세한대학교 ,3959.0,95.4
2019,송원대학교 ,3200.0,80.6
2019,수원가톨릭대학교 ,360.0,36.7
2019,수원대학교 ,8784.0,96.8
2019,숙명여자대학교 ,8936.0,101.2
2019,순복음총회신학교 ,340.0,61.2
2019,순천향대학교 ,9655.0,97.4
2019,숭실대학교 ,10730.0,100.3
2019,신경주대학교 ,3048.0,29.0
2019,신라대학교 ,8590.0,92.4
2019,신한대학교 ,1315.0,84.0
2019,신한대학교 _제2캠퍼스,4497.0,90.6
2019,아신대학교 ,748.0,83.4
2019,아주대학교 ,7696.0,109.3
2019,안양대학교 ,4144.0,99.7
2019,안양대학교 _제2캠퍼스,506.0,69.8
2019,연세대학교 ,14166.0,108.5
2019,연세대학교(미래) _분교,6062.0,104.2
2019,영남대학교 ,18730.0,101.4
2019,영남신학대학교 ,470.0,85.1
2019,영산대학교 ,2851.0,97.8
2019,영산대학교 _제2캠퍼스,3181.0,105.3
2019,예수대학교 ,526.0,96.2
2019,예원예술대학교 ,864.0,70.3
2019,예원예술대학교 _제2캠퍼스,396.0,91.20000000000002
2019,용인대학교 ,5723.0,97.4
2019,우석대학교 ,7080.0,93.5
2019,우송대학교 ,8045.0,98.4
2019,울산과학기술원 ,1440.0,133.0
2019,울산대학교 ,11070.0,99.7
2019,원광대학교 ,14796.0,92.9
2019,원광디지털대학교 ,4728.0,86.2
2019,위덕대학교 ,3330.0,86.6
2019,유원대학교 ,4070.0,79.7
2019,을지대학교 ,668.0,99.39999999999999
2019,을지대학교 _제2캠퍼스,3733.0,95.6
2019,이화여자대학교 ,12664.0,108.3
2019,인제대학교 ,8372.0,93.3
2019,인천가톨릭대학교 ,89.0,61.8
2019,인천가톨릭대학교 _제2캠퍼스,603.0,92.5
2019,인천대학교 ,10005.0,105.5
2019,인하대학교 ,13734.0,108.6
2019,장로회신학대학교 ,600.0,98.5
2019,전남대학교 ,13350.0,109.5
2019,전남대학교 _제2캠퍼스,3018.0,87.0
2019,전북대학교 ,15507.0,105.6
2019,전주교육대학교 ,1140.0,98.1
2019,전주대학교 ,10141.0,94.5
2019,정석대학 ,200.0,36.0
2019,제주국제대학교 ,2899.0,39.9
2019,제주대학교 ,8528.0,107.4
2019,조선대학교 ,17981.0,97.5
2019,중부대학교 ,7823.0,94.6
2019,중앙대학교 ,13616.0,105.8
2019,중앙대학교 _제2캠퍼스,4385.0,105.7
2019,중앙승가대학교 ,480.0,29.4
2019,중원대학교 ,4024.0,92.6
2019,진주교육대학교 ,1276.0,98.4
2019,차의과학대학교 ,2088.0,97.2
2019,창신대학교 ,2012.0,92.2
2019,청운대학교 ,5365.0,96.7
2019,청주교육대학교 ,1144.0,97.2
2019,청주대학교 ,10781.0,91.0
2019,초당대학교 ,3104.0,88.7
2019,총신대학교 ,1440.0,99.9
2019,추계예술대학교 ,1118.0,100.6
2019,춘천교육대학교 ,1284.0,98.4
2019,충남대학교 ,14225.0,113.6
2019,충북대학교 ,11438.0,104.39999999999999
2019,칼빈대학교 ,376.0,77.9
2019,평택대학교 ,3489.0,90.7
2019,포항공과대학교 ,1280.0,108.8
2019,한경국립대학교 ,4836.0,99.4
2019,한국공학대학교 ,5520.0,101.1
2019,한국과학기술원 ,3880.0,93.1
2019,한국교원대학교 ,2184.0,104.8
2019,한국기술교육대학교 ,3354.0,112.6
2019,한국방송통신대학교 ,232300.0,41.7
2019,한국성서대학교 ,926.0,104.4
2019,한국예술종합학교 ,2252.0,114.5
2019,한국외국어대학교 ,13508.0,108.59999999999998
2019,한국전통문화대학교 ,560.0,100.5
2019,한국체육대학교 ,2270.0,102.3
2019,한국침례신학대학교 ,1440.0,89.7
2019,한국항공대학교 ,3369.0,103.0
2019,한남대학교 ,10795.0,105.7
2019,한동대학교 ,2922.0,120.2
2019,한라대학교 ,3600.0,96.4
2019,한림대학교 ,6996.0,104.0
2019,한서대학교 ,6414.0,96.0
2019,한성대학교 ,5854.0,100.39999999999999
2019,한세대학교 ,2312.0,105.8
2019,한신대학교 ,4722.0,102.1
2019,한양대학교 ,11530.0,106.8
2019,한양대학교(ERICA) _분교,7478.0,102.7
2019,한일장신대학교 ,906.0,86.6
2019,협성대학교 ,4108.0,93.0
2019,호남대학교 ,6248.0,97.1
2019,호남신학대학교 ,605.0,86.1
2019,호서대학교 ,11607.0,93.4
2019,호원대학교 ,4807.0,90.1
2019,홍익대학교 ,9737.0,103.5
2019,홍익대학교 _제2캠퍼스,5419.0,98.7
2019,화성의과학대학교 ,1048.0,58.6
2020,가야대학교(김해) ,2434.0,82.1
2020,가천대학교 ,15374.0,106.1
2020,가톨릭관동대학교 ,8498.0,88.0
2020,가톨릭꽃동네대학교 ,432.0,100.0
2020,가톨릭대학교 ,5998.0,106.6
2020,가톨릭대학교 _제2캠퍼스,878.0,98.59999999999998
2020,가톨릭대학교 _제3캠퍼스,210.0,104.3
2020,감리교신학대학교 ,800.0,96.3
2020,강남대학교 ,5986.0,101.1
2020,강서대학교 ,1141.0,105.2
2020,강원대학교 ,12139.0,104.5
2020,강원대학교 _제2캠퍼스,6116.0,88.1
2020,건국대학교 ,12138.0,106.89999999999999
2020,건국대학교(글로컬) _분교,6231.0,101.1
2020,건양대학교 ,3485.0,93.8
2020,건양대학교 _제2캠퍼스,3405.0,95.9
2020,경기대학교 ,10447.0,99.9
2020,경기대학교 _제2캠퍼스,1312.0,106.30000000000001
2020,경남대학교 ,11569.0,90.1
2020,경동대학교 ,1000.0,70.3
2020,경동대학교 _제3캠퍼스,3710.0,98.8
2020,경동대학교 _제4캠퍼스,2430.0,93.2
2020,경북대학교 ,19070.0,105.8
2020,경상국립대학교 ,12528.0,102.2
2020,경성대학교 ,11225.0,97.0
2020,경운대학교 ,4736.0,86.5
2020,경인교육대학교 ,2392.0,48.9
2020,경일대학교 ,6356.0,98.20000000000002
2020,경희대학교 ,19686.0,105.4
2020,계명대학교 ,18722.0,100.7
2020,고려대학교 ,15448.0,108.7
2020,고려대학교(세종) _분교,5464.0,104.2
2020,고신대학교 ,3696.0,100.4
2020,공주교육대학교 ,1416.0,94.60000000000001
2020,광신대학교 ,503.0,96.0
2020,광운대학교 ,6770.0,99.0
2020,광주가톨릭대학교 ,160.0,55.6
2020,광주과학기술원 ,800.0,92.6
2020,광주교육대학교 ,1304.0,97.5
2020,광주대학교 ,6592.0,99.3
2020,광주여자대학교 ,3580.0,95.3
2020,국립강릉원주대학교 ,5456.0,97.9
2020,국립강릉원주대학교 _제2캠퍼스,1956.0,99.1
2020,국립경국대학교 ,5824.0,95.3
2020,국립공주대학교 ,10953.0,101.39999999999999
2020,국립군산대학교 ,6940.0,98.0
2020,국립금오공과대학교 ,4850.0,102.1
2020,국립목포대학교 ,6453.0,102.5
2020,국립목포해양대학교 ,2764.0,87.8
2020,국립부경대학교 ,13122.0,107.5
2020,국립순천대학교 ,6502.0,97.9
2020,국립창원대학교 ,7038.0,101.6
2020,국립한국교통대학교 ,7671.0,98.4
2020,국립한국해양대학교 ,5760.0,99.1
2020,국립한밭대학교 ,7409.0,103.9
2020,국민대학교 ,11507.0,104.4
2020,극동대학교 ,3740.0,92.9
2020,금강대학교 ,510.0,75.1
2020,김천대학교 ,3344.0,79.4
2020,나사렛대학교 ,4844.0,93.4
2020,남부대학교 ,2820.0,92.3
2020,남서울대학교 ,8812.0,97.0
2020,단국대학교 ,9150.0,109.3
2020,단국대학교 _제2캠퍼스,9700.0,104.3
2020,대구가톨릭대학교 ,11758.0,98.10000000000001
2020,대구경북과학기술원 ,880.0,86.8
2020,대구교육대학교 ,1532.0,98.0
2020,대구대학교 ,16236.0,93.7
2020,대구예술대학교 ,1753.0,53.3
2020,대구한의대학교 ,6288.0,99.7
2020,대신대학교 ,464.0,86.2
2020,대전가톨릭대학교 ,160.0,27.5
2020,대전대학교 ,8572.0,97.0
2020,대전신학대학교 ,212.0,39.6
2020,대진대학교 ,7252.0,94.2
2020,덕성여자대학교 ,4941.0,102.9
2020,동국대학교 ,10860.0,104.2
2020,동국대학교(WISE) _분교,7135.0,95.5
2020,동덕여자대학교 ,6188.0,101.8
2020,동명대학교 ,7272.0,95.7
2020,동서대학교 ,9720.0,97.6
2020,동신대학교 ,6272.0,90.1
2020,동아대학교 ,16380.0,102.3
2020,동양대학교 ,4144.0,91.0
2020,동의대학교 ,14520.0,93.9
2020,디지털서울문화예술대학교 ,3680.0,75.3
2020,루터대학교 ,355.0,101.7
2020,명지대학교 ,5682.0,99.4
2020,명지대학교 _제2캠퍼스,5052.0,102.6
2020,목원대학교 ,7499.0,95.1
2020,목포가톨릭대학교 ,490.0,98.0
2020,배재대학교 ,8220.0,96.1
2020,백석대학교 ,11160.0,96.6
2020,부산가톨릭대학교 ,3664.0,98.4
2020,부산교육대학교 ,1424.0,99.1
2020,부산대학교 ,17254.0,107.2
2020,부산디지털대학교 ,2765.0,80.6
2020,부산외국어대학교 ,7326.0,99.0
2020,부산장신대학교 ,253.0,85.0
2020,삼육대학교 ,4680.0,105.0
2020,상명대학교 ,5208.0,98.3
2020,상명대학교 _제2캠퍼스,5220.0,98.3
2020,상지대학교 ,7496.0,86.8
2020,서강대학교 ,6296.0,103.0
2020,서경대학교 ,5174.0,98.6
2020,서울과학기술대학교 ,8320.0,110.9
2020,서울교육대학교 ,1420.0,98.9
2020,서울기독대학교 ,557.0,87.8
2020,서울대학교 ,13122.0,114.79999999999998
2020,서울디지털대학교 ,10170.0,72.7
2020,서울시립대학교 ,6788.0,119.6
2020,서울신학대학교 ,2046.0,101.0
2020,서울여자대학교 ,6368.0,102.5
2020,서울장신대학교 ,461.0,97.8
2020,서울한영대학교 ,720.0,88.5
2020,서원대학교 ,6488.0,97.0
2020,선문대학교 ,8239.0,95.2
2020,성결대학교 ,4912.0,102.2
2020,성공회대학교 ,2008.0,99.1
2020,성균관대학교 ,13528.0,107.0
2020,성신여자대학교 ,8240.0,98.5
2020,세명대학교 ,7600.0,95.4
2020,세종대학교 ,9331.0,105.9
2020,세한대학교 ,3798.0,98.2
2020,송원대학교 ,3120.0,87.3
2020,수원가톨릭대학교 ,360.0,32.8
2020,수원대학교 ,8784.0,94.3
2020,숙명여자대학교 ,8848.0,100.9
2020,순복음총회신학교 ,324.0,56.5
2020,순천향대학교 ,9626.0,98.6
2020,숭실대학교 ,10730.0,99.5
2020,신경주대학교 ,3048.0,24.4
2020,신라대학교 ,8590.0,93.6
2020,신한대학교 ,1318.0,90.3
2020,신한대학교 _제2캠퍼스,4494.0,94.4
2020,아신대학교 ,744.0,80.8
2020,아주대학교 ,7674.0,105.7
2020,안양대학교 ,4036.0,103.5
2020,안양대학교 _제2캠퍼스,488.0,66.6
2020,연세대학교 ,14166.0,108.6
2020,연세대학교(미래) _분교,6050.0,103.9
2020,영남대학교 ,18680.0,99.5
2020,영남신학대학교 ,460.0,93.3
2020,영산대학교 ,2765.0,97.4
2020,영산대학교 _제2캠퍼스,3235.0,106.2
2020,예수대학교 ,516.0,98.6
2020,예원예술대학교 ,846.0,77.7
2020,예원예술대학교 _제2캠퍼스,396.0,90.4
2020,용인대학교 ,5656.0,97.9
2020,우석대학교 ,7080.0,95.7
2020,우송대학교 ,8016.0,98.9
2020,울산과학기술원 ,1440.0,126.4
2020,울산대학교 ,11048.0,99.60000000000001
2020,원광대학교 ,14796.0,93.6
2020,원광디지털대학교 ,4795.0,88.7
2020,위덕대학교 ,3255.0,87.6
2020,유원대학교 ,3865.0,89.2
2020,을지대학교 ,668.0,100.0
2020,을지대학교 _제2캠퍼스,3618.0,100.1
2020,이화여자대학교 ,12764.0,106.4
2020,인제대학교 ,9017.0,92.0
2020,인천가톨릭대학교 ,80.0,76.3
2020,인천가톨릭대학교 _제2캠퍼스,598.0,100.8
2020,인천대학교 ,9968.0,105.3
2020,인하대학교 ,13718.0,107.0
2020,장로회신학대학교 ,600.0,98.5
2020,전남대학교 ,13308.0,110.5
2020,전남대학교 _제2캠퍼스,2968.0,80.5
2020,전북대학교 ,15608.0,105.5
2020,전주교육대학교 ,1140.0,98.7
2020,전주대학교 ,10088.0,95.8
2020,정석대학 ,200.0,29.0
2020,제주국제대학교 ,2469.0,36.5
2020,제주대학교 ,8504.0,105.7
2020,조선대학교 ,18152.0,97.6
2020,중부대학교 ,7780.0,94.6
2020,중앙대학교 ,13508.0,107.40000000000002
2020,중앙대학교 _제2캠퍼스,4456.0,102.9
2020,중앙승가대학교 ,480.0,29.0
2020,중원대학교 ,3948.0,95.2
2020,진주교육대학교 ,1276.0,97.5
2020,차의과학대학교 ,2052.0,102.7
2020,창신대학교 ,2000.0,88.1
2020,청운대학교 ,5186.0,97.8
2020,청주교육대학교 ,1144.0,96.3
2020,청주대학교 ,10641.0,94.6
2020,초당대학교 ,3056.0,95.8
2020,총신대학교 ,1414.0,104.1
2020,추계예술대학교 ,1097.0,97.0
2020,춘천교육대학교 ,1284.0,97.2
2020,충남대학교 ,14257.0,112.3
2020,충북대학교 ,11373.0,103.0
2020,칼빈대학교 ,368.0,87.0
2020,평택대학교 ,3420.0,95.8
2020,포항공과대학교 ,1280.0,109.2
2020,한경국립대학교 ,4766.0,99.8
2020,한국공학대학교 ,5520.0,100.3
2020,한국과학기술원 ,3880.0,91.0
2020,한국교원대학교 ,2184.0,103.0
2020,한국기술교육대학교 ,3344.0,108.6
2020,한국방송통신대학교 ,227650.0,40.9
2020,한국성서대학교 ,909.0,104.6
2020,한국예술종합학교 ,2252.0,116.79999999999998
2020,한국외국어대학교 ,13508.0,108.2
2020,한국전통문화대학교 ,560.0,102.9
2020,한국체육대학교 ,2225.0,106.7
2020,한국침례신학대학교 ,1440.0,85.7
2020,한국항공대학교 ,3335.0,104.2
2020,한남대학교 ,10733.0,96.0
2020,한동대학교 ,2916.0,118.7
2020,한라대학교 ,3573.0,98.6
2020,한림대학교 ,6996.0,102.29999999999998
2020,한서대학교 ,6365.0,97.1
2020,한성대학교 ,5832.0,99.7
2020,한세대학교 ,2288.0,103.9
2020,한신대학교 ,4703.0,102.7
2020,한양대학교 ,11481.0,104.1
2020,한양대학교(ERICA) _분교,7447.0,102.7
2020,한일장신대학교 ,886.0,84.8
2020,협성대학교 ,4052.0,92.6
2020,호남대학교 ,6248.0,98.5
2020,호남신학대학교 ,584.0,89.6
2020,호서대학교 ,11562.0,99.70000000000002
2020,호원대학교 ,4634.0,90.1
2020,홍익대학교 ,9629.0,102.1
2020,홍익대학교 _제2캠퍼스,5316.0,101.29999999999998
2020,화성의과학대학교 ,1016.0,54.2
2021,가야대학교(김해) ,4669.0,77.47901049475263
2021,가천대학교 ,30876.0,101.25
2021,가톨릭관동대학교 ,16840.0,78.1
2021,가톨릭꽃동네대학교 ,864.0,91.75
2021,가톨릭대학교 ,12176.0,94.75
2021,가톨릭대학교 _제2캠퍼스,1756.0,98.90000000000002
2021,가톨릭대학교 _제3캠퍼스,400.0,106.0
2021,감리교신학대학교 ,1600.0,86.45
2021,강남대학교 ,11928.0,96.15000000000002
2021,강서대학교 ,2216.0,95.85000000000001
2021,강원대학교 ,24328.0,98.0
2021,강원대학교 _제2캠퍼스,12232.0,82.95
2021,건국대학교 ,24276.0,100.14999999999999
2021,건국대학교(글로컬) _분교,12392.0,96.85000000000001
2021,건양대학교 ,6820.0,86.0
2021,건양대학교 _제2캠퍼스,6780.0,94.15
2021,경기대학교 ,20890.0,95.85
2021,경기대학교 _제2캠퍼스,2624.0,100.30000000000001
2021,경남대학교 ,22782.0,83.89999999999999
2021,경동대학교 ,944.0,56.05
2021,경동대학교 _제3캠퍼스,7486.0,95.65
2021,경동대학교 _제4캠퍼스,5568.0,88.25
2021,경북대학교 ,38140.0,96.9
2021,경상국립대학교 ,25252.0,94.05
2021,경성대학교 ,22450.0,92.0
2021,경운대학교 ,9472.0,84.3
2021,경인교육대학교 ,4784.0,48.699999999999996
2021,경일대학교 ,12712.0,94.0
2021,경희대학교 ,39366.0,98.39999999999999
2021,계명대학교 ,37444.0,97.89999999999999
2021,고려대학교 ,31076.0,97.95
2021,고려대학교(세종) _분교,11016.0,100.10000000000001
2021,고신대학교 ,7392.0,93.55
2021,공주교육대학교 ,2832.0,92.7
2021,광신대학교 ,976.0,90.60000000000001
2021,광운대학교 ,13534.0,95.5
2021,광주가톨릭대학교 ,320.0,47.85
2021,광주과학기술원 ,1600.0,84.15
2021,광주교육대학교 ,2608.0,94.0
2021,광주대학교 ,13200.0,91.05
2021,광주여자대학교 ,7210.0,92.9
2021,국립강릉원주대학교 ,10906.0,87.05000000000001
2021,국립강릉원주대학교 _제2캠퍼스,3918.0,94.9
2021,국립경국대학교 ,11648.0,82.8
2021,국립공주대학교 ,21954.0,94.1
2021,국립군산대학교 ,13880.0,87.25
2021,국립금오공과대학교 ,9698.0,95.0
2021,국립목포대학교 ,12904.0,89.05
2021,국립목포해양대학교 ,5528.0,87.1
2021,국립부경대학교 ,26242.0,98.29999999999998
2021,국립순천대학교 ,13078.0,90.14999999999999
2021,국립창원대학교 ,14074.0,96.25
2021,국립한국교통대학교 ,15342.0,92.6
2021,국립한국해양대학교 ,11384.0,96.19999999999999
2021,국립한밭대학교 ,14816.0,97.05
2021,국민대학교 ,23020.0,100.2
2021,극동대학교 ,7292.0,79.95
2021,금강대학교 ,950.0,51.05
2021,김천대학교 ,6170.0,75.3
2021,나사렛대학교 ,9688.0,85.8
2021,남부대학교 ,5542.0,91.64999999999999
2021,남서울대학교 ,17596.0,90.85000000000001
2021,단국대학교 ,18300.0,102.4
2021,단국대학교 _제2캠퍼스,19400.0,97.25
2021,대구가톨릭대학교 ,23516.0,89.64999999999999
2021,대구경북과학기술원 ,1760.0,75.45
2021,대구교육대학교 ,3064.0,94.14999999999999
2021,대구대학교 ,32472.0,85.14999999999999
2021,대구예술대학교 ,3354.0,44.15
2021,대구한의대학교 ,12576.0,88.3
2021,대신대학교 ,928.0,90.1
2021,대전가톨릭대학교 ,320.0,19.7
2021,대전대학교 ,16894.0,90.75
2021,대전신학대학교 ,368.0,38.85
2021,대진대학교 ,14344.0,89.55
2021,덕성여자대학교 ,9542.0,104.8
2021,동국대학교 ,21720.0,97.4
2021,동국대학교(WISE) _분교,14320.0,89.7
2021,동덕여자대학교 ,12376.0,98.70000000000002
2021,동명대학교 ,14544.0,88.8
2021,동서대학교 ,19192.0,88.4
2021,동신대학교 ,12544.0,83.8
2021,동아대학교 ,32760.0,97.7
2021,동양대학교 ,8088.0,81.89999999999999
2021,동의대학교 ,29040.0,91.35
2021,디지털서울문화예술대학교 ,7400.0,69.3
2021,루터대학교 ,680.0,95.15
2021,명지대학교 ,11364.0,92.4
2021,명지대학교 _제2캠퍼스,10104.0,98.8
2021,목원대학교 ,14906.0,87.35000000000001
2021,목포가톨릭대학교 ,960.0,97.95
2021,배재대학교 ,16440.0,86.3
2021,백석대학교 ,22920.0,91.35
2021,부산가톨릭대학교 ,7328.0,89.75
2021,부산교육대학교 ,2848.0,96.6
2021,부산대학교 ,34619.0,98.54397296282387
2021,부산디지털대학교 ,5560.0,78.05
2021,부산외국어대학교 ,14578.0,86.85000000000001
2021,부산장신대학교 ,430.0,82.05
2021,삼육대학교 ,9288.0,99.5
2021,상명대학교 ,10570.0,91.8
2021,상명대학교 _제2캠퍼스,10564.0,90.95
2021,상지대학교 ,16088.0,73.60000000000001
2021,서강대학교 ,12592.0,93.0
2021,서경대학교 ,10152.0,97.4
2021,서울과학기술대학교 ,16762.0,100.5
2021,서울교육대학교 ,2840.0,95.1
2021,서울기독대학교 ,1088.0,77.85000000000001
2021,서울대학교 ,26284.0,106.75
2021,서울디지털대학교 ,20460.0,73.65
2021,서울시립대학교 ,13732.0,113.5
2021,서울신학대학교 ,3926.0,98.4
2021,서울여자대학교 ,12816.0,95.04999999999998
2021,서울장신대학교 ,904.0,79.45
2021,서울한영대학교 ,1440.0,83.45
2021,서원대학교 ,12976.0,90.39999999999999
2021,선문대학교 ,16484.0,89.4
2021,성결대학교 ,9824.0,98.14999999999999
2021,성공회대학교 ,4016.0,90.30000000000001
2021,성균관대학교 ,27162.0,97.35
2021,성신여자대학교 ,16904.0,95.9
2021,세명대학교 ,15280.0,84.0
2021,세종대학교 ,18838.0,98.25
2021,세한대학교 ,7220.0,90.75
2021,송원대학교 ,6060.0,83.9
2021,수원가톨릭대학교 ,720.0,33.45
2021,수원대학교 ,17436.0,89.2
2021,숙명여자대학교 ,17520.0,96.75
2021,순복음총회신학교 ,616.0,47.400000000000006
2021,순천향대학교 ,19268.0,93.14999999999999
2021,숭실대학교 ,21510.0,96.85
2021,신경주대학교 ,6096.0,17.85
2021,신라대학교 ,17262.0,80.85
2021,신한대학교 ,2642.0,87.85000000000001
2021,신한대학교 _제2캠퍼스,8982.0,92.80000000000001
2021,아신대학교 ,1436.0,69.3
2021,아주대학교 ,15364.0,99.35
2021,안양대학교 ,8072.0,96.69999999999999
2021,안양대학교 _제2캠퍼스,1046.0,48.199999999999996
2021,연세대학교 ,28332.0,98.2
2021,연세대학교(미래) _분교,11806.0,96.45
2021,영남대학교 ,37352.0,95.89999999999999
2021,영남신학대학교 ,920.0,87.4
2021,영산대학교 ,5310.0,81.75
2021,영산대학교 _제2캠퍼스,6690.0,87.95
2021,예수대학교 ,1012.0,99.3
2021,예원예술대학교 ,1614.0,71.0
2021,예원예술대학교 _제2캠퍼스,772.0,87.85
2021,용인대학교 ,10942.0,89.55000000000001
2021,우석대학교 ,14160.0,86.1
2021,우송대학교 ,16032.0,88.85000000000001
2021,울산과학기술원 ,2960.0,105.65
2021,울산대학교 ,22196.0,93.7
2021,원광대학교 ,29592.0,89.0
2021,원광디지털대학교 ,9540.0,86.85
2021,위덕대학교 ,6372.0,78.75
2021,유원대학교 ,7380.0,80.5
2021,을지대학교 ,480.0,99.4
2021,을지대학교 _제2캠퍼스,6974.0,97.10000000000001
2021,을지대학교 _제3캠퍼스,499.0,96.6
2021,이화여자대학교 ,25510.0,101.05
2021,인제대학교 ,17738.0,84.35
2021,인천가톨릭대학교 ,142.0,93.70000000000002
2021,인천가톨릭대학교 _제2캠퍼스,1186.0,99.3
2021,인천대학교 ,19936.0,98.7
2021,인하대학교 ,27796.0,98.89999999999999
2021,장로회신학대학교 ,1200.0,95.7
2021,전남대학교 ,26986.0,103.39999999999999
2021,전남대학교 _제2캠퍼스,6108.0,73.15
2021,전북대학교 ,31340.0,98.15
2021,전주교육대학교 ,2280.0,96.9
2021,전주대학교 ,20276.0,93.25
2021,정석대학 ,400.0,30.0
2021,제주국제대학교 ,4158.0,33.8
2021,제주대학교 ,17040.0,97.45
2021,조선대학교 ,36244.0,91.19999999999999
2021,중부대학교 ,15560.0,84.1
2021,중앙대학교 ,26880.0,100.65
2021,중앙대학교 _제2캠퍼스,9208.0,92.75
2021,중앙승가대학교 ,960.0,25.4
2021,중원대학교 ,7550.0,90.25
2021,진주교육대학교 ,2552.0,97.10000000000001
2021,차의과학대학교 ,4032.0,98.75
2021,창신대학교 ,3950.0,82.5
2021,청운대학교 ,10068.0,84.2
2021,청주교육대학교 ,2288.0,95.80000000000001
2021,청주대학교 ,21134.0,91.15
2021,초당대학교 ,6016.0,93.85
2021,총신대학교 ,2722.0,99.95
2021,추계예술대학교 ,2114.0,97.0
2021,춘천교육대학교 ,2568.0,95.05
2021,충남대학교 ,28749.0,104.3064280496713
2021,충북대학교 ,22780.0,96.85
2021,칼빈대학교 ,720.0,77.8
2021,평택대학교 ,6740.0,88.8
2021,포항공과대학교 ,2560.0,97.0
2021,한경국립대학교 ,9290.0,94.15
2021,한국공학대학교 ,11040.0,99.1
2021,한국과학기술원 ,7760.0,81.3
2021,한국교원대학교 ,4368.0,99.94999999999999
2021,한국기술교육대학교 ,6688.0,99.35000000000001
2021,한국방송통신대학교 ,434000.0,41.15
2021,한국성서대학교 ,1784.0,101.80000000000001
2021,한국예술종합학교 ,4504.0,108.35
2021,한국외국어대학교 ,27016.0,99.95
2021,한국전통문화대학교 ,1120.0,104.95
2021,한국체육대학교 ,4340.0,104.0
2021,한국침례신학대학교 ,2850.0,69.75
2021,한국항공대학교 ,6716.0,96.04999999999998
2021,한남대학교 ,21546.0,89.14999999999999
2021,한동대학교 ,5832.0,114.05000000000001
2021,한라대학교 ,7122.0,83.4
2021,한림대학교 ,14112.0,96.85
2021,한서대학교 ,12632.0,92.60000000000001
2021,한성대학교 ,11664.0,95.25
2021,한세대학교 ,4528.0,98.25
2021,한신대학교 ,9368.0,98.10000000000001
2021,한양대학교 ,23132.0,95.95000000000002
2021,한양대학교(ERICA) _분교,14986.0,96.89999999999999
2021,한일장신대학교 ,1752.0,82.39999999999999
2021,협성대학교 ,8032.0,92.05
2021,호남대학교 ,12496.0,92.45000000000002
2021,호남신학대학교 ,1136.0,83.85000000000001
2021,호서대학교 ,23124.0,92.0
2021,호원대학교 ,9008.0,81.5
2021,홍익대학교 ,19070.0,98.85
2021,홍익대학교 _제2캠퍼스,10458.0,96.25
2021,화성의과학대학교 ,1968.0,43.85
2022,가야대학교(김해) ,4358.0,75.15
2022,가천대학교 ,31470.0,96.9
2022,가톨릭관동대학교 ,16378.0,74.80000000000001
2022,가톨릭꽃동네대학교 ,864.0,86.45
2022,가톨릭대학교 ,12320.0,92.2
2022,가톨릭대학교 _제2캠퍼스,1756.0,97.45
2022,가톨릭대학교 _제3캠퍼스,400.0,98.5
2022,감리교신학대학교 ,1600.0,73.9
2022,강남대학교 ,11928.0,94.7
2022,강서대학교 ,2216.0,93.14999999999999
2022,강원대학교 ,24498.0,96.05
2022,강원대학교 _제2캠퍼스,12038.0,81.5
2022,건국대학교 ,24276.0,99.40000000000002
2022,건국대학교(글로컬) _분교,12432.0,96.05000000000001
2022,건양대학교 ,6624.0,80.89999999999999
2022,건양대학교 _제2캠퍼스,6796.0,94.4
2022,경기대학교 ,20894.0,92.45
2022,경기대학교 _제2캠퍼스,2624.0,95.69999999999999
2022,경남대학교 ,21360.0,84.95
2022,경동대학교 ,626.0,47.599999999999994
2022,경동대학교 _제3캠퍼스,7634.0,89.94999999999999
2022,경동대학교 _제4캠퍼스,5456.0,88.25
2022,경북대학교 ,38110.0,95.85
2022,경상국립대학교 ,27683.0,92.25195246179965
2022,경성대학교 ,22400.0,89.55
2022,경운대학교 ,9472.0,81.44999999999999
2022,경인교육대학교 ,4784.0,47.4
2022,경일대학교 ,12712.0,92.85
2022,경희대학교 ,39506.0,96.89999999999999
2022,계명대학교 ,37474.0,95.65
2022,고려대학교 ,31256.0,97.35000000000001
2022,고려대학교(세종) _분교,11218.0,94.30000000000001
2022,고신대학교 ,7392.0,86.75
2022,공주교육대학교 ,2832.0,89.35000000000001
2022,광신대학교 ,976.0,87.39999999999999
2022,광운대학교 ,13534.0,95.80000000000001
2022,광주가톨릭대학교 ,320.0,37.2
2022,광주과학기술원 ,1600.0,86.6
2022,광주교육대학교 ,2608.0,92.65
2022,광주대학교 ,12882.0,89.1
2022,광주여자대학교 ,7260.0,88.8
2022,국립강릉원주대학교 ,10880.0,85.25
2022,국립강릉원주대학교 _제2캠퍼스,3944.0,95.39999999999999
2022,국립경국대학교 ,11558.0,78.15
2022,국립공주대학교 ,22124.0,92.65
2022,국립군산대학교 ,13880.0,81.15
2022,국립금오공과대학교 ,9722.0,94.19999999999999
2022,국립목포대학교 ,12874.0,85.8
2022,국립목포해양대학교 ,5528.0,86.0
2022,국립부경대학교 ,26242.0,97.64999999999999
2022,국립순천대학교 ,13158.0,86.60000000000001
2022,국립창원대학교 ,14074.0,93.94999999999999
2022,국립한국교통대학교 ,15342.0,91.4
2022,국립한국해양대학교 ,11248.0,97.05
2022,국립한밭대학교 ,14896.0,94.05
2022,국민대학교 ,23220.0,97.35
2022,극동대학교 ,7164.0,73.19999999999999
2022,금강대학교 ,880.0,42.75
2022,김천대학교 ,5740.0,75.3
2022,나사렛대학교 ,9688.0,86.75
2022,남부대학교 ,5444.0,88.8
2022,남서울대학교 ,17568.0,89.10000000000001
2022,단국대학교 ,18300.0,101.4
2022,단국대학교 _제2캠퍼스,19370.0,96.25
2022,대구가톨릭대학교 ,23464.0,86.95
2022,대구경북과학기술원 ,1760.0,83.95
2022,대구교육대학교 ,3064.0,92.29999999999998
2022,대구대학교 ,32054.0,84.5
2022,대구예술대학교 ,3154.0,35.9
2022,대구한의대학교 ,12576.0,85.7
2022,대신대학교 ,928.0,91.4
2022,대전가톨릭대학교 ,320.0,18.45
2022,대전대학교 ,16550.0,92.05
2022,대전신학대학교 ,312.0,33.349999999999994
2022,대진대학교 ,14344.0,90.2
2022,덕성여자대학교 ,9202.0,101.15
2022,동국대학교 ,21876.0,94.54403455842018
2022,동국대학교(WISE) _분교,14418.0,86.80000000000001
2022,동덕여자대학교 ,12436.0,93.95000000000002
2022,동명대학교 ,14184.0,83.30000000000001
2022,동서대학교 ,18518.0,87.55
2022,동신대학교 ,12544.0,83.4
2022,동아대학교 ,32760.0,96.4
2022,동양대학교 ,8012.0,85.8
2022,동의대학교 ,29120.0,89.15
2022,디지털서울문화예술대학교 ,7380.0,69.75
2022,루터대학교 ,680.0,89.15
2022,명지대학교 ,11364.0,94.4
2022,명지대학교 _제2캠퍼스,10104.0,93.25
2022,목원대학교 ,14810.0,86.05
2022,목포가톨릭대학교 ,960.0,97.1
2022,배재대학교 ,16412.0,85.85000000000001
2022,백석대학교 ,23320.0,88.65
2022,부산가톨릭대학교 ,6966.0,91.60000000000001
2022,부산교육대학교 ,2848.0,93.5
2022,부산대학교 ,34670.0,97.5
2022,부산디지털대학교 ,5610.0,75.9
2022,부산외국어대학교 ,14198.0,82.39999999999999
2022,부산장신대학교 ,360.0,75.25
2022,삼육대학교 ,9258.0,99.2
2022,상명대학교 ,10724.0,90.45
2022,상명대학교 _제2캠퍼스,10688.0,92.2
2022,상지대학교 ,16910.0,66.35
2022,서강대학교 ,12592.0,93.9
2022,서경대학교 ,10152.0,96.65
2022,서울과학기술대학교 ,16942.0,99.64999999999999
2022,서울교육대학교 ,2840.0,91.25
2022,서울기독대학교 ,1088.0,68.85000000000001
2022,서울대학교 ,26364.0,106.5
2022,서울디지털대학교 ,20640.0,73.85
2022,서울시립대학교 ,13812.0,108.45000000000002
2022,서울신학대학교 ,3836.0,95.4
2022,서울여자대학교 ,12922.0,93.15
2022,서울장신대학교 ,886.0,68.4
2022,서울한영대학교 ,1440.0,78.9
2022,서원대학교 ,12976.0,89.7
2022,선문대학교 ,16484.0,91.25
2022,성결대학교 ,9824.0,97.39999999999999
2022,성공회대학교 ,4016.0,86.19999999999999
2022,성균관대학교 ,27120.0,96.65
2022,성신여자대학교 ,17248.0,90.60000000000001
2022,세명대학교 ,15160.0,80.65
2022,세종대학교 ,18990.0,97.05
2022,세한대학교 ,6924.0,90.0
2022,송원대학교 ,5860.0,88.35
2022,수원가톨릭대학교 ,720.0,31.8
2022,수원대학교 ,17304.0,88.7
2022,숙명여자대학교 ,17440.0,94.85
2022,순복음총회신학교 ,578.0,41.35
2022,순천향대학교 ,19268.0,93.39999999999999
2022,숭실대학교 ,21560.0,96.75
2022,신경주대학교 ,6096.0,16.049999999999997
2022,신라대학교 ,16660.0,76.9
2022,신한대학교 ,2612.0,87.2
2022,신한대학교 _제2캠퍼스,8916.0,92.65
2022,아신대학교 ,1384.0,54.25
2022,아주대학교 ,15344.0,100.5
2022,안양대학교 ,8072.0,96.30000000000001
2022,안양대학교 _제2캠퍼스,1086.0,51.35
2022,연세대학교 ,28352.0,100.25
2022,연세대학교(미래) _분교,11512.0,96.5
2022,영남대학교 ,37282.0,94.85000000000001
2022,영남신학대학교 ,920.0,74.9
2022,영산대학교 ,5080.0,78.85
2022,영산대학교 _제2캠퍼스,6732.0,86.6
2022,예수대학교 ,974.0,97.65
2022,예원예술대학교 ,1572.0,71.35
2022,예원예술대학교 _제2캠퍼스,752.0,83.15
2022,용인대학교 ,10660.0,91.25
2022,우석대학교 ,14120.0,81.3
2022,우송대학교 ,16032.0,89.95
2022,울산과학기술원 ,3040.0,94.5
2022,울산대학교 ,22228.0,90.60000000000001
2022,원광대학교 ,28920.0,83.7
2022,원광디지털대학교 ,9520.0,87.8
2022,위덕대학교 ,6234.0,75.35000000000001
2022,유원대학교 ,7190.0,83.6
2022,을지대학교 ,480.0,98.95
2022,을지대학교 _제2캠퍼스,6864.0,89.89999999999999
2022,을지대학교 _제3캠퍼스,1168.0,93.39999999999999
2022,이화여자대학교 ,25494.0,98.4
2022,인제대학교 ,17108.0,80.89999999999999
2022,인천가톨릭대학교 ,61.0,90.2
2022,인천가톨릭대학교 _제2캠퍼스,1206.0,96.25
2022,인천대학교 ,19936.0,98.85
2022,인하대학교 ,28060.0,97.55
2022,장로회신학대학교 ,1200.0,95.15
2022,전남대학교 ,27338.0,101.69999999999999
2022,전남대학교 _제2캠퍼스,6278.0,72.35000000000001
2022,전북대학교 ,31464.0,96.8
2022,전주교육대학교 ,2280.0,92.0
2022,전주대학교 ,20366.0,93.55
2022,정석대학 ,400.0,21.75
2022,제주국제대학교 ,3480.0,28.2
2022,제주대학교 ,17210.0,95.85
2022,조선대학교 ,36106.0,89.95
2022,중부대학교 ,15560.0,80.1
2022,중앙대학교 ,26624.0,98.89999999999999
2022,중앙대학교 _제2캠퍼스,9504.0,90.0
2022,중앙승가대학교 ,960.0,20.65
2022,중원대학교 ,7456.0,86.1
2022,진주교육대학교 ,2552.0,94.64999999999999
2022,차의과학대학교 ,4032.0,97.3
2022,창신대학교 ,3600.0,84.15
2022,청운대학교 ,9884.0,83.64999999999999
2022,청주교육대학교 ,2288.0,94.3
2022,청주대학교 ,21170.0,90.95
2022,초당대학교 ,6016.0,91.35
2022,총신대학교 ,2616.0,97.35000000000001
2022,추계예술대학교 ,2076.0,96.25
2022,춘천교육대학교 ,2568.0,93.85
2022,충남대학교 ,29028.0,101.9
2022,충북대학교 ,22816.0,97.15000000000002
2022,칼빈대학교 ,720.0,83.05
2022,평택대학교 ,6640.0,83.2
2022,포항공과대학교 ,2560.0,93.8
2022,한경국립대학교 ,9048.0,95.45000000000002
2022,한국공학대학교 ,11040.0,99.85
2022,한국과학기술원 ,7760.0,82.35
2022,한국교원대학교 ,4368.0,95.85
2022,한국기술교육대학교 ,6688.0,102.25
2022,한국방송통신대학교 ,431100.0,38.05
2022,한국성서대학교 ,1784.0,98.85
2022,한국에너지공과대학교 ,100.0,93.0
2022,한국예술종합학교 ,4504.0,109.2
2022,한국외국어대학교 ,27016.0,95.60000000000001
2022,한국전통문화대학교 ,1120.0,96.9
2022,한국체육대학교 ,4320.0,101.9
2022,한국침례신학대학교 ,2660.0,67.3
2022,한국항공대학교 ,6864.0,99.55
2022,한남대학교 ,21706.0,92.14999999999999
2022,한동대학교 ,5832.0,113.4
2022,한라대학교 ,7098.0,76.9
2022,한림대학교 ,14232.0,94.2
2022,한서대학교 ,12632.0,91.25
2022,한성대학교 ,11664.0,97.3
2022,한세대학교 ,4528.0,97.60000000000001
2022,한신대학교 ,9368.0,96.89999999999999
2022,한양대학교 ,23334.0,94.65
2022,한양대학교(ERICA) _분교,15104.0,96.6
2022,한일장신대학교 ,1752.0,83.5
2022,협성대학교 ,8032.0,89.9
2022,호남대학교 ,12496.0,93.3
2022,호남신학대학교 ,1068.0,87.9
2022,호서대학교 ,23124.0,91.35
2022,호원대학교 ,8978.0,79.25
2022,홍익대학교 ,19164.0,99.25
2022,홍익대학교 _제2캠퍼스,10450.0,92.7
2022,화성의과학대학교 ,1968.0,35.349999999999994
2023,가야대학교(김해) ,4012.0,75.75
2023,가천대학교 ,32307.0,96.94967035007893
2023,가톨릭관동대학교 ,15496.0,68.75
2023,가톨릭꽃동네대학교 ,864.0,89.5
2023,가톨릭대학교 ,12464.0,92.05
2023,가톨릭대학교 _제2캠퍼스,1756.0,96.90000000000002
2023,가톨릭대학교 _제3캠퍼스,400.0,93.5
2023,감리교신학대학교 ,1508.0,75.0
2023,강남대학교 ,11928.0,95.65000000000002
2023,강서대학교 ,2216.0,93.9
2023,강원대학교 ,24792.0,98.14999999999999
2023,강원대학교 _제2캠퍼스,11718.0,81.75
2023,건국대학교 ,24276.0,101.0
2023,건국대학교(글로컬) _분교,12472.0,98.44999999999999
2023,건양대학교 ,6388.0,83.8
2023,건양대학교 _제2캠퍼스,6852.0,95.05000000000001
2023,경기대학교 ,20894.0,97.94999999999999
2023,경기대학교 _제2캠퍼스,2624.0,104.20000000000002
2023,경남대학교 ,19730.0,86.6
2023,경동대학교 ,308.0,57.099999999999994
2023,경동대학교 _제3캠퍼스,7674.0,88.15
2023,경동대학교 _제4캠퍼스,5274.0,87.10000000000001
2023,경북대학교 ,38200.0,98.05
2023,경상국립대학교 ,30010.0,89.5
2023,경성대학교 ,22290.0,89.55
2023,경운대학교 ,9472.0,85.45
2023,경인교육대학교 ,4784.0,45.300000000000004
2023,경일대학교 ,12646.0,92.70000000000002
2023,경희대학교 ,39646.0,96.5
2023,계명대학교 ,37444.0,95.14999999999999
2023,고려대학교 ,31426.0,99.85
2023,고려대학교(세종) _분교,11420.0,93.35
2023,고신대학교 ,7342.0,80.7
2023,공주교육대학교 ,2832.0,88.55
2023,광신대학교 ,976.0,86.0
2023,광운대학교 ,13534.0,93.94999999999999
2023,광주가톨릭대학교 ,320.0,36.3
2023,광주과학기술원 ,1600.0,96.5
2023,광주교육대학교 ,2608.0,91.30000000000001
2023,광주대학교 ,12244.0,83.55
2023,광주여자대학교 ,7264.0,83.69999999999999
2023,국립강릉원주대학교 ,10582.0,85.55000000000001
2023,국립강릉원주대학교 _제2캠퍼스,3936.0,96.55
2023,국립경국대학교 ,11386.0,77.7
2023,국립공주대학교 ,22262.0,91.10373731021471
2023,국립군산대학교 ,13776.0,80.6
2023,국립금오공과대학교 ,9738.0,90.8
2023,국립목포대학교 ,12512.0,82.8
2023,국립목포해양대학교 ,5464.0,85.5
2023,국립부경대학교 ,26242.0,98.60000000000001
2023,국립순천대학교 ,13198.0,86.69999999999999
2023,국립창원대학교 ,14074.0,94.3
2023,국립한국교통대학교 ,15342.0,91.14999999999999
2023,국립한국해양대학교 ,11112.0,98.44999999999999
2023,국립한밭대학교 ,14976.0,94.95
2023,국민대학교 ,23430.0,98.05
2023,극동대학교 ,7070.0,67.85
2023,금강대학교 ,880.0,38.85
2023,김천대학교 ,5362.0,73.7
2023,나사렛대학교 ,9688.0,85.8
2023,남부대학교 ,5268.0,88.39999999999999
2023,남서울대학교 ,17540.0,87.65
2023,단국대학교 ,18300.0,101.35
2023,단국대학교 _제2캠퍼스,19340.0,97.1
2023,대구가톨릭대학교 ,22630.0,86.9
2023,대구경북과학기술원 ,1760.0,90.8
2023,대구교육대학교 ,3064.0,92.04999999999998
2023,대구대학교 ,31580.0,83.25
2023,대구예술대학교 ,2954.0,27.25
2023,대구한의대학교 ,12516.0,85.35
2023,대신대학교 ,928.0,87.85000000000001
2023,대전가톨릭대학교 ,320.0,21.3
2023,대전대학교 ,16104.0,91.05000000000001
2023,대전신학대학교 ,256.0,32.0
2023,대진대학교 ,14164.0,89.05
2023,덕성여자대학교 ,8960.0,104.95
2023,동국대학교 ,22032.0,94.9
2023,동국대학교(WISE) _분교,14494.0,84.35
2023,동덕여자대학교 ,12496.0,93.5
2023,동명대학교 ,13784.0,84.19999999999999
2023,동서대학교 ,17836.0,86.8
2023,동신대학교 ,12356.0,79.89999999999999
2023,동아대학교 ,32770.0,96.6
2023,동양대학교 ,7936.0,87.15
2023,동의대학교 ,28964.0,87.64999999999999
2023,디지털서울문화예술대학교 ,7360.0,67.65
2023,루터대학교 ,680.0,94.4
2023,명지대학교 ,11098.0,96.5
2023,명지대학교 _제2캠퍼스,10104.0,95.45
2023,목원대학교 ,14700.0,86.65
2023,목포가톨릭대학교 ,960.0,98.95
2023,배재대학교 ,16012.0,86.55000000000001
2023,백석대학교 ,23520.0,87.05
2023,부산가톨릭대학교 ,6548.0,90.1
2023,부산교육대학교 ,2848.0,91.14999999999999
2023,부산대학교 ,34750.0,99.55
2023,부산디지털대학교 ,5640.0,72.25
2023,부산외국어대학교 ,13512.0,83.4
2023,부산장신대학교 ,290.0,87.2
2023,삼육대학교 ,9236.0,100.15
2023,상명대학교 ,10878.0,91.5
2023,상명대학교 _제2캠퍼스,10812.0,91.2
2023,상지대학교 ,17012.0,66.15
2023,서강대학교 ,12648.0,96.14999999999999
2023,서경대학교 ,10232.0,95.6
2023,서울과학기술대학교 ,17104.0,97.9
2023,서울교육대학교 ,2840.0,87.0
2023,서울기독대학교 ,1088.0,70.05000000000001
2023,서울대학교 ,26444.0,110.19999999999999
2023,서울디지털대학교 ,20500.0,71.9
2023,서울시립대학교 ,13872.0,109.75
2023,서울신학대학교 ,3746.0,94.80000000000001
2023,서울여자대학교 ,13078.0,92.10000000000001
2023,서울장신대학교 ,868.0,58.300000000000004
2023,서울한영대학교 ,1440.0,74.0
2023,서원대학교 ,12976.0,89.05
2023,선문대학교 ,16484.0,90.45
2023,성결대학교 ,9824.0,98.10000000000001
2023,성공회대학교 ,4016.0,89.94999999999999
2023,성균관대학교 ,27054.0,100.6
2023,성신여자대학교 ,17518.0,92.25
2023,세명대학교 ,14606.0,79.2
2023,세종대학교 ,19074.0,99.69999999999999
2023,세한대학교 ,6730.0,82.85
2023,송원대학교 ,5630.0,82.95
2023,수원가톨릭대학교 ,720.0,31.25
2023,수원대학교 ,17172.0,89.35
2023,숙명여자대학교 ,17420.0,97.4
2023,순복음총회신학교 ,536.0,41.25
2023,순천향대학교 ,19268.0,97.25
2023,숭실대학교 ,21610.0,99.55
2023,신경주대학교 ,6178.0,19.25
2023,신라대학교 ,15820.0,74.35
2023,신한대학교 ,2220.0,85.8
2023,신한대학교 _제2캠퍼스,9212.0,92.5
2023,아신대학교 ,1272.0,50.15
2023,아주대학교 ,15430.0,100.25
2023,안양대학교 ,8018.0,97.1
2023,안양대학교 _제2캠퍼스,1140.0,49.3
2023,연세대학교 ,28400.0,104.4
2023,연세대학교(미래) _분교,11218.0,99.59999999999998
2023,영남대학교 ,37212.0,95.65
2023,영남신학대학교 ,920.0,66.75
2023,영산대학교 ,2375.0,80.9
2023,영산대학교 _제2캠퍼스,3362.0,90.0
2023,예수대학교 ,956.0,94.54999999999998
2023,예원예술대학교 ,1442.0,70.1
2023,예원예술대학교 _제2캠퍼스,732.0,76.9
2023,용인대학교 ,10378.0,95.55
2023,우석대학교 ,13624.0,78.5
2023,우송대학교 ,16032.0,91.3
2023,울산과학기술원 ,3120.0,95.0
2023,울산대학교 ,22218.0,91.0
2023,원광대학교 ,27910.0,85.55
2023,원광디지털대학교 ,9500.0,85.9
2023,위덕대학교 ,5784.0,75.5
2023,유원대학교 ,7000.0,84.25
2023,을지대학교 ,480.0,103.55
2023,을지대학교 _제2캠퍼스,6754.0,98.64999999999999
2023,을지대학교 _제3캠퍼스,1338.0,91.35
2023,이화여자대학교 ,25534.0,100.65
2023,인제대학교 ,15968.0,83.5
2023,인천가톨릭대학교 ,114.0,79.80000000000001
2023,인천가톨릭대학교 _제2캠퍼스,1212.0,91.05000000000001
2023,인천대학교 ,19936.0,100.7
2023,인하대학교 ,28454.0,98.30000000000001
2023,장로회신학대학교 ,1200.0,97.35
2023,전남대학교 ,27726.0,101.5
2023,전남대학교 _제2캠퍼스,6388.0,71.7
2023,전북대학교 ,31588.0,97.35
2023,전주교육대학교 ,2280.0,89.7
2023,전주대학교 ,20386.0,88.8
2023,정석대학 ,400.0,12.75
2023,제주국제대학교 ,2960.0,22.05
2023,제주대학교 ,17420.0,95.4
2023,조선대학교 ,35968.0,90.3
2023,중부대학교 ,15190.0,81.65
2023,중앙대학교 ,26572.0,99.7
2023,중앙대학교 _제2캠퍼스,9584.0,92.05
2023,중앙승가대학교 ,960.0,14.9
2023,중원대학교 ,7036.0,82.75
2023,진주교육대학교 ,2552.0,90.45
2023,차의과학대학교 ,4032.0,96.05
2023,창신대학교 ,3250.0,92.8
2023,청운대학교 ,9560.0,83.9
2023,청주교육대학교 ,2288.0,91.65
2023,청주대학교 ,21204.0,91.2
2023,초당대학교 ,5946.0,82.95
2023,총신대학교 ,2510.0,96.7
2023,추계예술대학교 ,2038.0,98.19999999999999
2023,춘천교육대학교 ,2568.0,92.25
2023,충남대학교 ,29296.0,103.69300245767339
2023,충북대학교 ,22852.0,97.75
2023,칼빈대학교 ,720.0,75.8
2023,평택대학교 ,6540.0,86.0
2023,포항공과대학교 ,2600.0,98.08769230769231
2023,한경국립대학교 ,9186.0,97.95
2023,한국공학대학교 ,11040.0,100.05
2023,한국과학기술원 ,7760.0,86.15
2023,한국교원대학교 ,4368.0,95.05000000000001
2023,한국기술교육대학교 ,6688.0,101.5
2023,한국방송통신대학교 ,440400.0,35.6
2023,한국성서대학교 ,1784.0,98.35
2023,한국에너지공과대학교 ,400.0,87.5
2023,한국예술종합학교 ,3925.0,129.012025477707
2023,한국외국어대학교 ,27016.0,97.8
2023,한국전통문화대학교 ,1120.0,93.2
2023,한국체육대학교 ,4300.0,102.8
2023,한국침례신학대학교 ,2304.0,66.0
2023,한국항공대학교 ,6952.0,96.0
2023,한남대학교 ,21786.0,91.55
2023,한동대학교 ,5832.0,111.9
2023,한라대학교 ,7122.0,75.05000000000001
2023,한림대학교 ,14352.0,94.05000000000001
2023,한서대학교 ,12572.0,90.54999999999998
2023,한성대학교 ,11664.0,97.6
2023,한세대학교 ,4528.0,98.89999999999999
2023,한신대학교 ,9348.0,99.29999999999998
2023,한양대학교 ,23538.0,97.4
2023,한양대학교(ERICA) _분교,15220.0,96.75
2023,한일장신대학교 ,1752.0,81.79999999999998
2023,협성대학교 ,8032.0,88.65
2023,호남대학교 ,12376.0,87.75
2023,호남신학대학교 ,1028.0,80.64999999999999
2023,호서대학교 ,23124.0,94.0
2023,호원대학교 ,8912.0,77.35
2023,홍익대학교 ,19264.0,99.55
2023,홍익대학교 _제2캠퍼스,10448.0,95.55
2023,화성의과학대학교 ,1968.0,36.3
